frame,time_sec,kp0_x,kp0_y,kp0_c,kp1_x,kp1_y,kp1_c,kp2_x,kp2_y,kp2_c,kp3_x,kp3_y,kp3_c,kp4_x,kp4_y,kp4_c,kp5_x,kp5_y,kp5_c,kp6_x,kp6_y,kp6_c,kp7_x,kp7_y,kp7_c,kp8_x,kp8_y,kp8_c,kp9_x,kp9_y,kp9_c,kp10_x,kp10_y,kp10_c,kp11_x,kp11_y,kp11_c,kp12_x,kp12_y,kp12_c,kp13_x,kp13_y,kp13_c,kp14_x,kp14_y,kp14_c
1,0.0333667,904,272,0.898899,920,248,0.886006,888,256,0.872702,816,336,0.838966,768,472,0.653675,832,520,0.391641,992,320,0.81318,1032,408,0.324263,0,0,0,864,584,0.558975,912,728,0.210534,0,0,0,992,552,0.590383,0,0,0,0,0,0
5,0.166833,904,272,0.911216,920,248,0.909896,888,248,0.885152,816,336,0.866603,768,480,0.750436,832,520,0.489893,992,320,0.861427,1032,408,0.362368,1048,480,0.113203,864,584,0.678613,912,744,0.279448,0,0,0,992,560,0.63646,0,0,0,0,0,0
10,0.333667,904,272,0.913322,920,248,0.91154,888,256,0.87091,816,336,0.875535,776,480,0.720892,840,536,0.400715,992,312,0.866915,1032,408,0.399073,1056,480,0.112366,864,584,0.638258,920,744,0.239769,0,0,0,1000,552,0.606521,1040,712,0.102641,0,0,0
15,0.5005,0,0,0,0,0,0,888,248,0.103371,0,0,0,0,0,0,0,0,0,0,0,0,0,0,0,0,0,0,0,0,0,0,0,0,0,0,0,0,0,0,0,0,0,0,0,0
20,0.667333,0,0,0,0,0,0,0,0,0,0,0,0,0,0,0,0,0,0,0,0,0,0,0,0,0,0,0,0,0,0,0,0,0,0,0,0,0,0,0,0,0,0,0,0,0
25,0.834167,0,0,0,0,0,0,0,0,0,0,0,0,0,0,0,0,0,0,0,0,0,0,0,0,0,0,0,0,0,0,0,0,0,0,0,0,0,0,0,0,0,0,0,0,0
30,1.001,0,0,0,0,0,0,0,0,0,0,0,0,0,0,0,0,0,0,0,0,0,0,0,0,0,0,0,0,0,0,0,0,0,0,0,0,0,0,0,0,0,0,0,0,0
35,1.16783,0,0,0,0,0,0,0,0,0,0,0,0,0,0,0,0,0,0,0,0,0,0,0,0,0,0,0,0,0,0,0,0,0,0,0,0,0,0,0,0,0,0,0,0,0
40,1.33467,0,0,0,0,0,0,0,0,0,0,0,0,0,0,0,0,0,0,0,0,0,0,0,0,0,0,0,0,0,0,0,0,0,0,0,0,0,0,0,0,0,0,0,0,0
45,1.5015,0,0,0,0,0,0,0,0,0,0,0,0,0,0,0,0,0,0,0,0,0,0,0,0,0,0,0,0,0,0,0,0,0,0,0,0,0,0,0,0,0,0,0,0,0
50,1.66833,0,0,0,0,0,0,0,0,0,0,0,0,0,0,0,0,0,0,0,0,0,0,0,0,0,0,0,0,0,0,0,0,0,0,0,0,0,0,0,0,0,0,0,0,0
55,1.83517,0,0,0,0,0,0,0,0,0,0,0,0,0,0,0,0,0,0,0,0,0,0,0,0,0,0,0,0,0,0,0,0,0,0,0,0,0,0,0,0,0,0,0,0,0
60,2.002,904,296,0.14558,912,288,0.100509,896,280,0.145668,848,360,0.229607,808,400,0.124811,0,0,0,0,0,0,1040,456,0.202944,0,0,0,888,592,0.424219,952,848,0.224571,0,0,0,1000,584,0.359235,0,0,0,0,0,0
65,2.16883,896,280,0.929919,912,256,0.903769,872,264,0.853918,800,384,0.81862,784,512,0.876003,864,568,0.604536,1008,344,0.733855,1048,432,0.48089,1072,528,0.440479,880,592,0.684117,920,736,0.384764,992,920,0.123615,1008,568,0.632217,1040,728,0.190802,0,0,0
70,2.33567,0,0,0,0,0,0,0,0,0,808,392,0.174983,784,496,0.356901,848,576,0.246635,0,0,0,1008,480,0.101563,0,0,0,864,584,0.234084,928,816,0.383342,960,1032,0.496153,0,0,0,0,0,0,1032,1024,0.112066
75,2.5025,0,0,0,0,0,0,0,0,0,0,0,0,0,0,0,0,0,0,0,0,0,0,0,0,0,0,0,0,0,0,904,872,0.142833,968,1072,0.201826,0,0,0,0,0,0,0,0,0
80,2.66933,888,288,0.587345,896,264,0.595257,872,272,0.644648,800,352,0.83862,760,488,0.874896,832,544,0.684938,992,336,0.798504,1040,416,0.652653,1080,536,0.501783,848,592,0.670446,888,768,0.43914,992,1072,0.106964,1000,576,0.560983,1000,752,0.344916,1048,992,0.127497
85,2.83617,888,304,0.301172,912,296,0.255621,872,304,0.338472,824,352,0.548691,776,448,0.6744,776,520,0.493729,968,352,0.29119,1016,408,0.188711,0,0,0,856,584,0.470905,864,760,0.627596,952,1024,0.598056,992,560,0.33237,1016,816,0.332034,1032,1008,0.290908
90,3.003,880,296,0.38171,896,272,0.319867,864,296,0.419311,816,360,0.594501,768,448,0.618329,768,520,0.47775,976,336,0.291715,1032,400,0.147354,0,0,0,880,568,0.373423,856,768,0.612833,952,1024,0.570667,1008,552,0.191661,1024,832,0.214039,1040,1008,0.251249
95,3.16983,896,592,0.195009,904,592,0.120828,888,592,0.172648,848,608,0.107164,848,672,0.136136,760,496,0.101674,952,608,0.10488,0,0,0,0,0,0,936,776,0.259789,848,760,0.699022,944,1024,0.597718,1024,800,0.132584,1024,864,0.181994,1024,1016,0.187752
100,3.33667,880,296,0.514494,896,280,0.51466,864,288,0.533801,808,368,0.662069,760,488,0.63084,808,528,0.3921,984,352,0.449375,1032,432,0.282279,1040,464,0.14341,856,600,0.641295,848,744,0.759686,952,1016,0.632232,992,592,0.440129,1008,728,0.196111,1048,992,0.16671
105,3.5035,864,288,0.282248,888,272,0.24798,864,280,0.318384,816,344,0.486281,768,424,0.440217,760,488,0.194377,952,344,0.238637,1000,400,0.139067,0,0,0,832,560,0.235306,848,752,0.645474,952,1016,0.531588,0,0,0,0,0,0,1032,1016,0.135591
110,3.67033,880,288,0.756611,896,264,0.739071,864,272,0.739671,800,368,0.80296,768,480,0.767808,824,520,0.330804,992,336,0.904653,1048,432,0.744493,1080,520,0.540326,872,584,0.628205,856,768,0.664445,952,1016,0.631549,1024,552,0.668165,1016,776,0.325255,1032,1008,0.188758
115,3.83717,880,312,0.305531,896,304,0.2259,864,304,0.303123,824,336,0.432405,776,400,0.320655,784,392,0.145163,952,352,0.251465,1008,424,0.159162,0,0,0,832,568,0.263704,856,792,0.532982,952,1024,0.603175,968,560,0.130622,0,0,0,0,0,0
120,4.004,880,320,0.21273,896,312,0.136886,864,312,0.203822,832,352,0.279747,792,440,0.250586,0,0,0,960,352,0.162369,1040,376,0.105874,0,0,0,856,544,0.283238,848,784,0.52358,944,1024,0.629357,968,536,0.119548,0,0,0,0,0,0
125,4.17083,856,288,0.305262,864,272,0.284671,848,280,0.334824,808,336,0.375597,776,408,0.236468,824,552,0.119172,936,320,0.141548,1008,384,0.119474,0,0,0,856,696,0.188995,856,776,0.594663,944,1024,0.599213,0,0,0,0,0,0,0,0,0
130,4.33767,864,288,0.807315,872,272,0.806108,848,280,0.830836,816,352,0.872437,800,448,0.378878,800,440,0.236999,1000,344,0.808643,1088,456,0.611529,1008,536,0.479238,864,584,0.586437,856,760,0.819901,952,1024,0.742597,1048,576,0.545926,1120,712,0.174297,0,0,0
135,4.5045,880,296,0.736151,888,280,0.709016,864,288,0.75555,816,344,0.853386,776,432,0.369732,848,488,0.214633,1016,336,0.805766,1104,472,0.650043,1000,528,0.530652,888,576,0.563915,864,760,0.692212,952,1024,0.70498,1064,584,0.597677,1128,712,0.142698,0,0,0
140,4.67133,880,280,0.60871,896,272,0.573587,872,272,0.650393,824,344,0.584298,800,392,0.248956,976,520,0.152231,1000,344,0.538888,1072,424,0.35787,1048,416,0.181047,896,568,0.353079,856,752,0.780164,952,1024,0.731745,1048,544,0.488685,1024,792,0.221149,1056,960,0.224298
145,4.83817,888,296,0.879769,904,272,0.837684,872,272,0.811795,816,352,0.815656,776,464,0.390392,824,520,0.261732,1024,344,0.928828,1104,472,0.852308,984,528,0.663788,856,608,0.591521,856,744,0.775775,952,1024,0.75231,1048,600,0.705158,1008,776,0.459145,1040,1016,0.258212
150,5.005,896,288,0.831384,904,272,0.816067,880,264,0.804022,816,352,0.752825,776,456,0.349923,824,536,0.13923,1016,344,0.854915,1088,480,0.852378,976,544,0.611768,872,616,0.599129,856,744,0.721789,952,1032,0.740936,1048,592,0.737142,1024,792,0.407627,1048,1024,0.28009
155,5.17183,912,280,0.872133,928,264,0.80505,888,264,0.882817,816,344,0.867497,776,472,0.518911,808,456,0.493524,1016,344,0.892671,1072,456,0.701954,1080,536,0.405948,872,592,0.715185,856,736,0.818559,952,1024,0.73669,1032,584,0.74062,1008,784,0.49127,1040,1008,0.327623
160,5.33867,896,296,0.502838,920,288,0.445332,888,288,0.541818,832,344,0.517266,808,440,0.26895,824,520,0.176002,1008,360,0.413094,1072,480,0.352322,968,512,0.234764,888,568,0.299107,872,768,0.361628,952,1024,0.591132,1032,576,0.428553,1016,792,0.274671,1048,1016,0.229706
165,5.5055,904,296,0.610673,912,280,0.559309,888,288,0.652624,840,352,0.665494,816,488,0.440614,912,496,0.417623,1008,344,0.644425,1080,480,0.532089,952,496,0.268435,904,632,0.497852,880,784,0.36136,952,1016,0.536385,1032,576,0.592292,1016,808,0.358191,1056,1016,0.159192
170,5.67233,904,288,0.254568,920,280,0.204733,896,280,0.279392,872,352,0.286576,848,472,0.287178,912,488,0.383045,1008,352,0.381248,1072,456,0.361375,1064,496,0.228706,904,664,0.401012,864,760,0.480862,952,1016,0.600164,1032,576,0.396557,1000,768,0.378363,1040,992,0.427964
175,5.83917,792,496,0.165073,800,496,0.165011,888,264,0.150958,856,336,0.161141,808,480,0.154525,0,0,0,824,504,0.133932,848,472,0.106117,0,0,0,848,688,0.295862,856,760,0.587907,944,1016,0.540197,0,0,0,0,0,0,1016,992,0.116221
180,6.006,792,432,0.240558,800,472,0.196563,792,440,0.217125,800,432,0.162411,792,480,0.233987,792,488,0.109544,832,496,0.153831,848,472,0.113091,0,0,0,848,688,0.336191,856,768,0.724876,952,1024,0.625553,968,696,0.121588,1024,808,0.125529,1024,992,0.113491
185,6.17283,800,416,0.201286,808,408,0.159817,800,424,0.199064,832,480,0.232437,808,472,0.299197,864,456,0.299916,928,496,0.162342,1032,472,0.16085,0,0,0,864,680,0.552172,864,768,0.733416,952,1024,0.64224,984,656,0.419172,1000,784,0.392259,1040,984,0.445876
190,6.33967,808,456,0.264371,816,440,0.220681,800,432,0.266236,800,488,0.205114,808,480,0.225931,832,496,0.138815,808,480,0.181603,800,480,0.120994,0,0,0,840,664,0.371955,864,784,0.569388,952,1016,0.588412,952,680,0.148696,1000,784,0.125741,0,0,0
195,6.5065,808,456,0.288176,816,456,0.274558,808,456,0.289019,808,504,0.159196,816,472,0.181724,0,0,0,832,496,0.148407,808,464,0.110387,0,0,0,848,688,0.328343,856,768,0.646529,944,1024,0.579784,952,696,0.11302,1008,800,0.15725,1016,1000,0.11994
200,6.67333,808,440,0.295671,816,440,0.244713,808,440,0.337367,808,480,0.243347,808,480,0.375186,856,448,0.230887,1000,328,0.256768,1040,424,0.198235,0,0,0,864,672,0.557866,856,760,0.772581,944,1016,0.653342,984,656,0.461596,992,784,0.464255,1040,984,0.428907
205,6.84017,808,472,0.32624,816,464,0.319611,800,464,0.335174,800,504,0.237062,824,480,0.204766,832,496,0.11289,832,496,0.193843,0,0,0,0,0,0,856,688,0.443647,856,768,0.722256,944,1024,0.593736,976,696,0.245552,1008,800,0.312077,1032,992,0.367322
210,7.007,888,288,0.478146,904,272,0.400121,880,272,0.46881,856,352,0.444793,800,480,0.264952,824,480,0.153813,1000,344,0.41164,1048,424,0.301449,1032,432,0.217378,856,672,0.491203,856,760,0.793894,944,1024,0.6421,992,648,0.345469,1000,776,0.350355,1032,984,0.42378
215,7.17383,808,488,0.224677,816,480,0.240862,800,480,0.207888,816,544,0.138017,800,512,0.190153,816,536,0.104302,840,520,0.123377,0,0,0,0,0,0,864,704,0.385479,856,760,0.737087,944,1024,0.633788,968,704,0.248387,1000,816,0.253365,1032,992,0.392767
220,7.34067,808,512,0.116247,808,504,0.121476,808,504,0.111425,0,0,0,792,576,0.114063,0,0,0,0,0,0,0,0,0,0,0,0,880,728,0.235692,856,752,0.641398,944,1024,0.610203,960,736,0.142519,992,744,0.188136,1032,984,0.33215
225,7.5075,952,576,0.12032,0,0,0,952,568,0.104327,832,560,0.139494,800,560,0.125882,0,0,0,888,552,0.145752,960,608,0.1013,0,0,0,928,760,0.227808,856,744,0.763499,944,1024,0.645832,984,752,0.148126,1000,752,0.165809,1032,992,0.362087
230,7.67433,0,0,0,0,0,0,0,0,0,0,0,0,808,536,0.103572,0,0,0,0,0,0,0,0,0,0,0,0,912,744,0.152715,856,752,0.750522,944,1024,0.640453,0,0,0,1000,760,0.151558,1032,992,0.354104
235,7.84117,960,576,0.126908,0,0,0,952,576,0.107642,0,0,0,808,368,0.105392,0,0,0,0,0,0,0,0,0,0,0,0,944,760,0.233603,856,752,0.796084,952,1024,0.681978,0,0,0,1048,792,0.113645,1032,1000,0.273136
240,8.008,904,304,0.575981,920,288,0.49559,888,288,0.583783,832,352,0.720716,816,448,0.411744,880,520,0.363953,1008,344,0.717532,1056,416,0.46712,1080,520,0.384648,904,584,0.439267,864,760,0.600258,952,1024,0.673286,1040,560,0.53078,1056,760,0.268754,1040,1000,0.291551
245,8.17483,912,336,0.645249,928,312,0.622132,888,312,0.676639,824,368,0.765271,800,472,0.389495,888,520,0.460286,1024,336,0.77862,1080,416,0.371212,1080,504,0.242461,896,608,0.57597,872,752,0.712427,952,1024,0.699521,1040,576,0.654238,1040,768,0.411728,1040,1000,0.28827
250,8.34167,912,336,0.631634,928,312,0.6045,888,312,0.641361,816,360,0.759734,776,456,0.346943,864,512,0.210775,1024,336,0.76771,1080,440,0.478415,1064,520,0.378827,880,640,0.57166,864,752,0.820686,952,1024,0.688545,1048,600,0.675563,1040,784,0.431459,1048,1000,0.25097
255,8.5085,904,336,0.679344,920,312,0.652263,888,312,0.730367,816,352,0.753073,784,432,0.356167,856,512,0.236268,1024,336,0.714349,1080,424,0.320938,1080,504,0.223219,904,624,0.472234,864,760,0.711673,952,1024,0.639016,1048,592,0.649841,1040,784,0.386722,1048,1000,0.264676
260,8.67533,888,328,0.176301,888,320,0.111015,872,320,0.176394,848,360,0.198716,784,368,0.166442,912,544,0.19383,0,0,0,0,0,0,0,0,0,936,720,0.163898,856,752,0.743681,952,1024,0.645487,0,0,0,1024,816,0.156672,1040,1000,0.304081
265,8.84217,896,312,0.244887,912,304,0.166408,888,304,0.261928,848,360,0.322432,808,448,0.19341,904,520,0.240157,1000,352,0.176314,1048,440,0.134233,0,0,0,920,680,0.21131,864,752,0.779564,952,1024,0.719893,1040,592,0.213594,1032,824,0.18228,1048,1008,0.318313
270,9.009,920,576,0.180415,936,576,0.147425,904,576,0.168971,0,0,0,888,576,0.115657,0,0,0,976,568,0.129719,0,0,0,0,0,0,952,768,0.259764,864,752,0.714612,952,1024,0.691838,1032,736,0.120904,1040,800,0.162037,1040,1008,0.327861
275,9.17583,904,280,0.737317,920,264,0.759078,888,272,0.784339,824,352,0.744285,784,448,0.321792,864,512,0.208313,1016,352,0.808368,1080,496,0.575644,1064,528,0.289355,888,648,0.478531,856,744,0.799699,952,1024,0.718219,1048,600,0.710875,1056,776,0.456409,1040,1008,0.35742
280,9.34267,904,280,0.718506,920,264,0.740348,888,272,0.759809,824,352,0.764388,792,440,0.368922,856,504,0.329035,1016,352,0.803294,1064,432,0.610529,1088,528,0.721204,888,616,0.386732,864,760,0.634909,960,1032,0.695159,1032,584,0.582434,1032,784,0.33613,1040,1016,0.444719
285,9.5095,896,280,0.542706,912,264,0.533034,888,272,0.574828,824,352,0.684091,800,448,0.399548,880,512,0.412414,1008,344,0.619072,1064,416,0.469578,1080,520,0.530141,880,632,0.357952,864,760,0.723687,960,1032,0.718115,1016,568,0.615757,1024,792,0.389159,1040,1016,0.492691
290,9.67633,912,560,0.296898,920,552,0.305195,904,560,0.304687,856,584,0.278235,880,568,0.311134,880,528,0.233869,960,576,0.182792,920,544,0.129052,0,0,0,936,728,0.260015,864,760,0.712322,960,1032,0.685968,1008,712,0.258633,1024,832,0.374382,1048,1016,0.469075
295,9.84317,920,568,0.214667,944,560,0.180598,904,568,0.207963,880,584,0.163416,848,576,0.184611,1072,536,0.161633,984,600,0.100847,0,0,0,0,0,0,944,736,0.15217,864,760,0.562473,960,1032,0.639343,1016,728,0.120969,1024,832,0.26391,1048,1008,0.416949
300,10.01,896,280,0.375561,912,264,0.345022,888,272,0.405857,848,360,0.484752,840,464,0.310203,880,520,0.44937,1008,344,0.475437,1064,440,0.432984,1080,536,0.42173,904,648,0.296024,864,752,0.668009,952,1024,0.639827,1024,576,0.538807,1024,816,0.366525,1040,1016,0.457072
305,10.1768,920,568,0.225418,920,552,0.167129,904,568,0.237274,872,584,0.160308,848,560,0.184743,888,520,0.261953,1000,344,0.127658,1040,424,0.175562,0,0,0,928,728,0.273737,856,752,0.753583,952,1024,0.635415,1016,688,0.200572,1024,832,0.259282,1040,1008,0.407777
310,10.3437,928,576,0.244491,928,560,0.206901,896,560,0.228094,856,576,0.207069,872,560,0.169656,888,528,0.149225,952,576,0.189137,920,544,0.101044,0,0,0,936,752,0.403698,856,744,0.894105,960,1024,0.634248,1016,728,0.232903,1024,880,0.152622,1048,1016,0.309018
315,10.5105,904,568,0.263261,904,552,0.217866,896,560,0.278947,864,592,0.227205,872,560,0.230897,880,536,0.178137,936,584,0.164443,1048,432,0.119157,0,0,0,928,728,0.305074,856,744,0.831322,952,1024,0.628604,1000,696,0.309217,1024,840,0.255676,1048,1016,0.432268
320,10.6773,904,280,0.383577,912,264,0.351557,896,272,0.42796,840,352,0.503793,840,456,0.262039,888,520,0.454748,1008,352,0.47722,1072,456,0.442495,1056,528,0.439087,920,680,0.355024,856,744,0.836178,952,1024,0.639986,1024,584,0.512754,1024,784,0.389006,1048,1016,0.469434
325,10.8442,912,568,0.257455,928,560,0.198109,904,568,0.272473,880,616,0.174045,872,568,0.206536,0,0,0,976,584,0.168964,0,0,0,0,0,0,936,744,0.390189,856,736,0.806248,952,1032,0.60795,1016,720,0.305831,1032,848,0.231675,1048,1016,0.345592
330,11.011,904,568,0.248079,912,560,0.187229,896,560,0.246485,872,592,0.166982,856,560,0.244538,864,552,0.182855,968,568,0.147523,0,0,0,0,0,0,928,728,0.402454,864,744,0.762744,952,1032,0.640565,1024,712,0.283853,1032,840,0.340135,1048,1024,0.458171
335,11.1778,888,304,0.253034,896,296,0.163104,872,304,0.259668,848,368,0.383158,808,456,0.258918,872,536,0.400469,984,352,0.167734,1040,448,0.248793,1056,528,0.162252,864,576,0.225134,856,720,0.838741,960,1032,0.62763,1016,568,0.356373,1040,784,0.298135,1048,1008,0.381134
340,11.3447,888,560,0.21554,888,544,0.157517,880,552,0.179084,872,584,0.140689,832,592,0.209535,864,560,0.131344,960,560,0.136719,0,0,0,0,0,0,936,736,0.347138,856,728,0.851566,952,1024,0.615812,1016,712,0.245611,1032,872,0.330361,1048,1024,0.403833
345,11.5115,872,312,0.221869,904,304,0.144195,864,304,0.223873,816,360,0.35339,760,424,0.276095,784,408,0.129047,952,376,0.135234,1024,440,0.155352,0,0,0,896,696,0.418164,856,720,0.889899,960,1024,0.583495,1016,688,0.312554,1032,848,0.291801,1048,1024,0.266855
350,11.6783,904,280,0.731463,912,264,0.712759,888,264,0.745451,824,352,0.737291,792,440,0.464079,840,488,0.226564,1000,344,0.742434,1048,408,0.512691,1088,512,0.463365,856,576,0.473892,864,744,0.764102,960,1024,0.637285,1016,560,0.67306,1016,736,0.411538,1056,1024,0.332383
355,11.8452,912,288,0.873189,920,272,0.861937,888,272,0.862524,808,360,0.844956,752,464,0.598348,808,528,0.299317,1016,336,0.876281,1072,456,0.664974,1080,544,0.530305,856,592,0.556628,856,704,0.963135,960,1000,0.735102,1016,568,0.720074,1032,736,0.499526,1048,1024,0.230883
360,12.012,872,544,0.241118,880,536,0.177352,864,544,0.248921,856,568,0.289902,856,664,0.204582,888,560,0.111373,944,552,0.267152,960,552,0.169216,896,576,0.114804,920,728,0.536246,848,688,0.932472,952,984,0.808684,1016,712,0.280564,1032,816,0.261392,1024,960,0.224524
365,12.1788,872,536,0.312118,872,512,0.289754,856,504,0.313721,840,560,0.437975,856,656,0.2293,856,504,0.123696,944,552,0.360096,952,528,0.198255,888,576,0.105154,904,712,0.586865,840,672,0.957409,936,944,0.770404,1000,704,0.352051,1016,840,0.345164,1024,944,0.196332
370,12.3457,888,536,0.189962,888,528,0.1268,872,536,0.197648,856,560,0.260166,856,648,0.230136,864,648,0.108321,960,552,0.237723,960,536,0.188913,928,560,0.107053,920,696,0.527408,832,656,0.979346,928,928,0.805881,1024,696,0.224139,1048,736,0.118253,0,0,0
375,12.5125,880,296,0.187122,872,544,0.149458,856,552,0.206514,840,576,0.163932,872,496,0.193485,896,552,0.122924,920,552,0.155627,944,528,0.199396,0,0,0,904,688,0.281894,824,648,0.815345,920,904,0.737373,936,672,0.174359,0,0,0,952,896,0.105706
380,12.6793,832,568,0.263404,848,560,0.237431,824,576,0.365487,824,592,0.292852,808,696,0.205373,856,680,0.140227,912,552,0.180767,904,520,0.166031,0,0,0,920,696,0.290585,824,632,0.58454,920,872,0.746345,920,672,0.261377,0,0,0,0,0,0
385,12.8462,848,576,0.21801,848,568,0.191529,840,576,0.279687,832,584,0.243954,816,712,0.187021,856,656,0.157882,928,552,0.183494,936,528,0.137356,0,0,0,936,704,0.277648,832,648,0.608388,920,880,0.667497,920,672,0.176641,0,0,0,0,0,0
390,13.013,824,616,0.125421,888,536,0.106305,856,560,0.178621,856,568,0.173362,776,448,0.185644,872,632,0.133469,952,544,0.151855,952,520,0.132515,0,0,0,936,696,0.36632,840,632,0.72204,920,888,0.750441,1040,688,0.131584,0,0,0,0,0,0
395,13.1798,800,408,0.175983,808,408,0.137071,800,416,0.169778,824,416,0.178052,760,432,0.227336,0,0,0,0,0,0,792,400,0.126956,0,0,0,912,688,0.308562,816,632,0.640705,920,880,0.733861,928,680,0.115636,0,0,0,0,0,0
400,13.3467,984,568,0.185928,1000,560,0.15793,856,560,0.204616,864,576,0.234022,768,432,0.239261,896,552,0.101473,960,552,0.218765,960,528,0.23929,928,560,0.135613,936,696,0.398209,824,632,0.735593,920,880,0.746766,1032,688,0.202183,0,0,0,0,0,0
405,13.5135,920,552,0.159955,1008,552,0.131216,864,560,0.228421,864,576,0.145327,768,432,0.165257,0,0,0,1000,552,0.1164,1040,488,0.135847,0,0,0,936,696,0.434342,824,632,0.760145,920,880,0.695995,1032,680,0.257154,1048,720,0.100698,0,0,0
410,13.6803,872,568,0.22161,872,576,0.170725,864,568,0.301069,872,592,0.237061,856,632,0.1788,864,648,0.108709,952,552,0.166531,952,520,0.122248,0,0,0,944,704,0.304598,824,632,0.631697,920,872,0.58183,1024,688,0.1285,0,0,0,0,0,0
415,13.8472,864,552,0.223743,888,536,0.185019,864,552,0.274382,864,584,0.277033,824,688,0.203063,912,552,0.125741,944,552,0.209731,960,528,0.132191,888,576,0.114567,928,704,0.27515,832,640,0.655924,920,872,0.666667,928,672,0.135695,0,0,0,0,0,0
420,14.014,984,560,0.167964,1008,560,0.164007,864,560,0.222506,888,600,0.281018,816,704,0.200284,912,552,0.138421,960,560,0.17341,928,520,0.121466,896,576,0.115057,928,704,0.339283,824,632,0.679326,920,872,0.748101,1016,688,0.135663,0,0,0,0,0,0
425,14.1808,888,536,0.116016,984,544,0.133594,856,552,0.179731,888,584,0.221772,784,456,0.175939,856,680,0.12752,984,544,0.167818,1032,488,0.126361,936,560,0.103322,920,688,0.36679,824,640,0.712802,920,872,0.72425,1032,672,0.221406,0,0,0,0,0,0
430,14.3477,864,544,0.115294,1000,552,0.115021,856,544,0.184521,848,368,0.172323,768,448,0.230395,848,680,0.109543,936,544,0.100203,0,0,0,0,0,0,920,680,0.312019,824,632,0.685061,920,872,0.742204,1032,672,0.145852,0,0,0,0,0,0
435,14.5145,896,304,0.300921,904,296,0.240072,888,296,0.310393,848,360,0.447898,784,448,0.359066,760,520,0.193322,984,352,0.277122,1032,440,0.175931,0,0,0,904,648,0.381821,824,632,0.795635,920,872,0.78489,1032,664,0.21435,0,0,0,0,0,0
440,14.6813,888,304,0.531192,904,280,0.461395,880,288,0.599646,824,360,0.786844,776,440,0.4327,768,512,0.18373,1008,344,0.69498,1064,424,0.48025,1088,520,0.428779,888,624,0.569332,824,624,0.914759,920,880,0.753736,1032,600,0.448958,1040,720,0.234141,0,0,0
445,14.8482,896,304,0.471064,904,288,0.394859,880,296,0.551739,832,360,0.752558,776,424,0.457677,784,408,0.181032,992,344,0.597399,1056,408,0.407278,1080,504,0.259563,864,584,0.440392,832,640,0.796243,920,880,0.763236,1032,592,0.339006,1032,712,0.169375,0,0,0
450,15.015,888,296,0.167441,872,544,0.139247,848,560,0.17774,848,352,0.265969,768,416,0.275756,848,688,0.104555,1000,336,0.196391,0,0,0,0,0,0,928,696,0.259145,832,648,0.639323,920,872,0.738573,928,672,0.106238,0,0,0,0,0,0
455,15.1818,912,304,0.68813,920,296,0.61959,888,296,0.697427,816,360,0.83622,760,448,0.54459,760,512,0.374003,1008,336,0.763983,1064,408,0.43944,1080,512,0.349544,888,616,0.557116,824,624,0.938223,920,888,0.790653,1048,600,0.458562,1040,720,0.221269,0,0,0
460,15.3487,912,304,0.680955,920,288,0.618405,888,296,0.685244,816,360,0.852478,752,448,0.514924,760,520,0.317712,1008,328,0.798684,1064,408,0.506482,1088,512,0.361932,880,616,0.548038,824,632,0.90543,920,888,0.794398,1040,600,0.475192,1048,720,0.242415,0,0,0
465,15.5155,904,304,0.628302,920,296,0.562298,888,296,0.661374,816,368,0.796001,760,440,0.465643,768,520,0.27896,1000,344,0.618866,1056,408,0.298723,1056,464,0.131644,880,624,0.544668,824,624,0.908707,920,888,0.803798,1048,616,0.375297,1032,720,0.215187,0,0,0
470,15.6823,888,304,0.394165,904,296,0.327874,872,296,0.435936,832,360,0.646382,768,424,0.470645,760,512,0.197929,968,360,0.293212,1040,464,0.196595,0,0,0,896,664,0.507019,824,632,0.833639,920,888,0.78819,1040,664,0.333254,1040,720,0.14988,0,0,0
475,15.8492,880,312,0.28473,888,304,0.200097,872,304,0.318857,832,360,0.440138,776,416,0.399273,776,416,0.191407,984,536,0.220406,1048,496,0.17439,944,544,0.107189,888,648,0.480121,824,624,0.863438,928,880,0.758265,1040,672,0.300225,1040,720,0.119135,0,0,0
480,16.016,888,304,0.495475,912,296,0.440568,880,296,0.57286,824,360,0.76713,760,432,0.525,784,432,0.240384,984,360,0.474145,1056,440,0.229319,1000,432,0.105099,872,624,0.605335,824,632,0.903011,920,880,0.784101,1024,600,0.360476,1032,720,0.158367,0,0,0
485,16.1828,888,304,0.384508,904,288,0.341308,880,296,0.435578,824,352,0.613277,768,416,0.491684,784,416,0.248865,976,352,0.273042,1024,432,0.159942,992,424,0.105362,880,640,0.522109,824,632,0.90992,920,880,0.794173,1024,648,0.259575,1032,720,0.128187,0,0,0
490,16.3497,888,304,0.306327,896,304,0.243454,872,304,0.346115,824,360,0.518552,768,424,0.448312,784,408,0.206335,968,360,0.21242,1024,448,0.191081,0,0,0,880,640,0.482947,824,632,0.911936,920,888,0.76553,1024,648,0.23508,0,0,0,0,0,0
495,16.5165,896,520,0.170114,896,520,0.129515,880,520,0.194032,856,528,0.16564,768,440,0.232724,0,0,0,960,528,0.168327,960,528,0.123491,0,0,0,904,664,0.335135,832,632,0.844855,920,880,0.708954,1016,680,0.1536,0,0,0,0,0,0
500,16.6833,888,520,0.191769,896,512,0.150935,880,520,0.221318,840,384,0.250239,768,440,0.347172,760,520,0.156826,960,520,0.215001,1040,480,0.140383,0,0,0,912,664,0.383056,824,616,0.815579,920,880,0.711332,1024,664,0.191746,0,0,0,0,0,0
505,16.8502,800,392,0.206401,896,520,0.182729,880,528,0.246688,856,536,0.174231,760,448,0.324748,760,520,0.208744,952,536,0.181187,776,408,0.138801,0,0,0,904,664,0.288227,824,616,0.734553,920,880,0.62458,1016,672,0.118528,0,0,0,0,0,0
510,17.017,896,528,0.281634,896,520,0.23522,888,528,0.349187,848,544,0.344306,760,448,0.234947,760,520,0.119718,952,536,0.30342,960,536,0.145841,0,0,0,920,680,0.328654,824,624,0.753883,920,872,0.639186,1032,680,0.160705,0,0,0,0,0,0
515,17.1838,888,520,0.279952,896,520,0.215675,880,520,0.340367,856,536,0.368446,760,448,0.230108,760,520,0.111892,952,536,0.346407,968,528,0.145292,952,576,0.103393,912,672,0.3289,824,616,0.788102,920,864,0.644939,1024,672,0.16004,0,0,0,0,0,0
520,17.3507,888,520,0.225592,896,520,0.168318,880,520,0.261296,848,544,0.215433,848,648,0.182066,0,0,0,936,544,0.237785,960,528,0.138494,0,0,0,912,672,0.23913,824,624,0.721802,920,872,0.633426,928,656,0.112352,0,0,0,0,0,0
525,17.5175,896,520,0.301992,904,512,0.247891,888,520,0.364023,848,544,0.407372,840,672,0.234841,0,0,0,952,544,0.345641,960,528,0.174862,896,584,0.130652,920,688,0.358256,832,632,0.697674,920,880,0.661445,1040,688,0.148081,0,0,0,0,0,0
530,17.6843,904,536,0.332831,912,528,0.262366,896,536,0.410568,872,584,0.330532,824,696,0.27119,0,0,0,960,552,0.325299,960,560,0.119956,0,0,0,952,720,0.331028,832,632,0.633515,920,872,0.574219,1040,688,0.187027,0,0,0,0,0,0
535,17.8512,904,536,0.221874,904,528,0.152824,888,536,0.279012,848,536,0.256504,816,680,0.212432,0,0,0,936,544,0.227917,0,0,0,0,0,0,920,696,0.28342,824,616,0.679136,920,872,0.670565,936,672,0.103283,0,0,0,0,0,0
540,18.018,904,536,0.309318,912,528,0.224603,896,528,0.338086,856,544,0.324621,824,680,0.211973,0,0,0,944,552,0.288787,1048,480,0.117142,0,0,0,920,688,0.378094,824,624,0.770691,920,872,0.717998,1008,680,0.140077,0,0,0,0,0,0
545,18.1848,904,536,0.225553,904,536,0.166185,872,552,0.307763,872,560,0.292616,840,672,0.238429,0,0,0,960,552,0.283387,960,528,0.115453,904,592,0.101209,928,696,0.332355,824,632,0.673843,920,888,0.666999,1040,696,0.148031,0,0,0,0,0,0
550,18.3517,904,552,0.258307,912,544,0.175609,872,552,0.320497,856,560,0.220608,840,672,0.219509,848,688,0.103426,936,552,0.224261,952,520,0.126126,0,0,0,912,688,0.370814,824,624,0.784349,920,888,0.686774,960,688,0.16182,0,0,0,0,0,0
555,18.5185,904,544,0.251031,912,536,0.181738,872,544,0.305744,864,560,0.196785,800,664,0.197695,824,656,0.106324,936,552,0.18492,936,528,0.110102,0,0,0,920,688,0.29421,824,624,0.770525,920,888,0.665639,936,672,0.147986,0,0,0,0,0,0
560,18.6853,904,536,0.158492,912,528,0.123359,880,528,0.198871,856,544,0.172864,816,688,0.205813,0,0,0,944,552,0.132737,1064,456,0.119883,0,0,0,936,704,0.304054,824,632,0.636113,920,888,0.643815,1032,704,0.134134,0,0,0,0,0,0
565,18.8522,896,512,0.256272,912,512,0.209015,888,520,0.323636,864,536,0.281656,848,656,0.201001,0,0,0,952,544,0.209559,960,536,0.124565,0,0,0,936,696,0.377321,832,640,0.750002,920,880,0.612204,1040,696,0.157786,0,0,0,0,0,0
570,19.019,896,520,0.260775,904,520,0.199249,888,512,0.296664,872,544,0.254432,848,656,0.201248,0,0,0,968,536,0.177515,984,520,0.114621,0,0,0,920,680,0.410302,832,648,0.758483,920,872,0.6698,1040,696,0.169152,0,0,0,0,0,0
575,19.1858,872,536,0.184463,896,520,0.133667,856,544,0.223065,848,528,0.301029,848,616,0.190553,824,584,0.122879,936,536,0.161452,928,536,0.134379,0,0,0,920,680,0.386558,824,624,0.887515,928,880,0.762064,1032,680,0.168814,0,0,0,0,0,0
580,19.3527,840,552,0.135837,840,544,0.128243,840,560,0.162263,968,552,0.177015,912,528,0.167025,848,688,0.12026,1040,552,0.108276,928,520,0.107363,0,0,0,952,704,0.338156,824,640,0.718971,920,880,0.680934,1048,680,0.14008,0,0,0,920,896,0.109902
585,19.5195,824,616,0.124616,856,584,0.132126,848,592,0.167054,952,552,0.141797,816,712,0.177976,824,608,0.10507,0,0,0,0,0,0,0,0,0,952,704,0.292699,824,648,0.672091,920,880,0.689952,1048,680,0.128572,0,0,0,0,0,0
590,19.6863,888,568,0.180439,888,560,0.124726,864,560,0.206889,864,528,0.125292,808,704,0.202314,840,560,0.112713,912,544,0.126316,0,0,0,0,0,0,944,704,0.313199,824,632,0.680679,920,880,0.76467,1032,680,0.124776,0,0,0,0,0,0
595,19.8532,832,576,0.169879,848,576,0.164147,832,584,0.162169,920,400,0.14965,864,496,0.172045,840,552,0.100236,864,576,0.10683,896,528,0.118314,0,0,0,840,712,0.157587,824,656,0.429093,920,880,0.552408,0,0,0,0,0,0,912,888,0.143082
600,20.02,992,336,0.168786,1000,336,0.166559,992,328,0.16047,928,400,0.142734,912,496,0.161055,848,552,0.103062,1032,376,0.121834,1056,480,0.123415,0,0,0,984,696,0.132395,832,656,0.432983,920,872,0.59586,0,0,0,0,0,0,0,0,0
605,20.1868,888,296,0.774172,896,272,0.764471,864,280,0.756576,816,368,0.663663,776,472,0.30836,0,0,0,1000,328,0.687623,1056,408,0.49087,1080,512,0.314193,864,584,0.54524,848,664,0.647505,920,872,0.724382,1024,568,0.529317,1008,752,0.223451,0,0,0
610,20.3537,0,0,0,0,0,0,0,0,0,872,408,0.151518,840,488,0.267702,904,552,0.187842,0,0,0,1072,456,0.3119,1008,504,0.208415,888,616,0.358007,824,640,0.731245,920,864,0.775474,1024,592,0.234849,992,760,0.226719,1000,864,0.110398
615,20.5205,864,456,0.147969,872,456,0.125789,864,456,0.176474,0,0,0,832,496,0.231672,824,536,0.130474,0,0,0,1040,448,0.103172,0,0,0,848,600,0.337422,832,656,0.64796,920,864,0.774012,0,0,0,0,0,0,0,0,0
620,20.6873,880,280,0.707958,888,256,0.706113,864,264,0.728759,800,360,0.826129,768,472,0.479054,816,504,0.319547,1000,328,0.807486,1072,440,0.684382,1072,544,0.431971,856,584,0.733321,840,648,0.880334,920,864,0.817999,1024,560,0.696281,1000,752,0.374221,1024,880,0.124445
625,20.8542,880,296,0.14315,0,0,0,864,296,0.112503,816,376,0.187183,776,440,0.189934,0,0,0,0,0,0,1064,440,0.139951,0,0,0,872,608,0.352456,824,648,0.724746,920,864,0.757859,1032,608,0.191108,0,0,0,0,0,0
630,21.021,888,288,0.305884,896,280,0.265934,872,280,0.304618,824,368,0.417272,776,440,0.262694,0,0,0,992,344,0.273613,1072,440,0.25589,0,0,0,880,600,0.539771,824,640,0.81976,920,872,0.764976,1032,592,0.447688,992,760,0.119869,0,0,0
635,21.1878,888,288,0.100611,0,0,0,0,0,0,0,0,0,832,472,0.105254,0,0,0,0,0,0,1056,424,0.118356,0,0,0,888,624,0.295161,824,648,0.753297,920,864,0.77017,1040,632,0.138822,0,0,0,0,0,0
640,21.3547,0,0,0,0,0,0,872,464,0.118329,0,0,0,808,472,0.183436,0,0,0,0,0,0,1056,416,0.167952,0,0,0,928,656,0.358247,824,648,0.769163,920,872,0.767329,1048,632,0.211564,0,0,0,0,0,0
645,21.5215,888,312,0.103684,0,0,0,0,0,0,856,384,0.122877,832,488,0.237111,0,0,0,0,0,0,1032,440,0.198973,0,0,0,880,616,0.420753,824,648,0.815747,912,872,0.780636,1016,584,0.331958,992,760,0.171367,0,0,0
650,21.6883,880,280,0.275303,888,264,0.212926,864,272,0.225842,848,376,0.26396,816,480,0.257377,0,0,0,984,328,0.286309,1048,416,0.237794,1040,424,0.117167,872,600,0.514316,824,648,0.854354,912,864,0.781161,1016,568,0.466745,992,752,0.244779,1008,856,0.104694
655,21.8552,872,280,0.435758,888,264,0.383002,856,272,0.423214,832,376,0.532039,808,480,0.349386,896,528,0.247819,992,328,0.577634,1064,424,0.450351,1056,496,0.301995,872,592,0.568337,824,648,0.871319,912,864,0.758953,1024,568,0.567335,1000,752,0.177937,0,0,0
660,22.022,880,288,0.447381,888,272,0.402382,864,288,0.442129,840,376,0.602774,808,480,0.361988,904,544,0.222027,1000,328,0.637603,1064,432,0.565713,1048,512,0.5152,880,584,0.627861,832,648,0.908223,912,872,0.764773,1032,568,0.623694,1000,752,0.236251,0,0,0
665,22.1888,0,0,0,0,0,0,0,0,0,0,0,0,824,488,0.211884,0,0,0,0,0,0,0,0,0,0,0,0,872,600,0.364035,824,648,0.708929,912,864,0.735641,0,0,0,0,0,0,0,0,0
670,22.3557,984,376,0.154498,1000,368,0.124554,984,376,0.133727,0,0,0,888,496,0.164535,920,552,0.126273,1016,368,0.147733,1040,448,0.164417,0,0,0,880,616,0.180232,824,648,0.568067,912,864,0.586553,0,0,0,0,0,0,904,888,0.151404
675,22.5225,984,376,0.133686,1000,360,0.108587,984,368,0.128077,896,392,0.10779,888,488,0.200616,928,552,0.21011,1024,360,0.207139,1064,448,0.263393,0,0,0,952,624,0.191442,824,648,0.59756,912,864,0.587353,1032,576,0.153821,0,0,0,896,888,0.119192
680,22.6893,992,376,0.153715,1000,376,0.103404,984,368,0.133148,872,376,0.258148,816,472,0.254937,920,552,0.227323,1016,352,0.408864,1072,448,0.466993,1064,488,0.190793,904,584,0.265984,824,648,0.62326,912,864,0.602588,1032,568,0.353052,0,0,0,904,888,0.11768
685,22.8562,880,296,0.408661,888,272,0.339339,864,288,0.398489,848,376,0.504615,824,464,0.207912,0,0,0,992,328,0.59106,1056,400,0.36214,1056,392,0.137693,904,600,0.426942,824,648,0.683101,920,872,0.655046,1040,568,0.555165,1088,704,0.160093,896,888,0.14408
690,23.023,880,296,0.689259,888,272,0.626831,864,288,0.682341,832,368,0.666052,800,472,0.28881,0,0,0,992,320,0.786461,1080,424,0.52607,1080,512,0.269322,880,584,0.583696,840,664,0.804727,920,872,0.768078,1024,552,0.616049,1056,712,0.179134,0,0,0
695,23.1898,872,288,0.481948,880,272,0.41834,856,280,0.457353,840,360,0.292959,800,472,0.210123,0,0,0,992,320,0.487982,1056,392,0.27499,1056,400,0.102292,896,616,0.350711,824,648,0.668472,920,872,0.725368,1024,576,0.238113,824,648,0.186804,896,888,0.145056
700,23.3567,872,288,0.722462,888,264,0.682755,856,280,0.743156,832,360,0.514421,776,472,0.268254,0,0,0,1000,320,0.705028,1064,376,0.483562,1064,392,0.268387,888,624,0.368049,832,664,0.694864,912,872,0.685211,1040,592,0.316207,0,0,0,0,0,0
705,23.5235,880,296,0.474493,888,272,0.383647,864,288,0.452557,848,360,0.414856,808,464,0.169482,0,0,0,1000,328,0.515557,1080,440,0.469711,1064,480,0.275693,920,600,0.38662,1000,776,0.357319,912,880,0.580068,1048,576,0.434745,0,0,0,896,880,0.111582
710,23.6903,848,496,0.117948,0,0,0,848,488,0.112139,0,0,0,0,0,0,0,0,0,0,0,0,0,0,0,0,0,0,872,632,0.269189,800,632,0.49499,888,840,0.367485,904,624,0.130777,0,0,0,0,0,0
715,23.8572,920,504,0.261559,928,496,0.221271,912,504,0.292831,864,544,0.288297,840,584,0.227413,856,584,0.145388,944,568,0.214249,952,568,0.168816,0,0,0,872,648,0.446785,808,640,0.602439,912,872,0.626787,928,632,0.367806,0,0,0,0,0,0
720,24.024,944,496,0.587535,952,488,0.558797,936,488,0.607168,880,512,0.66671,864,536,0.350817,880,552,0.200459,976,536,0.433032,1000,560,0.210144,968,560,0.107637,888,640,0.69078,816,640,0.739282,912,864,0.659428,976,640,0.392937,1000,760,0.172422,0,0,0
725,24.1908,904,456,0.487178,920,448,0.447111,896,448,0.511011,872,496,0.492173,848,520,0.295459,848,584,0.138039,960,472,0.425481,1000,512,0.262792,952,520,0.141431,896,632,0.61824,824,640,0.686389,896,832,0.684957,992,616,0.471306,1000,776,0.454716,1056,1000,0.380784
730,24.3577,880,288,0.280965,880,272,0.222807,864,280,0.284678,856,352,0.312989,856,488,0.273957,880,528,0.182959,1008,328,0.436209,1080,488,0.552879,1088,416,0.448704,896,624,0.710026,816,640,0.817736,904,880,0.800871,1016,616,0.736528,1008,776,0.717304,1048,1000,0.412459
735,24.5245,936,448,0.686788,952,440,0.674118,928,440,0.750542,864,480,0.709985,872,544,0.425823,936,528,0.431579,992,480,0.559174,1040,504,0.484163,992,496,0.217521,872,640,0.637914,816,648,0.749574,904,856,0.78651,984,640,0.717327,1008,768,0.588424,1056,1008,0.185865
740,24.6913,936,488,0.642724,936,480,0.614762,920,480,0.653765,856,504,0.684821,840,472,0.361057,920,536,0.250428,952,528,0.452481,968,552,0.218657,904,576,0.132535,864,648,0.529977,816,640,0.79114,912,856,0.720481,944,656,0.488495,1000,776,0.239872,1064,1072,0.130235
745,24.8582,944,400,0.225094,944,400,0.197871,928,424,0.212599,904,480,0.186658,888,536,0.184799,0,0,0,936,464,0.144314,984,536,0.156518,0,0,0,888,632,0.410536,816,640,0.692503,912,856,0.737382,936,624,0.289256,0,0,0,920,848,0.231115
750,25.025,880,488,0.339768,888,480,0.285732,880,480,0.36221,848,504,0.309019,824,496,0.230645,832,560,0.175157,904,520,0.2916,920,536,0.224893,888,552,0.107874,832,624,0.533653,824,664,0.605697,912,864,0.711082,904,624,0.368456,0,0,0,936,856,0.103212
755,25.1918,840,512,0.154264,840,504,0.112434,840,496,0.170179,824,528,0.169953,792,536,0.15793,0,0,0,912,536,0.120352,928,568,0.100279,0,0,0,840,640,0.38527,824,680,0.616591,920,872,0.751469,904,656,0.164615,952,784,0.107514,936,856,0.145562
760,25.3587,856,552,0.13548,864,544,0.113243,856,536,0.118798,840,608,0.124266,800,544,0.133014,0,0,0,912,560,0.13675,0,0,0,0,0,0,840,672,0.266542,824,688,0.307057,920,872,0.730766,0,0,0,952,792,0.108031,936,856,0.122823
765,25.5255,896,496,0.175388,896,488,0.118426,888,480,0.181605,848,520,0.260312,840,560,0.230719,904,576,0.160629,936,536,0.234066,976,552,0.130916,0,0,0,856,664,0.407001,840,696,0.377886,920,864,0.708197,960,704,0.262323,968,784,0.285781,952,824,0.13585
770,25.6923,872,528,0.151003,880,528,0.124712,864,528,0.145016,848,616,0.154036,824,576,0.166262,0,0,0,944,584,0.136742,952,592,0.107753,0,0,0,856,664,0.390871,824,664,0.603526,920,864,0.736489,936,680,0.204209,960,784,0.168571,944,832,0.141707
775,25.8592,872,544,0.372862,880,544,0.255903,872,544,0.405619,832,576,0.360326,824,592,0.24129,872,584,0.157171,912,552,0.379863,928,528,0.254234,960,576,0.119577,856,672,0.555628,816,648,0.789019,920,864,0.808724,944,672,0.510379,984,784,0.304575,1056,1072,0.139051
780,26.026,848,528,0.579457,856,512,0.522765,840,528,0.582829,824,568,0.55542,832,624,0.270576,888,592,0.211361,896,536,0.608535,928,544,0.362507,872,568,0.163305,856,672,0.545964,816,648,0.809236,920,856,0.801264,936,664,0.589477,992,792,0.230226,1056,1072,0.153907
785,26.1928,872,520,0.344653,872,504,0.288235,872,536,0.373273,840,584,0.306711,816,560,0.231693,864,584,0.131213,904,544,0.391416,928,576,0.223913,880,600,0.129761,856,664,0.403079,816,648,0.719183,920,864,0.735983,920,664,0.397576,0,0,0,944,848,0.15629
790,26.3597,864,528,0.358899,856,496,0.299703,856,528,0.389179,824,576,0.322199,824,592,0.232468,872,584,0.151411,896,536,0.420978,920,544,0.330916,864,576,0.147808,856,664,0.493437,816,640,0.769962,920,864,0.771902,920,656,0.428345,0,0,0,1056,1032,0.135926
795,26.5265,872,512,0.531708,880,504,0.450193,864,504,0.521947,832,544,0.399157,800,496,0.244388,848,648,0.136852,912,536,0.520694,928,536,0.375078,976,552,0.165355,856,664,0.547153,816,640,0.789817,920,856,0.794691,936,656,0.528724,960,776,0.114849,952,832,0.120807
800,26.6933,840,504,0.667,848,496,0.630552,832,496,0.65183,824,528,0.539814,784,496,0.285744,816,496,0.185143,896,528,0.692547,928,528,0.491984,968,544,0.375815,856,664,0.605359,816,632,0.801742,920,856,0.799613,928,656,0.608966,984,792,0.23545,1056,1032,0.168575
805,26.8602,864,504,0.779791,872,496,0.786194,856,496,0.784649,824,544,0.520911,792,504,0.232581,920,560,0.209625,904,528,0.688548,936,528,0.491437,976,552,0.284375,864,656,0.563453,816,632,0.760186,912,848,0.819921,944,656,0.624237,992,784,0.317977,968,832,0.129715
810,27.027,872,496,0.758226,872,488,0.736618,856,488,0.789615,824,528,0.443788,824,552,0.246768,928,552,0.259008,904,528,0.596992,936,528,0.425463,984,544,0.261715,856,640,0.546234,816,624,0.813975,912,848,0.804763,928,648,0.581612,960,776,0.121299,952,832,0.1487
815,27.1938,872,288,0.408682,880,280,0.36753,856,280,0.395547,824,360,0.242275,808,464,0.313353,840,496,0.220058,976,336,0.193025,1000,448,0.205776,0,0,0,864,632,0.511878,816,632,0.887117,912,856,0.789185,936,640,0.522675,0,0,0,952,840,0.16676
820,27.3607,864,512,0.614236,872,504,0.628097,856,496,0.672773,816,544,0.384082,784,504,0.413791,856,528,0.416519,912,544,0.497443,936,576,0.289911,864,576,0.158277,856,656,0.519289,816,624,0.8882,912,856,0.760929,936,648,0.619742,984,744,0.123882,944,848,0.258364
825,27.5275,880,288,0.766318,888,264,0.801475,856,280,0.819373,808,344,0.777292,776,480,0.457062,840,496,0.522209,992,328,0.799163,1040,432,0.607931,1048,512,0.589172,856,584,0.709674,816,632,0.858894,912,856,0.822783,984,552,0.723575,992,736,0.319327,984,848,0.221773
830,27.6943,872,272,0.588334,888,256,0.566558,864,264,0.61121,824,344,0.555807,800,472,0.328067,944,544,0.222972,984,336,0.5862,1024,432,0.355242,1016,512,0.221043,864,616,0.634872,816,632,0.900771,912,864,0.813113,968,608,0.531316,992,768,0.318052,968,856,0.208208
835,27.8612,880,480,0.578804,888,472,0.513042,872,472,0.6321,840,504,0.506152,848,552,0.407798,944,544,0.376565,920,512,0.450116,936,512,0.288229,984,544,0.162665,864,640,0.611513,816,640,0.813671,912,864,0.810098,952,648,0.536565,992,768,0.293406,968,856,0.178457
840,28.028,872,272,0.686574,888,256,0.693007,856,264,0.725148,816,344,0.725141,776,464,0.348119,840,520,0.225085,984,328,0.685882,1032,408,0.378025,1048,496,0.281616,864,600,0.739198,816,632,0.891505,912,872,0.842385,984,568,0.626246,992,776,0.437251,992,864,0.172783
845,28.1948,880,296,0.645285,888,280,0.618482,864,280,0.669937,816,344,0.725075,776,448,0.327809,824,480,0.120609,984,320,0.722719,1032,400,0.416681,1048,488,0.252104,856,600,0.705345,824,640,0.845985,912,872,0.814169,984,576,0.611777,992,768,0.423582,984,856,0.147464
850,28.3617,880,296,0.505808,888,280,0.463434,856,280,0.537712,824,344,0.507199,800,448,0.24034,912,536,0.136407,984,328,0.54338,1032,400,0.341982,1032,472,0.170764,856,608,0.653069,824,648,0.80716,912,872,0.778157,984,560,0.507628,992,760,0.368642,968,856,0.149864
855,28.5285,872,296,0.173676,888,288,0.105507,864,288,0.140624,832,352,0.171338,848,488,0.225132,952,520,0.295947,968,336,0.187361,1008,408,0.246114,0,0,0,864,616,0.613913,824,648,0.810789,904,864,0.765769,960,608,0.388067,984,768,0.219236,968,856,0.10336
860,28.6953,888,504,0.232533,912,512,0.142145,880,488,0.256694,848,496,0.167368,864,496,0.341376,968,520,0.414464,936,536,0.236092,928,488,0.199786,0,0,0,856,624,0.5332,824,648,0.796754,912,864,0.786174,944,640,0.411074,984,784,0.223403,0,0,0
865,28.8622,888,504,0.37167,912,480,0.231703,880,480,0.397945,848,520,0.38118,848,568,0.314507,952,520,0.485587,936,544,0.430039,984,608,0.232236,992,552,0.157752,864,656,0.56522,816,640,0.78395,904,864,0.764494,944,656,0.544384,992,808,0.329785,1056,1000,0.199084
870,29.029,888,488,0.422994,904,480,0.325815,880,480,0.464347,848,520,0.413686,848,560,0.351968,944,520,0.469049,936,544,0.4786,984,608,0.2525,992,560,0.140965,864,656,0.588633,824,648,0.763015,912,864,0.747099,944,664,0.547302,992,816,0.313546,1056,1000,0.191098
875,29.1958,880,488,0.400778,896,488,0.303393,880,480,0.42091,840,504,0.353092,848,536,0.318684,944,520,0.434661,928,544,0.376953,904,488,0.237874,976,552,0.134759,856,640,0.545128,816,648,0.746156,912,864,0.77961,928,648,0.498686,968,792,0.146786,0,0,0
880,29.3627,888,512,0.435651,896,520,0.304881,880,512,0.424767,848,520,0.327205,848,504,0.353393,952,520,0.474975,928,544,0.327849,928,488,0.223174,984,496,0.139857,848,640,0.524535,816,648,0.703794,912,864,0.732876,920,648,0.452732,0,0,0,0,0,0
885,29.5295,888,504,0.490503,896,496,0.37392,880,496,0.476657,840,496,0.335834,840,544,0.415323,944,528,0.363517,912,536,0.380169,936,496,0.30587,976,520,0.244618,840,640,0.618142,832,664,0.605044,912,864,0.722678,912,648,0.491748,0,0,0,0,0,0
890,29.6963,880,512,0.57999,888,504,0.520117,880,504,0.618036,840,544,0.469414,824,560,0.413149,904,560,0.322774,920,552,0.583517,968,608,0.306398,976,528,0.203172,848,656,0.634034,832,664,0.595299,912,864,0.727445,928,664,0.521004,984,792,0.205123,0,0,0
895,29.8632,888,504,0.645945,896,496,0.591865,880,496,0.674681,840,536,0.525767,832,576,0.309127,944,536,0.308627,920,552,0.61189,968,608,0.324192,976,536,0.167817,848,656,0.616216,832,672,0.47779,912,864,0.664638,920,664,0.460132,976,792,0.17136,0,0,0
900,30.03,888,504,0.555453,888,496,0.495007,872,488,0.58449,840,536,0.498516,824,560,0.298994,904,560,0.272523,920,544,0.591448,960,608,0.284621,976,560,0.128645,848,656,0.659007,832,664,0.499862,912,864,0.706095,920,656,0.509706,976,792,0.190742,0,0,0
905,30.1968,880,504,0.506982,880,496,0.420893,872,496,0.520916,824,536,0.415353,816,544,0.257912,920,528,0.280227,912,544,0.544435,968,608,0.245108,976,552,0.123382,848,664,0.59083,824,664,0.500071,912,864,0.701146,920,672,0.502548,968,784,0.109117,0,0,0
910,30.3637,888,504,0.454765,896,496,0.367613,872,488,0.462941,816,520,0.355136,816,552,0.344257,920,528,0.366091,920,544,0.459081,968,608,0.245147,960,512,0.219156,840,648,0.584704,832,656,0.55341,912,872,0.735536,928,664,0.500258,984,784,0.207552,0,0,0
915,30.5305,864,496,0.357658,864,488,0.29839,856,488,0.364355,824,528,0.299079,824,544,0.267438,912,536,0.158453,896,536,0.409862,920,488,0.20957,952,520,0.242282,848,656,0.505146,832,664,0.438397,912,872,0.652187,904,664,0.341808,0,0,0,0,0,0
920,30.6973,872,496,0.433585,880,488,0.377656,864,488,0.457794,824,520,0.365846,816,544,0.291546,912,528,0.245493,904,536,0.473282,928,560,0.321898,952,528,0.182247,840,648,0.622747,840,672,0.45096,912,880,0.675578,904,656,0.44869,0,0,0,0,0,0
925,30.8642,856,480,0.443043,856,472,0.379614,848,480,0.469798,816,520,0.387941,808,544,0.280936,904,536,0.215692,896,528,0.465531,920,504,0.30029,952,520,0.388248,832,648,0.678494,832,664,0.522531,920,880,0.757361,904,648,0.546887,920,752,0.109526,0,0,0
930,31.031,848,480,0.465778,848,472,0.408194,840,472,0.493286,808,520,0.385008,808,552,0.257133,904,528,0.168849,872,504,0.455871,912,496,0.3191,952,520,0.326664,832,640,0.698428,832,664,0.597543,920,880,0.750403,896,640,0.608492,888,672,0.106957,0,0,0
935,31.1978,864,488,0.328183,872,488,0.261185,856,488,0.353142,808,520,0.311971,816,536,0.225833,912,520,0.128668,904,536,0.376777,928,544,0.244442,952,528,0.203839,840,648,0.58909,832,664,0.545719,920,880,0.640452,904,648,0.443851,0,0,0,0,0,0
940,31.3647,848,472,0.41434,848,464,0.34578,840,472,0.469267,800,512,0.399399,768,496,0.208489,896,520,0.14895,872,504,0.419343,928,576,0.242948,952,528,0.156899,840,648,0.682043,832,672,0.57185,920,880,0.683769,904,648,0.539896,0,0,0,0,0,0
945,31.5315,872,480,0.441248,880,472,0.358741,864,472,0.465321,808,512,0.593234,784,544,0.253641,824,552,0.108129,904,504,0.520034,936,520,0.345058,960,520,0.299139,832,640,0.694849,832,664,0.725076,920,880,0.734953,912,640,0.60975,968,784,0.121067,0,0,0
950,31.6983,856,472,0.364976,856,464,0.294544,848,472,0.398914,808,520,0.44144,768,496,0.213581,904,536,0.102698,896,504,0.432279,928,504,0.309725,960,520,0.239922,840,656,0.595486,832,656,0.786192,912,880,0.711144,920,648,0.57412,984,776,0.100711,0,0,0
955,31.8652,856,472,0.28247,848,456,0.243197,840,464,0.304478,816,520,0.316417,888,488,0.194144,0,0,0,896,512,0.376633,944,576,0.241386,960,520,0.198206,864,664,0.504818,832,648,0.868892,912,880,0.72974,928,648,0.538136,984,784,0.161677,952,880,0.101754
960,32.032,840,472,0.307395,840,456,0.26482,832,464,0.312137,808,520,0.29934,760,496,0.161971,0,0,0,888,512,0.320343,936,568,0.229004,952,536,0.104475,864,664,0.459147,832,648,0.843525,912,880,0.685727,928,656,0.492779,968,792,0.144687,944,888,0.116989
965,32.1988,872,280,0.470756,888,264,0.43077,856,272,0.470357,832,352,0.382163,824,472,0.23563,944,512,0.215867,984,328,0.33055,1024,400,0.214144,0,0,0,864,616,0.457197,832,640,0.860424,920,888,0.751391,944,616,0.355599,984,784,0.258141,984,880,0.124185
970,32.3657,872,280,0.569492,888,264,0.533894,856,272,0.590056,824,352,0.549203,808,480,0.368178,936,504,0.337507,992,328,0.483077,1032,400,0.350779,1000,488,0.273082,856,616,0.601574,832,640,0.893996,920,888,0.807353,952,608,0.43848,992,768,0.331472,992,880,0.142697
975,32.5325,872,280,0.706181,888,264,0.705166,856,272,0.736779,816,352,0.708395,800,472,0.371217,928,504,0.274333,992,328,0.624381,1040,408,0.413487,1000,488,0.329701,864,592,0.687206,832,640,0.893964,920,896,0.824206,1000,536,0.59033,992,776,0.401824,1000,888,0.168479
980,32.6993,848,472,0.37519,856,472,0.285699,840,464,0.406213,832,520,0.304585,800,528,0.219129,944,512,0.339278,904,504,0.36219,920,480,0.220311,960,512,0.17713,880,656,0.424365,840,632,0.858763,920,896,0.763134,936,648,0.506839,984,784,0.24711,0,0,0
985,32.8662,896,496,0.341275,912,496,0.228924,880,480,0.367676,824,496,0.266959,816,520,0.291668,936,512,0.347203,912,504,0.351224,944,544,0.189266,960,520,0.139811,848,624,0.524382,832,632,0.782473,920,896,0.782712,928,632,0.544543,984,784,0.19832,984,888,0.118602
990,33.033,904,504,0.325164,912,496,0.220224,880,488,0.335121,832,504,0.258046,816,528,0.251906,952,512,0.345381,904,512,0.334089,944,552,0.151933,0,0,0,848,632,0.453829,840,640,0.721044,920,896,0.789313,928,640,0.474481,984,784,0.174055,984,888,0.119691
995,33.1998,928,512,0.236843,936,512,0.164007,912,504,0.224359,864,528,0.14426,840,528,0.250695,944,512,0.307719,904,528,0.233925,936,568,0.108075,0,0,0,856,640,0.376536,840,648,0.565207,920,896,0.739201,920,648,0.379134,0,0,0,0,0,0
1000,33.3667,920,504,0.174391,928,496,0.133213,904,504,0.158107,840,528,0.134501,824,512,0.128246,0,0,0,896,536,0.17387,920,576,0.134365,0,0,0,840,648,0.335903,832,664,0.266726,920,896,0.638129,912,656,0.219263,0,0,0,0,0,0
1005,33.5335,944,504,0.100699,0,0,0,0,0,0,0,0,0,0,0,0,0,0,0,0,0,0,928,560,0.13115,0,0,0,864,672,0.22803,832,648,0.594817,920,896,0.661133,920,656,0.304641,0,0,0,0,0,0
1010,33.7003,808,456,0.115881,0,0,0,792,448,0.11578,776,504,0.136894,0,0,0,0,0,0,848,496,0.139556,0,0,0,0,0,0,832,640,0.401372,840,664,0.424088,920,888,0.780247,920,648,0.275185,0,0,0,0,0,0
1015,33.8672,872,480,0.190726,872,464,0.140405,872,472,0.212963,808,512,0.201605,872,480,0.176088,0,0,0,888,512,0.300224,928,544,0.216057,0,0,0,840,648,0.554922,832,664,0.563368,920,888,0.794082,920,648,0.482892,0,0,0,952,856,0.102596
1020,34.034,824,464,0.183674,824,464,0.128445,808,456,0.200815,776,512,0.286521,736,560,0.118878,0,0,0,872,504,0.306894,904,536,0.197436,0,0,0,848,656,0.437624,848,672,0.454645,912,888,0.669197,920,648,0.401789,0,0,0,0,0,0
1025,34.2008,816,456,0.159714,808,456,0.120135,808,456,0.167726,800,512,0.206269,784,544,0.136548,0,0,0,856,496,0.258661,920,536,0.153849,0,0,0,848,656,0.351884,832,688,0.260941,912,904,0.590732,912,648,0.252584,0,0,0,0,0,0
1030,34.3677,0,0,0,0,0,0,0,0,0,0,0,0,0,0,0,0,0,0,0,0,0,0,0,0,0,0,0,848,640,0.168368,832,656,0.244931,912,896,0.54108,904,656,0.122112,0,0,0,0,0,0
1035,34.5345,864,296,0.166372,872,288,0.129088,856,288,0.148186,856,360,0.123972,840,456,0.160678,0,0,0,960,320,0.131294,1008,400,0.133579,0,0,0,880,640,0.304608,856,656,0.504021,912,888,0.651438,936,640,0.176162,0,0,0,0,0,0
1040,34.7013,864,304,0.47661,872,288,0.411928,856,288,0.519599,832,360,0.463659,816,432,0.195344,0,0,0,984,328,0.467897,1040,416,0.412009,1008,456,0.359215,864,560,0.450795,856,640,0.603788,912,888,0.679064,992,536,0.521995,1008,696,0.192632,976,864,0.101641
1045,34.8682,0,0,0,0,0,0,0,0,0,0,0,0,840,448,0.11356,0,0,0,0,0,0,992,424,0.14017,0,0,0,856,616,0.202348,848,640,0.351173,912,880,0.637331,0,0,0,0,0,0,0,0,0
1050,35.035,0,0,0,0,0,0,0,0,0,0,0,0,776,616,0.157981,776,712,0.243007,0,0,0,0,0,0,0,0,0,904,656,0.180678,840,656,0.21581,920,888,0.429162,912,656,0.160307,0,0,0,904,880,0.103638
1055,35.2018,0,0,0,0,0,0,0,0,0,0,0,0,776,624,0.195523,776,712,0.410601,0,0,0,0,0,0,0,0,0,904,656,0.218649,848,648,0.439394,912,872,0.573843,920,648,0.219677,0,0,0,0,0,0
1060,35.3687,0,0,0,0,0,0,0,0,0,0,0,0,768,632,0.248537,768,712,0.467765,0,0,0,0,0,0,0,0,0,856,696,0.241423,832,656,0.228767,912,864,0.48276,912,656,0.177053,0,0,0,0,0,0
1065,35.5355,0,0,0,0,0,0,0,0,0,0,0,0,776,624,0.115797,784,720,0.212374,0,0,0,0,0,0,0,0,0,856,712,0.133431,840,696,0.134758,912,864,0.398899,0,0,0,0,0,0,0,0,0
1070,35.7023,0,0,0,0,0,0,0,0,0,0,0,0,0,0,0,784,712,0.189497,0,0,0,0,0,0,0,0,0,848,720,0.108359,0,0,0,912,864,0.301625,0,0,0,0,0,0,0,0,0
1075,35.8692,0,0,0,0,0,0,0,0,0,0,0,0,744,608,0.136099,784,712,0.236418,0,0,0,0,0,0,0,0,0,848,712,0.13001,856,744,0.104541,912,864,0.348413,0,0,0,0,0,0,0,0,0
1080,36.036,0,0,0,0,0,0,0,0,0,0,0,0,0,0,0,784,704,0.121612,0,0,0,0,0,0,0,0,0,824,672,0.165499,856,744,0.139093,912,864,0.455833,0,0,0,0,0,0,0,0,0
1085,36.2028,0,0,0,0,0,0,0,0,0,0,0,0,0,0,0,0,0,0,0,0,0,0,0,0,0,0,0,664,216,0.131826,848,744,0.105816,912,872,0.367874,0,0,0,0,0,0,0,0,0
1090,36.3697,0,0,0,0,0,0,0,0,0,0,0,0,0,0,0,0,0,0,0,0,0,0,0,0,0,0,0,656,200,0.162145,848,728,0.104563,912,856,0.314672,0,0,0,0,0,0,0,0,0
1095,36.5365,0,0,0,0,0,0,0,0,0,0,0,0,0,0,0,0,0,0,0,0,0,0,0,0,0,0,0,864,624,0.169331,848,712,0.139128,904,880,0.456077,0,0,0,0,0,0,0,0,0
1100,36.7033,0,0,0,0,0,0,0,0,0,856,640,0.136968,0,0,0,0,0,0,0,0,0,0,0,0,0,0,0,864,632,0.202733,848,720,0.160555,912,888,0.453362,912,664,0.104492,0,0,0,0,0,0
1105,36.8702,0,0,0,0,0,0,0,0,0,0,0,0,0,0,0,0,0,0,0,0,0,0,0,0,0,0,0,864,632,0.207686,848,696,0.196518,912,880,0.471879,0,0,0,0,0,0,0,0,0
1110,37.037,0,0,0,0,0,0,0,0,0,848,648,0.14057,0,0,0,0,0,0,0,0,0,0,0,0,0,0,0,856,640,0.195641,864,744,0.168156,912,880,0.468619,912,672,0.105361,0,0,0,0,0,0
1115,37.2038,0,0,0,0,0,0,0,0,0,856,632,0.113378,0,0,0,0,0,0,0,0,0,0,0,0,0,0,0,856,624,0.213285,872,752,0.141552,912,880,0.406696,0,0,0,0,0,0,0,0,0
1120,37.3707,976,512,0.111873,0,0,0,952,512,0.106442,0,0,0,864,568,0.106605,0,0,0,0,0,0,0,0,0,0,0,0,880,648,0.269806,840,664,0.241978,912,872,0.492291,928,672,0.122693,0,0,0,0,0,0
1125,37.5375,0,0,0,0,0,0,0,0,0,0,0,0,0,0,0,0,0,0,0,0,0,0,0,0,0,0,0,872,640,0.207655,848,696,0.146754,912,888,0.37636,0,0,0,0,0,0,0,0,0
1130,37.7043,936,496,0.104461,0,0,0,0,0,0,0,0,0,0,0,0,0,0,0,0,0,0,0,0,0,0,0,0,864,632,0.315437,848,640,0.226938,912,872,0.394585,920,648,0.161978,0,0,0,0,0,0
1135,37.8712,936,496,0.156335,952,496,0.112756,944,496,0.135885,0,0,0,864,560,0.114537,0,0,0,928,520,0.126233,0,0,0,0,0,0,880,656,0.39333,848,632,0.436347,904,864,0.416481,928,656,0.285755,0,0,0,0,0,0
1140,38.038,904,488,0.178718,904,488,0.125998,896,488,0.170411,856,520,0.163125,840,544,0.14978,0,0,0,928,512,0.16519,968,576,0.10573,0,0,0,872,648,0.415023,856,640,0.407728,904,880,0.521921,928,648,0.288485,0,0,0,0,0,0
1145,38.2048,912,496,0.18349,936,496,0.129197,904,488,0.175499,872,520,0.117389,840,544,0.134,0,0,0,928,512,0.138749,960,568,0.106442,0,0,0,872,648,0.38873,856,632,0.386757,904,880,0.496544,928,648,0.293193,0,0,0,0,0,0
1150,38.3717,784,440,0.151491,784,432,0.122041,768,440,0.147967,760,480,0.124633,728,496,0.147243,0,0,0,840,472,0.107808,0,0,0,0,0,0,864,632,0.399843,856,656,0.319626,904,872,0.497373,920,648,0.254702,0,0,0,0,0,0
1155,38.5385,776,440,0.359614,784,432,0.335687,768,440,0.427571,752,480,0.35684,728,512,0.244441,760,520,0.109651,832,464,0.260068,904,512,0.11058,0,0,0,848,624,0.466592,848,656,0.339266,912,872,0.552901,920,624,0.2955,0,0,0,0,0,0
1160,38.7053,776,448,0.384385,784,440,0.362058,760,440,0.460219,752,480,0.296048,712,488,0.250023,704,488,0.129057,816,472,0.227398,0,0,0,0,0,0,856,632,0.459085,848,672,0.249922,912,864,0.477044,920,640,0.280443,0,0,0,0,0,0
1165,38.8722,792,464,0.18475,792,456,0.156699,784,456,0.216095,848,520,0.175983,736,496,0.186617,0,0,0,912,512,0.165742,928,536,0.126906,0,0,0,856,624,0.465844,856,664,0.384535,912,864,0.549597,920,632,0.285256,0,0,0,0,0,0
1170,39.039,872,464,0.22043,888,456,0.181494,864,456,0.243689,848,504,0.248021,816,496,0.230793,840,520,0.129801,912,504,0.228503,952,552,0.132532,0,0,0,864,624,0.46611,856,656,0.572123,912,864,0.606279,936,640,0.330336,0,0,0,0,0,0
1175,39.2058,888,472,0.324812,896,456,0.274158,880,464,0.356752,848,504,0.32573,816,496,0.238722,848,520,0.155736,912,512,0.337195,936,552,0.229053,904,544,0.102118,856,632,0.596955,856,672,0.564835,904,856,0.599884,936,632,0.435075,0,0,0,0,0,0
1180,39.3727,896,464,0.389031,904,456,0.338139,880,464,0.42236,848,496,0.397861,824,512,0.243818,856,528,0.150067,920,512,0.386939,952,560,0.235984,912,544,0.105991,856,632,0.596485,856,672,0.578071,904,864,0.606893,936,640,0.444376,0,0,0,0,0,0
1185,39.5395,888,480,0.237176,904,472,0.174022,880,472,0.253704,848,504,0.271188,840,488,0.204634,848,520,0.125193,912,512,0.270972,936,552,0.156224,0,0,0,856,632,0.576724,856,656,0.693033,912,856,0.644198,936,632,0.467061,0,0,0,0,0,0
1190,39.7063,912,480,0.366531,920,464,0.305017,904,480,0.359992,848,496,0.295086,832,488,0.219346,856,528,0.123436,920,512,0.353012,944,552,0.152724,0,0,0,856,624,0.6078,856,672,0.610172,912,872,0.550729,936,632,0.451557,0,0,0,0,0,0
1195,39.8732,848,256,0.406507,856,248,0.386635,848,256,0.419329,840,336,0.32243,736,464,0.187974,0,0,0,968,320,0.282376,1016,400,0.208411,0,0,0,848,632,0.590236,856,672,0.59905,912,864,0.597914,936,632,0.431701,992,752,0.105745,0,0,0
1200,40.04,912,512,0.240115,912,512,0.180272,904,512,0.244166,856,520,0.225498,832,536,0.199135,0,0,0,920,536,0.314827,936,568,0.291953,0,0,0,856,648,0.572311,856,664,0.552717,912,880,0.608681,928,648,0.453219,0,0,0,0,0,0
1205,40.2068,920,496,0.307717,936,488,0.259007,912,496,0.312101,864,520,0.266454,832,528,0.221157,848,528,0.100095,936,528,0.330991,960,576,0.218146,0,0,0,864,648,0.599917,856,672,0.577603,912,888,0.551893,936,648,0.429733,992,784,0.113853,0,0,0
1210,40.3737,872,528,0.269222,872,528,0.21428,864,528,0.292879,848,536,0.2574,824,544,0.235342,856,592,0.123219,920,552,0.345167,944,576,0.294102,896,640,0.10036,856,656,0.551046,856,672,0.516398,912,888,0.554983,928,656,0.384324,0,0,0,0,0,0
1215,40.5405,856,488,0.232163,840,480,0.183126,848,480,0.231716,848,520,0.208549,832,512,0.229569,832,528,0.111693,920,528,0.243711,952,576,0.192093,0,0,0,864,648,0.440248,856,672,0.465944,912,888,0.54607,928,656,0.243433,0,0,0,0,0,0
1220,40.7073,896,472,0.378352,904,464,0.344072,880,464,0.39477,848,504,0.380225,808,496,0.250853,832,528,0.13228,920,512,0.434844,952,568,0.283043,904,536,0.122894,856,640,0.583087,856,680,0.478649,912,888,0.602058,928,648,0.419167,0,0,0,0,0,0
1225,40.8742,904,472,0.383038,912,464,0.348085,888,464,0.401767,848,496,0.403157,816,480,0.253766,864,544,0.124797,920,512,0.448058,944,560,0.266982,904,544,0.157297,856,648,0.601954,856,696,0.380841,912,888,0.5773,928,648,0.387921,0,0,0,0,0,0
1230,41.041,904,488,0.363759,912,480,0.331151,896,480,0.3828,848,512,0.355488,840,536,0.243592,856,544,0.14333,920,520,0.429627,944,568,0.289015,904,544,0.142582,856,648,0.587542,856,704,0.433881,912,896,0.606929,928,648,0.434509,0,0,0,0,0,0
1235,41.2078,912,480,0.434678,920,472,0.405111,896,480,0.437782,848,512,0.404281,832,496,0.229885,864,544,0.136384,920,520,0.50805,952,576,0.313104,912,552,0.172581,856,648,0.696891,864,696,0.548501,920,896,0.658012,928,648,0.583076,992,768,0.13359,0,0,0
1240,41.3747,920,472,0.593175,920,464,0.576855,904,464,0.593519,856,496,0.6285,824,464,0.273973,864,552,0.136732,936,520,0.61445,968,576,0.362557,928,552,0.208353,864,648,0.73248,856,688,0.647108,920,896,0.73754,936,648,0.644959,992,784,0.311352,984,880,0.122249
1245,41.5415,888,448,0.645371,896,448,0.648097,872,448,0.678736,848,496,0.633854,824,464,0.297082,888,520,0.162007,928,512,0.626787,968,568,0.318382,920,552,0.201578,864,640,0.708309,856,664,0.729317,920,896,0.745808,944,648,0.615108,992,792,0.378544,992,880,0.159107
1250,41.7083,896,456,0.54784,904,456,0.534291,880,456,0.568008,848,504,0.594434,824,480,0.272689,888,520,0.151343,936,512,0.621859,968,568,0.343734,928,552,0.176454,864,640,0.738921,864,688,0.632973,920,896,0.710448,936,640,0.593169,992,784,0.285335,0,0,0
1255,41.8752,896,464,0.568617,904,456,0.579161,880,456,0.605167,856,504,0.585236,840,544,0.257695,896,536,0.1828,928,512,0.59594,960,568,0.36168,920,552,0.216244,864,640,0.7281,864,688,0.593532,920,904,0.661951,936,640,0.56021,0,0,0,0,0,0
1260,42.042,904,464,0.617655,904,456,0.611617,896,456,0.637102,856,496,0.655694,832,544,0.272308,912,552,0.167568,944,512,0.611342,968,576,0.335525,920,552,0.158216,864,632,0.670183,864,664,0.65906,920,904,0.739282,936,640,0.511616,0,0,0,0,0,0
1265,42.2088,904,472,0.572677,912,472,0.552112,896,472,0.597832,856,496,0.600294,840,528,0.364492,864,560,0.217452,944,520,0.553771,976,576,0.297719,920,552,0.13977,872,632,0.604797,856,664,0.489459,920,896,0.755818,936,640,0.406704,984,792,0.105373,0,0,0
1270,42.3757,920,488,0.564664,928,480,0.558815,912,480,0.594811,864,504,0.626963,840,544,0.38084,864,568,0.237132,960,520,0.5808,992,576,0.314131,976,576,0.124342,880,632,0.630132,856,640,0.573841,920,904,0.753559,960,648,0.457611,1000,776,0.241305,984,888,0.104534
1275,42.5425,904,456,0.510219,904,448,0.518019,896,448,0.537546,864,496,0.508902,848,520,0.325789,856,568,0.253373,960,512,0.481284,984,504,0.271358,936,512,0.131765,880,624,0.593052,856,640,0.530552,920,904,0.775159,968,640,0.336354,1000,784,0.208496,984,888,0.127235
1280,42.7093,912,464,0.418157,920,464,0.428913,904,456,0.439926,864,504,0.344316,856,512,0.29387,920,512,0.197566,960,504,0.339228,992,488,0.206365,0,0,0,872,616,0.515727,864,680,0.481139,920,904,0.752401,960,624,0.210968,0,0,0,0,0,0
1285,42.8762,912,472,0.637773,920,464,0.667171,904,464,0.685526,856,504,0.51323,832,472,0.293916,912,512,0.236055,944,520,0.502747,968,504,0.268352,928,544,0.131205,864,616,0.67599,864,688,0.645183,920,904,0.784102,936,624,0.376815,1000,776,0.258313,984,888,0.140773
1290,43.043,896,448,0.689676,904,448,0.726439,888,448,0.717191,856,496,0.450164,832,472,0.346533,904,512,0.236436,936,512,0.420725,968,512,0.227508,936,496,0.119502,864,616,0.599076,864,696,0.598095,920,912,0.761475,944,624,0.269914,1008,784,0.321219,1000,896,0.157781
1295,43.2098,904,456,0.671335,912,448,0.690363,896,448,0.689328,856,496,0.464725,832,480,0.3125,912,520,0.221709,936,512,0.422179,984,536,0.171635,936,544,0.100044,864,616,0.518814,872,696,0.561665,920,904,0.729609,944,624,0.22336,0,0,0,0,0,0
1300,43.3767,904,456,0.762705,912,448,0.802688,888,448,0.787106,856,496,0.497468,832,472,0.40527,912,512,0.266033,936,512,0.483842,976,528,0.227413,936,544,0.118937,872,616,0.557825,872,712,0.542319,920,912,0.757415,944,624,0.255979,0,0,0,0,0,0
1305,43.5435,896,456,0.598644,904,448,0.630744,880,448,0.619042,856,488,0.332535,824,480,0.311669,896,488,0.186216,936,504,0.340821,968,520,0.196249,0,0,0,872,608,0.464011,880,704,0.463578,920,912,0.703874,952,616,0.166528,0,0,0,0,0,0
1310,43.7103,896,456,0.596493,904,448,0.626727,888,448,0.617335,856,488,0.351373,824,480,0.325074,904,496,0.218316,944,496,0.349112,968,520,0.201956,0,0,0,864,608,0.430672,872,704,0.381497,920,904,0.696041,952,624,0.155427,0,0,0,0,0,0
1315,43.8772,904,464,0.702458,912,448,0.737368,896,456,0.732998,856,496,0.455594,832,480,0.350199,912,488,0.236133,952,504,0.457485,976,520,0.247675,0,0,0,864,616,0.451024,864,688,0.410103,920,912,0.717352,952,624,0.189065,0,0,0,0,0,0
1320,44.044,880,456,0.577462,888,448,0.582207,872,448,0.598567,840,496,0.340385,824,496,0.374376,896,504,0.214664,920,496,0.339302,968,520,0.19119,0,0,0,856,616,0.505588,856,680,0.482801,920,896,0.710321,928,624,0.198868,992,792,0.159532,0,0,0
1325,44.2108,872,456,0.67609,880,448,0.679417,864,448,0.712916,824,496,0.39691,816,496,0.296409,888,504,0.195534,912,496,0.354418,960,528,0.227368,0,0,0,856,624,0.527549,856,680,0.449389,920,896,0.689523,920,624,0.302206,0,0,0,0,0,0
1330,44.3777,880,456,0.75011,888,448,0.776227,864,448,0.785021,824,496,0.44568,816,496,0.268633,888,512,0.195727,928,504,0.411584,968,528,0.266384,0,0,0,856,624,0.562315,856,664,0.486914,912,896,0.696679,928,632,0.347676,984,792,0.146824,0,0,0
1335,44.5445,880,456,0.811012,904,448,0.843222,864,448,0.831067,840,504,0.498624,808,488,0.394442,904,512,0.32916,952,504,0.499064,984,512,0.270605,928,552,0.112623,864,648,0.537784,856,664,0.513705,920,896,0.765155,976,672,0.385572,992,792,0.35541,984,880,0.142179
1340,44.7113,888,456,0.802994,904,448,0.822498,880,448,0.795558,848,504,0.536535,816,488,0.392505,912,512,0.260187,952,512,0.477021,984,520,0.238886,928,552,0.102569,864,640,0.575988,856,672,0.470212,912,896,0.766798,936,648,0.330108,960,800,0.140424,0,0,0
1345,44.8782,880,448,0.782334,888,448,0.784071,864,448,0.785123,824,496,0.473473,776,472,0.339244,888,504,0.319228,936,504,0.407623,968,528,0.271489,928,544,0.108854,856,632,0.598062,864,688,0.523339,920,904,0.799966,928,632,0.372745,960,808,0.11695,0,0,0
1350,45.045,896,472,0.206667,904,464,0.181258,888,472,0.195244,848,512,0.151222,832,512,0.19209,0,0,0,920,512,0.133821,0,0,0,0,0,0,856,624,0.302921,864,704,0.29324,920,904,0.628834,912,624,0.114017,0,0,0,0,0,0
1355,45.2118,880,464,0.115446,888,464,0.102109,864,456,0.112467,0,0,0,832,504,0.15331,0,0,0,912,512,0.104581,0,0,0,0,0,0,848,616,0.299422,864,704,0.317207,920,904,0.615009,904,608,0.101335,0,0,0,0,0,0
1360,45.3787,872,472,0.146377,880,472,0.122213,864,464,0.141057,848,520,0.11581,832,504,0.16936,0,0,0,912,512,0.120379,0,0,0,0,0,0,848,616,0.291425,872,720,0.33094,920,904,0.646062,896,608,0.101209,0,0,0,0,0,0
1365,45.5455,896,472,0.223283,912,464,0.203686,888,472,0.219943,856,520,0.165646,832,512,0.178839,0,0,0,920,512,0.1541,0,0,0,0,0,0,856,616,0.276672,864,712,0.336616,920,904,0.687044,0,0,0,0,0,0,0,0,0
1370,45.7123,888,472,0.30575,896,464,0.284414,880,464,0.329021,848,512,0.294512,816,512,0.247183,0,0,0,928,512,0.270788,960,536,0.114068,0,0,0,856,640,0.44023,864,712,0.287482,912,904,0.612899,928,648,0.174579,0,0,0,0,0,0
1375,45.8792,880,472,0.24066,888,464,0.209528,872,464,0.252959,848,512,0.231315,816,512,0.206464,0,0,0,920,512,0.241926,0,0,0,0,0,0,856,640,0.479567,872,744,0.285033,920,904,0.581422,928,648,0.267992,0,0,0,0,0,0
1380,46.046,840,440,0.542194,848,432,0.528697,832,440,0.591286,816,496,0.545357,768,464,0.434469,848,448,0.240105,912,504,0.576993,928,456,0.207314,856,432,0.129285,856,648,0.678402,864,728,0.422114,920,904,0.714989,928,640,0.543242,984,728,0.208,0,0,0
1385,46.2128,840,448,0.289221,856,440,0.275015,832,440,0.31839,816,504,0.343202,776,488,0.219297,0,0,0,912,512,0.392558,944,544,0.234286,920,552,0.138453,856,656,0.535163,872,744,0.323193,920,904,0.608662,928,648,0.359543,0,0,0,0,0,0
1390,46.3797,840,440,0.283276,856,432,0.268709,832,440,0.307129,808,496,0.288932,768,504,0.183465,0,0,0,896,504,0.36109,936,544,0.215997,0,0,0,848,640,0.518505,864,736,0.322254,920,904,0.593797,920,640,0.39439,928,728,0.124241,952,872,0.167092
1395,46.5465,840,448,0.17661,848,432,0.164474,840,448,0.183891,824,496,0.157655,800,512,0.157823,0,0,0,888,504,0.190063,920,544,0.115886,0,0,0,848,632,0.345214,872,736,0.233829,920,912,0.583631,912,632,0.187113,0,0,0,952,888,0.159471
1400,46.7133,840,448,0.19339,840,432,0.189876,832,440,0.193084,816,496,0.14026,808,504,0.167551,0,0,0,880,472,0.181227,912,512,0.110374,0,0,0,856,624,0.3572,864,736,0.238038,920,904,0.590163,912,624,0.195116,0,0,0,944,888,0.153389
1405,46.8802,840,448,0.422962,848,448,0.394016,832,448,0.436291,808,496,0.330617,776,472,0.229358,824,496,0.110055,896,496,0.419038,928,528,0.221757,0,0,0,856,632,0.593165,864,720,0.398363,920,904,0.670317,920,624,0.453151,920,712,0.118008,952,872,0.210703
1410,47.047,840,464,0.253461,848,456,0.235806,832,456,0.258112,824,504,0.203696,800,504,0.20141,0,0,0,896,504,0.290933,928,536,0.162441,0,0,0,856,632,0.553273,864,704,0.432906,920,896,0.67679,920,624,0.389225,904,688,0.134472,952,864,0.198834
1415,47.2138,840,472,0.23288,848,464,0.204519,832,464,0.225329,832,504,0.184053,808,512,0.195124,0,0,0,896,504,0.243777,944,544,0.127122,0,0,0,856,632,0.512039,864,680,0.415708,920,896,0.660311,920,632,0.337088,912,680,0.101607,952,864,0.203095
1420,47.3807,832,464,0.187337,840,456,0.15961,824,456,0.181281,824,496,0.155362,800,472,0.184757,0,0,0,888,488,0.185677,0,0,0,0,0,0,864,624,0.442479,864,656,0.489319,920,896,0.667288,920,624,0.29369,0,0,0,952,864,0.208651
1425,47.5475,0,0,0,0,0,0,0,0,0,0,0,0,808,488,0.140391,0,0,0,0,0,0,0,0,0,0,0,0,864,624,0.321987,856,656,0.39717,920,896,0.611417,920,632,0.153267,0,0,0,952,872,0.188815
1430,47.7143,984,456,0.111999,984,464,0.112364,976,456,0.102541,0,0,0,824,496,0.160092,0,0,0,904,504,0.104637,0,0,0,0,0,0,864,624,0.378199,856,656,0.520501,920,896,0.663399,920,640,0.220743,0,0,0,952,864,0.310044
1435,47.8812,984,456,0.112477,984,456,0.110147,968,456,0.113071,0,0,0,840,512,0.140142,0,0,0,0,0,0,0,0,0,0,0,0,872,632,0.380655,864,664,0.429196,920,896,0.67914,920,640,0.209097,0,0,0,952,872,0.289915
1440,48.048,1000,456,0.167213,1008,456,0.146242,984,456,0.174814,0,0,0,864,528,0.122972,0,0,0,0,0,0,1064,472,0.126714,0,0,0,880,624,0.325761,864,680,0.44578,912,896,0.680175,928,648,0.131042,0,0,0,952,872,0.204232
1445,48.2148,0,0,0,0,0,0,0,0,0,0,0,0,856,544,0.112827,0,0,0,0,0,0,0,0,0,0,0,0,872,632,0.297464,864,680,0.354313,912,896,0.660039,920,640,0.117467,0,0,0,952,872,0.189406
1450,48.3817,0,0,0,0,0,0,0,0,0,0,0,0,864,544,0.105547,0,0,0,0,0,0,0,0,0,0,0,0,872,624,0.270244,872,680,0.328299,912,896,0.641405,0,0,0,0,0,0,952,872,0.16959
1455,48.5485,0,0,0,0,0,0,0,0,0,0,0,0,848,536,0.138268,0,0,0,928,528,0.102895,0,0,0,0,0,0,864,632,0.376777,880,712,0.355488,912,904,0.651825,920,640,0.169407,0,0,0,952,888,0.221933
1460,48.7153,0,0,0,0,0,0,0,0,0,0,0,0,856,536,0.10962,0,0,0,0,0,0,0,0,0,0,0,0,872,640,0.330482,872,664,0.441513,912,896,0.641226,928,656,0.163113,0,0,0,952,872,0.279254
1465,48.8822,0,0,0,0,0,0,0,0,0,0,0,0,848,528,0.10487,0,0,0,0,0,0,0,0,0,0,0,0,872,640,0.347352,872,656,0.511389,904,896,0.638638,928,656,0.200273,0,0,0,952,880,0.27362
1470,49.049,0,0,0,0,0,0,0,0,0,0,0,0,0,0,0,0,0,0,0,0,0,0,0,0,0,0,0,864,632,0.306188,872,680,0.390781,912,896,0.631256,920,640,0.127518,0,0,0,952,872,0.274604
1475,49.2158,0,0,0,0,0,0,0,0,0,0,0,0,824,520,0.10905,0,0,0,904,528,0.106674,0,0,0,0,0,0,856,640,0.347401,872,688,0.338445,912,904,0.601902,920,664,0.190973,912,696,0.119465,952,872,0.320499
1480,49.3827,840,472,0.11775,904,528,0.103984,0,0,0,0,0,0,808,512,0.123203,0,0,0,912,528,0.151574,944,576,0.100587,0,0,0,864,648,0.404574,864,672,0.388215,912,904,0.632184,920,664,0.265264,912,696,0.125875,952,872,0.352487
1485,49.5495,856,488,0.166242,864,488,0.137766,856,488,0.133188,848,528,0.134051,832,536,0.150368,0,0,0,912,528,0.195478,952,576,0.127455,0,0,0,864,648,0.473398,872,696,0.41881,912,904,0.602184,920,656,0.288392,912,688,0.119922,952,880,0.281868
1490,49.7163,856,488,0.145821,864,480,0.112743,856,480,0.117387,848,520,0.130063,816,512,0.142411,0,0,0,912,520,0.180534,944,576,0.104184,0,0,0,864,648,0.50881,864,680,0.456684,912,904,0.602599,920,656,0.315782,920,688,0.128676,952,880,0.303569
1495,49.8832,0,0,0,904,544,0.104456,0,0,0,0,0,0,0,0,0,0,0,0,912,536,0.108713,0,0,0,0,0,0,864,656,0.354792,872,688,0.405337,920,904,0.574615,920,656,0.222007,896,680,0.10012,952,872,0.288299
1500,50.05,832,480,0.136456,912,552,0.120988,832,472,0.121318,832,520,0.148741,816,520,0.14337,0,0,0,920,520,0.166133,952,576,0.121804,0,0,0,864,648,0.476727,872,664,0.527128,912,896,0.644514,928,656,0.334679,952,776,0.108741,944,880,0.373517
1505,50.2168,1024,448,0.127687,1024,440,0.118684,1016,440,0.111258,0,0,0,824,520,0.128875,0,0,0,920,536,0.107139,0,0,0,0,0,0,864,648,0.42306,872,664,0.509812,912,896,0.608325,928,656,0.263938,952,784,0.108661,952,872,0.328225
1510,50.3837,0,0,0,0,0,0,0,0,0,0,0,0,848,544,0.104086,0,0,0,0,0,0,0,0,0,0,0,0,872,648,0.32985,872,656,0.601669,912,896,0.635398,928,656,0.248128,952,784,0.12234,952,872,0.365001
1515,50.5505,1032,448,0.11684,1040,448,0.116609,1024,448,0.107893,0,0,0,856,544,0.104181,0,0,0,0,0,0,0,0,0,0,0,0,880,648,0.308867,872,648,0.540669,912,896,0.643816,928,656,0.258087,0,0,0,944,880,0.304953
1520,50.7173,872,488,0.128108,1024,440,0.108599,832,464,0.114238,864,520,0.12666,824,512,0.121468,0,0,0,920,512,0.154959,0,0,0,0,0,0,888,648,0.396106,872,648,0.660579,920,904,0.694252,944,656,0.358816,952,776,0.139677,944,888,0.292547
1525,50.8842,904,520,0.217218,904,520,0.159766,888,520,0.191812,856,528,0.194392,840,544,0.169993,0,0,0,920,520,0.203461,0,0,0,0,0,0,872,640,0.380709,872,648,0.620686,920,896,0.684207,928,656,0.355705,952,784,0.104237,944,880,0.317608
1530,51.051,920,512,0.20108,928,512,0.147425,920,520,0.161224,888,536,0.148738,864,536,0.155636,0,0,0,952,520,0.138065,992,576,0.112035,0,0,0,912,648,0.330988,872,640,0.63787,920,896,0.644755,944,656,0.269627,0,0,0,944,880,0.366926
1535,51.2178,0,0,0,0,0,0,0,0,0,0,0,0,864,544,0.124903,0,0,0,0,0,0,0,0,0,0,0,0,912,656,0.337593,864,640,0.689208,920,888,0.682424,944,664,0.26556,960,784,0.138536,944,880,0.32209
1540,51.3847,904,504,0.107707,0,0,0,0,0,0,0,0,0,840,536,0.142586,0,0,0,920,528,0.117891,952,544,0.103927,0,0,0,872,648,0.271854,872,648,0.509601,920,904,0.648541,928,656,0.268577,0,0,0,944,888,0.325264
1545,51.5515,896,488,0.16706,904,480,0.117975,888,480,0.116658,0,0,0,864,536,0.125001,0,0,0,0,0,0,960,544,0.104347,0,0,0,880,632,0.229613,864,640,0.576967,920,904,0.638447,928,656,0.268462,0,0,0,944,888,0.347647
1550,51.7183,936,512,0.139514,0,0,0,928,512,0.113697,0,0,0,0,0,0,0,0,0,0,0,0,0,0,0,0,0,0,920,656,0.208775,856,640,0.673832,912,896,0.643892,936,656,0.207771,0,0,0,936,888,0.299757
1555,51.8852,0,0,0,0,0,0,0,0,0,0,0,0,0,0,0,0,0,0,0,0,0,0,0,0,0,0,0,920,656,0.187617,856,640,0.707595,912,896,0.638961,936,656,0.179175,864,624,0.122041,936,888,0.285401
1560,52.052,936,512,0.104133,0,0,0,0,0,0,0,0,0,0,0,0,0,0,0,0,0,0,0,0,0,0,0,0,912,664,0.237207,856,640,0.757088,912,904,0.640862,936,656,0.240337,0,0,0,944,888,0.318364
1565,52.2188,912,496,0.186435,920,488,0.142357,904,488,0.164743,848,520,0.133129,816,504,0.137553,0,0,0,928,512,0.124794,960,544,0.113658,0,0,0,872,640,0.246088,856,640,0.69303,912,904,0.623884,936,656,0.281279,0,0,0,944,880,0.314999
1570,52.3857,912,496,0.200457,912,488,0.155335,904,488,0.183921,856,528,0.163495,824,512,0.110808,0,0,0,928,520,0.15979,968,544,0.12844,0,0,0,896,656,0.321617,856,648,0.750382,912,904,0.631805,944,656,0.315444,0,0,0,944,888,0.290035
1575,52.5525,872,472,0.865091,880,464,0.806088,864,464,0.911813,832,520,0.805442,792,480,0.336996,856,472,0.19564,936,520,0.71856,968,576,0.308482,960,560,0.1428,864,648,0.700922,864,648,0.752386,912,904,0.665837,944,648,0.631563,920,656,0.187357,952,888,0.276785
1580,52.7193,888,480,0.304444,896,472,0.27306,880,480,0.300175,848,520,0.206515,824,504,0.200655,0,0,0,920,512,0.21231,960,544,0.168366,0,0,0,864,632,0.265041,856,640,0.800626,912,888,0.672225,944,648,0.267365,0,0,0,936,888,0.249904
1585,52.8862,880,480,0.555624,888,472,0.534061,864,472,0.57404,848,520,0.453616,808,496,0.27011,856,480,0.11176,920,520,0.422993,960,544,0.214512,0,0,0,864,632,0.373215,864,640,0.703802,912,904,0.640202,928,648,0.409316,0,0,0,944,888,0.336073
1590,53.053,864,480,0.305587,872,480,0.276607,856,480,0.298448,848,528,0.243586,816,512,0.19689,0,0,0,912,520,0.222066,952,544,0.134285,0,0,0,864,632,0.287665,864,640,0.730323,912,896,0.626602,936,648,0.272724,0,0,0,944,888,0.315236
1595,53.2198,864,480,0.297104,864,472,0.255028,856,472,0.279072,848,520,0.205831,824,504,0.191903,0,0,0,912,520,0.213827,952,544,0.124195,0,0,0,864,632,0.266069,864,648,0.746993,912,896,0.623993,936,648,0.277035,0,0,0,944,888,0.301081
1600,53.3867,880,472,0.533458,888,472,0.501023,872,472,0.551148,840,520,0.496048,800,488,0.246179,0,0,0,928,520,0.449704,960,568,0.192755,952,480,0.100283,864,656,0.454615,864,640,0.786862,912,896,0.675148,936,648,0.444372,920,648,0.109135,952,880,0.277403
1605,53.5535,896,480,0.282097,904,472,0.237696,880,472,0.259821,856,512,0.210007,824,504,0.202768,0,0,0,936,512,0.203538,984,544,0.121434,0,0,0,872,632,0.289686,864,640,0.832316,912,904,0.668094,952,656,0.285662,0,0,0,944,880,0.292007
1610,53.7203,888,472,0.448157,896,472,0.407067,880,472,0.44775,856,520,0.447597,824,496,0.198581,0,0,0,936,520,0.391413,976,568,0.252819,0,0,0,872,640,0.438043,856,640,0.774359,912,896,0.696705,944,648,0.411338,960,800,0.135679,952,880,0.279173
1615,53.8872,912,480,0.324617,928,480,0.259082,912,480,0.321171,872,520,0.27348,840,496,0.235289,0,0,0,944,512,0.295812,984,568,0.149346,0,0,0,888,632,0.431978,872,640,0.748606,912,896,0.681799,952,648,0.324705,0,0,0,952,888,0.172963
1620,54.054,904,488,0.240247,904,488,0.168614,896,488,0.213833,864,520,0.147884,840,504,0.16379,0,0,0,928,512,0.169223,984,552,0.104503,0,0,0,912,648,0.326546,872,648,0.734186,912,896,0.645383,960,656,0.255362,0,0,0,952,888,0.166279
1625,54.2208,976,512,0.155484,984,512,0.129825,968,512,0.129372,904,528,0.103423,864,496,0.142983,0,0,0,936,528,0.111352,0,0,0,0,0,0,912,648,0.31336,872,648,0.6542,912,896,0.579682,952,656,0.199818,0,0,0,944,888,0.275493
1630,54.3877,928,496,0.175835,944,496,0.11633,928,496,0.136812,888,528,0.138308,856,512,0.187303,0,0,0,928,512,0.149439,0,0,0,0,0,0,896,640,0.35833,880,656,0.569647,920,904,0.576065,952,656,0.220242,0,0,0,944,888,0.22531
1635,54.5545,952,496,0.27287,968,488,0.194714,944,488,0.253398,896,520,0.210471,856,504,0.21213,0,0,0,944,504,0.20286,984,552,0.107221,0,0,0,928,656,0.363858,880,648,0.82185,912,896,0.670199,984,664,0.241014,0,0,0,952,888,0.19356
1640,54.7213,936,496,0.316552,936,488,0.232078,928,488,0.309413,880,520,0.253601,856,512,0.21666,0,0,0,952,512,0.254267,984,560,0.155098,0,0,0,920,656,0.387249,872,648,0.794377,912,896,0.679994,976,664,0.246195,0,0,0,952,888,0.227364
1645,54.8882,928,488,0.3588,928,480,0.27065,920,480,0.346772,872,512,0.311933,848,504,0.241587,0,0,0,952,512,0.293924,976,552,0.159213,0,0,0,920,656,0.388034,880,648,0.75655,912,896,0.619781,976,664,0.276753,0,0,0,944,888,0.245439
1650,55.055,912,480,0.391784,920,472,0.311693,904,480,0.3899,864,512,0.378624,848,520,0.245794,0,0,0,952,504,0.323427,976,552,0.165905,0,0,0,896,640,0.439032,880,648,0.70815,912,896,0.623914,976,656,0.318853,0,0,0,952,888,0.149461
1655,55.2218,888,456,0.710695,896,448,0.711716,880,456,0.732678,848,504,0.706528,824,472,0.358615,872,456,0.222725,944,504,0.601845,984,536,0.310998,976,488,0.119146,872,640,0.66204,880,648,0.64085,920,896,0.678444,960,656,0.57131,976,808,0.150403,944,880,0.298962
1660,55.3887,904,480,0.329732,912,472,0.270971,896,472,0.318422,864,512,0.306553,840,520,0.267389,872,544,0.10173,936,512,0.240468,952,552,0.146239,0,0,0,872,632,0.416715,880,656,0.315578,912,864,0.333499,936,640,0.315348,0,0,0,936,864,0.100812
1665,55.5555,912,488,0.23008,920,480,0.178702,904,480,0.205011,872,512,0.19311,848,512,0.215664,0,0,0,936,504,0.161601,976,552,0.102986,0,0,0,880,632,0.338634,888,648,0.474247,920,856,0.477295,944,640,0.253893,0,0,0,944,864,0.102615
1670,55.7223,912,480,0.289745,920,480,0.227763,896,480,0.26984,872,520,0.250109,848,520,0.24298,0,0,0,944,504,0.219251,976,552,0.115736,0,0,0,888,632,0.447627,880,648,0.602281,920,888,0.597274,960,648,0.307842,0,0,0,936,888,0.241878
1675,55.8892,896,480,0.238246,912,480,0.178692,896,480,0.206389,864,520,0.211691,848,520,0.199425,0,0,0,936,504,0.219668,0,0,0,0,0,0,888,632,0.347029,880,648,0.636737,920,880,0.615534,952,648,0.264331,0,0,0,936,888,0.217165
1680,56.056,904,480,0.596092,912,480,0.5456,896,480,0.604067,856,520,0.57041,832,544,0.243378,888,480,0.112971,944,512,0.499684,992,584,0.242857,984,488,0.124604,880,632,0.449802,880,640,0.799008,920,896,0.717073,968,656,0.441742,984,816,0.159648,984,872,0.174062
1685,56.2228,904,480,0.638681,904,472,0.613669,888,480,0.672008,856,520,0.682038,840,552,0.308095,888,560,0.15906,944,512,0.556247,992,576,0.266,984,480,0.108165,888,648,0.514497,880,632,0.792375,920,888,0.722257,976,656,0.452769,1000,808,0.208381,984,872,0.146604
1690,56.3897,888,480,0.644241,896,472,0.615045,880,480,0.6773,848,520,0.681501,832,552,0.225044,880,472,0.10322,952,512,0.572934,992,576,0.250648,984,480,0.106023,896,664,0.434848,880,632,0.863379,920,888,0.726268,984,664,0.443418,1000,808,0.253802,984,864,0.167856
1695,56.5565,896,488,0.653977,904,480,0.627926,880,480,0.700028,848,520,0.732366,816,496,0.240202,888,480,0.145298,952,512,0.611643,992,576,0.306646,992,488,0.119893,880,656,0.465536,880,632,0.855293,920,888,0.705827,968,656,0.549538,984,816,0.177445,960,856,0.214315
1700,56.7233,880,488,0.66307,896,480,0.624975,864,488,0.726991,848,528,0.729384,832,576,0.260566,888,568,0.122904,944,512,0.642216,992,568,0.370501,1016,576,0.152355,896,656,0.527104,880,632,0.834748,912,888,0.693138,976,656,0.558521,1008,792,0.278992,976,864,0.181816
1705,56.8902,888,488,0.660235,896,480,0.644019,872,488,0.712422,848,528,0.711968,816,504,0.242951,880,488,0.114668,944,512,0.635459,992,576,0.331169,1016,576,0.116851,896,664,0.486641,880,632,0.864762,912,888,0.706609,984,664,0.45789,1000,800,0.348801,968,856,0.145677
1710,57.057,880,480,0.780133,888,472,0.765227,864,480,0.841585,840,520,0.78653,792,496,0.266575,856,472,0.165596,944,512,0.703312,1000,576,0.348634,984,480,0.135026,888,664,0.590328,880,632,0.869218,912,888,0.725846,984,664,0.611952,1000,792,0.34289,976,864,0.193781
1715,57.2238,896,488,0.622959,904,480,0.594634,880,480,0.660987,848,520,0.739531,832,568,0.249833,880,560,0.107165,952,512,0.620707,1000,576,0.337159,1016,568,0.141722,880,656,0.6541,880,640,0.75153,904,880,0.698047,976,656,0.577808,976,776,0.182348,960,856,0.238943
1720,57.3907,872,480,0.544798,888,472,0.483673,864,480,0.584585,848,520,0.595404,808,496,0.234867,832,480,0.126286,944,512,0.515894,992,576,0.26203,0,0,0,888,656,0.502218,880,640,0.779915,912,880,0.706016,976,656,0.432375,1000,792,0.194062,976,856,0.170153
1725,57.5575,904,488,0.421851,912,480,0.372461,896,480,0.415934,856,520,0.444139,840,544,0.22744,0,0,0,944,512,0.423733,992,576,0.239123,0,0,0,888,640,0.495143,880,640,0.698556,920,880,0.632258,960,648,0.391146,0,0,0,944,880,0.234623
1730,57.7243,904,488,0.551922,912,480,0.514267,888,480,0.569593,856,520,0.620806,832,544,0.24599,0,0,0,944,512,0.533498,992,576,0.296156,0,0,0,880,648,0.561937,880,640,0.696069,920,880,0.64,960,648,0.481485,928,632,0.155571,936,880,0.19538
1735,57.8912,904,496,0.508108,912,488,0.475152,888,488,0.521765,856,520,0.531985,824,544,0.251543,888,512,0.120219,944,520,0.461145,976,576,0.28082,0,0,0,872,640,0.607999,888,656,0.44174,920,888,0.579642,944,648,0.46069,920,648,0.197603,944,872,0.282682
1740,58.058,896,488,0.389484,904,480,0.344104,880,480,0.391345,856,528,0.377933,824,512,0.238022,0,0,0,944,512,0.351679,984,568,0.205236,0,0,0,888,640,0.470186,880,648,0.629019,920,888,0.603174,968,648,0.385004,0,0,0,936,880,0.213722
1745,58.2248,936,512,0.212451,944,512,0.14098,928,512,0.187272,888,544,0.183009,864,536,0.170813,0,0,0,952,528,0.154007,992,576,0.12952,0,0,0,920,656,0.339124,880,648,0.671424,920,888,0.610912,968,656,0.241158,0,0,0,944,880,0.225765
1750,58.3917,928,504,0.255057,936,504,0.171003,920,504,0.23649,880,536,0.222449,856,536,0.197481,0,0,0,952,520,0.211658,992,576,0.160228,0,0,0,912,648,0.37909,880,632,0.688,920,872,0.613936,968,656,0.253073,0,0,0,936,888,0.203299
1755,58.5585,912,488,0.399481,920,488,0.322627,904,488,0.39089,872,528,0.357045,848,544,0.2029,0,0,0,960,512,0.369034,1000,576,0.216786,0,0,0,912,656,0.445687,880,632,0.774924,920,880,0.638837,984,664,0.383139,976,792,0.177274,976,864,0.198085
1760,58.7253,912,488,0.559042,912,480,0.517103,888,480,0.582475,856,520,0.602994,824,496,0.245142,888,488,0.128294,952,520,0.548334,1000,576,0.280531,0,0,0,904,664,0.485542,880,632,0.835323,912,888,0.672156,984,664,0.496997,984,800,0.266574,952,880,0.216955
1765,58.8922,904,480,0.677048,912,472,0.649168,888,480,0.715861,848,520,0.774822,808,520,0.269446,0,0,0,960,520,0.668483,1000,576,0.34697,1024,584,0.129104,896,656,0.534123,880,632,0.88745,920,888,0.749071,984,664,0.567557,1000,792,0.471309,1032,984,0.171719
1770,59.059,888,472,0.71527,904,472,0.688487,880,472,0.758089,840,520,0.838829,808,520,0.256469,856,456,0.102368,960,520,0.764387,1008,576,0.366255,1024,584,0.140253,888,664,0.559399,880,624,0.927953,920,888,0.78312,992,672,0.653373,1000,784,0.522206,984,872,0.205124
1775,59.2258,888,480,0.598313,896,472,0.567487,872,472,0.658896,840,520,0.783077,808,576,0.374384,824,624,0.141383,944,520,0.680543,992,576,0.322671,984,488,0.100078,864,656,0.566049,888,640,0.8234,920,888,0.725264,960,656,0.489897,992,792,0.284064,968,872,0.225848
1780,59.3927,880,480,0.575753,896,472,0.53605,872,472,0.632569,848,528,0.771181,816,536,0.337171,824,552,0.120939,944,520,0.655805,992,576,0.308154,968,488,0.111226,880,656,0.423342,880,632,0.842043,920,888,0.757811,984,672,0.457348,992,792,0.404363,992,864,0.209484
1785,59.5595,880,480,0.682295,896,472,0.64848,872,472,0.742971,848,528,0.805884,808,504,0.347158,864,464,0.161663,952,520,0.765882,992,520,0.358396,976,488,0.12057,888,664,0.46345,880,632,0.860779,920,880,0.773781,984,672,0.518739,1000,792,0.454918,992,864,0.197411
1790,59.7263,896,488,0.479485,904,480,0.439557,880,480,0.48269,856,528,0.584564,824,544,0.226683,0,0,0,952,520,0.470257,1000,576,0.248023,0,0,0,920,672,0.433489,880,632,0.850207,920,888,0.738076,1008,672,0.421738,1000,800,0.389546,984,864,0.161167
1795,59.8932,896,488,0.337743,904,480,0.277718,896,488,0.304699,864,536,0.320407,832,536,0.187382,0,0,0,952,520,0.257912,1000,576,0.144233,0,0,0,928,672,0.366306,880,640,0.827644,920,888,0.678944,1008,680,0.261439,1000,808,0.231005,928,888,0.158928
1800,60.06,944,504,0.211472,952,504,0.146789,944,504,0.16951,880,536,0.130002,840,512,0.144418,0,0,0,960,512,0.130673,0,0,0,0,0,0,928,664,0.283856,880,640,0.787666,920,896,0.658619,992,672,0.17259,992,800,0.167314,928,888,0.166509
1805,60.2268,944,504,0.287832,952,496,0.208487,928,496,0.24239,872,544,0.227074,848,536,0.171595,0,0,0,960,520,0.220585,1000,576,0.129087,0,0,0,920,664,0.348089,880,632,0.822637,920,888,0.669791,1000,680,0.255656,992,792,0.19692,984,864,0.160411
1810,60.3937,904,496,0.341599,912,488,0.286355,896,496,0.319131,864,528,0.31232,832,528,0.236834,0,0,0,952,520,0.278968,992,576,0.143474,0,0,0,920,656,0.333184,880,640,0.804682,920,888,0.649695,984,672,0.215786,992,800,0.111202,928,888,0.170403
1815,60.5605,880,488,0.341828,896,480,0.286565,872,488,0.347982,856,528,0.42835,824,536,0.213799,0,0,0,944,520,0.335273,992,576,0.196805,0,0,0,896,664,0.356735,872,640,0.816082,920,896,0.638786,976,664,0.306491,968,808,0.103999,928,888,0.216494
1820,60.7273,912,504,0.293779,920,496,0.207291,904,504,0.277735,864,536,0.266595,840,536,0.193034,0,0,0,952,520,0.219129,992,576,0.157181,0,0,0,912,664,0.304364,880,640,0.798256,920,896,0.619347,976,672,0.232458,0,0,0,928,888,0.271226
1825,60.8942,944,512,0.187077,976,512,0.135811,944,520,0.158732,872,544,0.193855,848,520,0.196861,0,0,0,952,528,0.166753,1016,584,0.11386,0,0,0,912,664,0.337468,880,640,0.765429,920,896,0.63039,992,688,0.231015,992,824,0.129415,928,888,0.173071
1830,61.061,888,496,0.267043,888,480,0.194365,872,488,0.266256,856,536,0.332912,824,528,0.186133,0,0,0,944,528,0.265297,992,584,0.174123,0,0,0,912,664,0.376148,872,640,0.773707,920,888,0.614101,992,680,0.300185,0,0,0,928,888,0.244932
1835,61.2278,928,504,0.207296,984,512,0.142544,944,512,0.182207,864,536,0.253511,824,520,0.201042,0,0,0,936,520,0.210091,1000,568,0.123458,0,0,0,912,672,0.359828,880,640,0.784047,920,888,0.648704,1008,688,0.26019,1000,800,0.185403,928,896,0.145449
1840,61.3947,904,496,0.315085,928,504,0.230525,896,496,0.295499,864,536,0.346077,840,504,0.226068,928,488,0.130774,952,528,0.264558,992,576,0.121492,0,0,0,912,680,0.363587,880,648,0.800908,920,888,0.664181,1000,688,0.256763,992,792,0.118433,928,896,0.182626
1845,61.5615,896,496,0.376567,912,496,0.28455,880,496,0.374279,856,528,0.386411,840,504,0.23473,912,496,0.137336,944,520,0.303789,1000,576,0.123036,0,0,0,904,656,0.374892,880,648,0.751006,912,888,0.649411,992,680,0.290192,1000,792,0.157723,928,896,0.110548
1850,61.7283,880,496,0.342157,880,488,0.251226,872,488,0.340175,864,536,0.320139,832,496,0.269886,920,488,0.174328,944,528,0.280617,992,488,0.111355,0,0,0,912,664,0.425501,880,648,0.729144,920,888,0.637058,1008,688,0.289126,1000,808,0.183752,920,896,0.129314
1855,61.8952,872,496,0.478954,880,488,0.409304,864,496,0.499798,848,536,0.512265,808,520,0.250885,848,512,0.116668,936,536,0.404934,984,584,0.174427,0,0,0,904,672,0.364643,872,640,0.750674,912,888,0.652366,1000,688,0.3158,1000,800,0.184489,920,888,0.198659
1860,62.062,864,488,0.221485,1016,512,0.163887,864,488,0.199569,856,528,0.227312,816,504,0.234647,0,0,0,928,512,0.170994,960,544,0.101517,0,0,0,928,656,0.345831,872,632,0.867378,920,904,0.675163,1008,680,0.220534,1016,792,0.193587,928,888,0.128801
1865,62.2288,976,512,0.200085,1000,512,0.158591,968,512,0.205497,880,528,0.141305,832,504,0.185046,0,0,0,936,504,0.133493,1056,488,0.105427,0,0,0,928,656,0.375592,880,640,0.857269,920,904,0.712416,1016,680,0.251671,1016,792,0.320098,1008,864,0.149362
1870,62.3957,872,456,0.241767,880,448,0.209824,872,456,0.207892,904,520,0.173205,832,496,0.180979,0,0,0,928,488,0.155663,1064,552,0.102841,0,0,0,928,656,0.413695,880,632,0.896792,920,904,0.681385,1024,680,0.267896,1016,792,0.339668,1008,864,0.137904
1875,62.5625,1000,512,0.161524,1008,512,0.114605,976,504,0.161332,896,512,0.233766,872,488,0.162364,0,0,0,984,504,0.151397,1056,544,0.122314,0,0,0,928,656,0.451791,872,632,0.883843,920,896,0.634904,1016,672,0.306427,1008,784,0.315091,1000,864,0.121247
1880,62.7293,992,504,0.213611,1016,512,0.168076,976,504,0.21298,920,512,0.186446,912,496,0.160688,0,0,0,1024,512,0.15908,1064,544,0.141003,0,0,0,936,664,0.434839,872,632,0.89475,920,896,0.751977,1024,680,0.370343,1008,792,0.447594,1040,992,0.294713
1885,62.8962,984,496,0.268709,1000,504,0.22638,976,496,0.273462,912,512,0.20564,880,488,0.208793,0,0,0,984,496,0.14656,1064,544,0.133821,0,0,0,928,656,0.441048,872,632,0.893087,920,896,0.705744,1024,680,0.334605,1008,784,0.396023,1040,992,0.186203
1890,63.063,1008,512,0.186687,1016,520,0.155855,976,504,0.183389,912,512,0.153027,872,488,0.199225,0,0,0,1008,528,0.127303,1048,488,0.133369,0,0,0,928,656,0.401403,880,632,0.858718,920,896,0.695266,1016,680,0.309578,1008,792,0.252981,1008,856,0.102183
1895,63.2298,896,472,0.367253,896,464,0.330878,888,464,0.362028,856,520,0.437051,832,504,0.206976,0,0,0,952,512,0.344613,1048,544,0.143931,0,0,0,912,656,0.437935,880,640,0.831383,920,896,0.68152,1008,672,0.341299,1016,792,0.276519,0,0,0
1900,63.3967,888,488,0.398021,896,480,0.361602,880,488,0.408316,848,528,0.347244,816,528,0.222319,0,0,0,944,520,0.322419,1016,456,0.117165,0,0,0,920,664,0.320581,880,632,0.831487,920,896,0.727597,1016,688,0.23216,1008,800,0.279912,1008,856,0.103846
1905,63.5635,864,488,0.350519,864,480,0.288604,856,488,0.33261,840,528,0.392934,808,536,0.225233,0,0,0,928,520,0.25206,1000,576,0.134253,0,0,0,896,672,0.330332,872,632,0.796578,920,888,0.546395,968,680,0.214521,0,0,0,928,896,0.227514
1910,63.7303,1008,504,0.144725,0,0,0,976,496,0.129301,872,496,0.158442,832,504,0.183125,0,0,0,976,504,0.111934,0,0,0,0,0,0,920,672,0.363139,872,632,0.861567,920,896,0.724698,1016,680,0.298455,1008,792,0.329155,992,872,0.105353
1915,63.8972,984,504,0.1821,984,480,0.131967,968,480,0.162736,888,488,0.189351,808,504,0.225693,0,0,0,984,504,0.168808,1032,472,0.137502,0,0,0,872,624,0.457522,880,640,0.784827,920,904,0.741182,1016,664,0.350445,1016,784,0.381174,1000,864,0.131278
1920,64.064,864,296,0.380128,872,280,0.341673,848,296,0.404976,808,360,0.660031,744,496,0.853693,816,400,0.720094,984,344,0.576384,1032,440,0.591372,912,448,0.483111,880,616,0.771378,880,632,0.770249,920,896,0.841238,1008,616,0.619879,1016,776,0.468361,1016,880,0.23339
1925,64.2308,880,456,0.255402,904,440,0.200888,872,448,0.285463,848,480,0.280734,800,496,0.257754,848,456,0.109071,968,480,0.353847,1024,464,0.323133,1024,504,0.156391,888,624,0.521655,880,632,0.863411,920,896,0.801393,1008,640,0.550625,1008,784,0.392051,1008,872,0.191313
1930,64.3977,840,424,0.259278,872,416,0.260718,832,424,0.314143,816,464,0.478627,776,504,0.433955,816,368,0.210157,928,464,0.269059,1016,480,0.225293,1024,504,0.128321,888,624,0.58703,880,640,0.88636,920,904,0.797362,1008,640,0.487984,1016,784,0.394705,1016,872,0.226925
1935,64.5645,840,448,0.361147,848,440,0.281125,824,440,0.423725,808,480,0.451998,760,512,0.597648,784,480,0.201846,896,456,0.303772,960,464,0.255649,920,480,0.260937,872,616,0.698364,880,640,0.801228,920,896,0.786748,992,632,0.524577,1000,768,0.402769,1000,872,0.25006
1940,64.7313,832,424,0.507751,840,416,0.428593,824,424,0.575433,808,472,0.709059,752,512,0.725642,792,448,0.284736,904,448,0.52141,968,448,0.392965,920,472,0.449102,872,624,0.804317,872,632,0.797616,920,904,0.821483,984,624,0.65386,1008,744,0.472298,1016,872,0.287584
1945,64.8982,832,424,0.319124,840,408,0.26934,824,416,0.363979,800,464,0.377376,760,504,0.576884,784,408,0.283535,888,448,0.340704,984,480,0.216809,920,480,0.223213,880,624,0.656487,872,632,0.889675,920,896,0.794843,1000,640,0.479556,1008,776,0.448252,1008,872,0.290016
1950,65.065,832,440,0.376524,848,432,0.323656,824,432,0.427563,800,480,0.345488,768,488,0.600786,792,400,0.292332,888,456,0.277814,968,480,0.164191,0,0,0,880,624,0.598304,864,624,0.910231,920,904,0.732474,1000,648,0.412998,1016,768,0.340897,1008,864,0.20548
1955,65.2318,1008,512,0.114739,0,0,0,984,512,0.102655,888,536,0.135135,816,512,0.227916,0,0,0,976,520,0.113738,1024,464,0.107081,0,0,0,896,624,0.378233,888,640,0.799766,920,904,0.661644,1016,664,0.257865,1016,768,0.213756,1008,856,0.148762
1960,65.3987,872,456,0.20482,872,448,0.132341,832,440,0.207632,848,488,0.211656,792,504,0.272411,0,0,0,960,496,0.297167,1008,464,0.15816,0,0,0,880,624,0.606791,872,640,0.77282,920,904,0.721123,992,648,0.484234,1008,784,0.381472,1016,880,0.18461
1965,65.5655,904,496,0.218052,904,488,0.171068,896,488,0.207573,864,528,0.168981,848,488,0.126107,0,0,0,936,504,0.143481,0,0,0,0,0,0,920,664,0.287166,872,632,0.745296,912,888,0.53391,984,688,0.193065,0,0,0,920,912,0.144169
1970,65.7323,888,520,0.310274,896,512,0.251765,880,520,0.306725,864,560,0.302332,848,648,0.174747,0,0,0,952,544,0.306205,992,584,0.160378,0,0,0,904,680,0.289312,888,648,0.809667,920,888,0.631717,984,680,0.310829,0,0,0,920,896,0.219246
1975,65.8992,952,512,0.219531,960,512,0.160901,952,512,0.189361,864,544,0.174629,920,480,0.148774,952,488,0.127651,952,520,0.184202,1008,464,0.104736,0,0,0,920,664,0.272932,880,640,0.768528,912,872,0.459366,976,672,0.163707,0,0,0,920,896,0.408426
1980,66.066,888,488,0.227024,896,480,0.176492,880,480,0.206906,856,528,0.308059,832,512,0.202358,0,0,0,952,520,0.221561,0,0,0,0,0,0,920,656,0.30895,880,632,0.81217,920,896,0.671111,976,656,0.213663,0,0,0,920,896,0.221717
1985,66.2328,896,456,0.72662,912,448,0.725844,880,448,0.752442,840,496,0.831517,808,488,0.39533,768,512,0.159132,960,504,0.678821,992,528,0.393023,1016,552,0.119633,864,672,0.555696,888,648,0.775712,920,896,0.68546,976,656,0.491585,928,640,0.203505,928,888,0.217258
1990,66.3997,896,488,0.561264,912,480,0.533488,888,480,0.57975,856,512,0.575848,816,512,0.264854,0,0,0,952,512,0.424409,992,560,0.19977,0,0,0,872,672,0.366238,888,648,0.749094,920,896,0.570874,976,656,0.304843,920,640,0.16353,920,888,0.275547
1995,66.5665,904,488,0.517107,912,480,0.506578,896,480,0.539703,848,520,0.628584,816,568,0.224929,0,0,0,952,520,0.451163,992,560,0.254764,0,0,0,864,672,0.54637,888,648,0.723577,920,896,0.654188,968,648,0.368189,928,640,0.185617,928,888,0.259831
2000,66.7333,904,488,0.201166,912,488,0.148519,896,488,0.190233,856,520,0.336287,832,536,0.220233,0,0,0,952,520,0.228679,0,0,0,0,0,0,864,664,0.30397,888,640,0.738393,920,896,0.579819,968,648,0.190985,920,632,0.115478,928,888,0.353847
2005,66.9002,928,512,0.156566,928,512,0.109829,928,512,0.11557,0,0,0,0,0,0,0,0,0,0,0,0,0,0,0,0,0,0,936,656,0.221202,888,640,0.705664,920,888,0.567555,1000,672,0.123444,0,0,0,920,896,0.311778
2010,67.067,928,504,0.298606,928,496,0.255401,912,496,0.271504,888,536,0.220386,856,544,0.133179,0,0,0,968,520,0.208248,1008,544,0.102139,0,0,0,944,664,0.297168,888,640,0.755415,920,896,0.5868,1000,664,0.19868,888,624,0.111202,928,888,0.340478
2015,67.2338,928,496,0.212901,928,488,0.136744,920,488,0.181117,888,528,0.206687,840,520,0.148556,0,0,0,976,520,0.17647,0,0,0,0,0,0,936,664,0.32276,888,640,0.809145,920,896,0.66107,1016,680,0.219549,1024,776,0.1345,928,896,0.202911
2020,67.4007,944,504,0.186868,960,504,0.11934,936,496,0.156146,912,536,0.13743,840,520,0.121378,0,0,0,1000,536,0.127825,0,0,0,0,0,0,944,664,0.320412,888,640,0.790291,920,888,0.641651,1016,680,0.218715,0,0,0,920,888,0.23267
2025,67.5675,0,0,0,0,0,0,0,0,0,0,0,0,0,0,0,0,0,0,0,0,0,0,0,0,0,0,0,944,664,0.270816,888,640,0.768623,920,896,0.621094,1000,680,0.156887,0,0,0,928,888,0.262348
2030,67.7343,976,520,0.124732,0,0,0,984,520,0.10937,0,0,0,0,0,0,0,0,0,0,0,0,0,0,0,0,0,0,936,664,0.233785,888,640,0.727196,920,896,0.570829,984,672,0.143128,0,0,0,928,888,0.330616
2035,67.9012,936,504,0.107929,0,0,0,0,0,0,872,536,0.100618,832,520,0.108493,0,0,0,0,0,0,0,0,0,0,0,0,928,664,0.234006,880,640,0.709283,920,896,0.560234,976,672,0.139149,0,0,0,928,896,0.327897
2040,68.068,0,0,0,0,0,0,0,0,0,0,0,0,824,520,0.102268,0,0,0,0,0,0,0,0,0,0,0,0,928,656,0.26459,880,640,0.742146,912,888,0.598189,976,664,0.132313,0,0,0,920,896,0.305342
2045,68.2348,936,504,0.139118,944,504,0.108646,920,496,0.1034,872,544,0.128753,840,528,0.122182,0,0,0,960,528,0.102666,0,0,0,0,0,0,920,656,0.279262,880,640,0.775049,912,888,0.632102,976,664,0.136518,0,0,0,928,896,0.28509
2050,68.4017,920,496,0.240388,936,496,0.198062,912,496,0.217647,872,536,0.23824,840,528,0.161788,0,0,0,960,520,0.197296,1008,560,0.113578,0,0,0,920,656,0.321225,880,640,0.799989,912,888,0.637614,968,656,0.195026,0,0,0,928,896,0.291167
2055,68.5685,952,512,0.244118,968,512,0.211573,976,520,0.216533,880,544,0.163994,840,512,0.138199,0,0,0,976,536,0.15,1000,560,0.1187,0,0,0,936,664,0.318947,880,640,0.807252,912,896,0.619928,992,672,0.179301,0,0,0,928,896,0.322239
2060,68.7353,928,504,0.305282,944,504,0.235411,904,496,0.278539,880,544,0.256543,840,512,0.173252,0,0,0,968,528,0.215724,1000,568,0.142044,0,0,0,928,656,0.370469,880,640,0.853007,912,896,0.671226,992,672,0.224564,0,0,0,928,896,0.249564
2065,68.9022,936,504,0.220793,960,512,0.176219,944,512,0.189726,880,544,0.181337,848,504,0.14868,0,0,0,968,536,0.145955,0,0,0,0,0,0,936,656,0.320307,880,640,0.825525,912,896,0.639563,992,672,0.194809,0,0,0,928,896,0.336035
2070,69.069,976,520,0.247962,976,520,0.221029,968,520,0.223289,880,544,0.172643,864,544,0.132713,0,0,0,968,536,0.143876,992,560,0.105174,0,0,0,928,664,0.302276,880,632,0.821362,920,896,0.678707,992,672,0.186243,0,0,0,928,896,0.246976
2075,69.2358,920,496,0.159522,936,504,0.119897,944,512,0.129179,864,528,0.150221,824,520,0.150362,0,0,0,928,504,0.133553,0,0,0,0,0,0,912,648,0.284755,880,640,0.783148,912,888,0.627257,968,656,0.192198,0,0,0,928,888,0.375427
2080,69.4027,928,504,0.126964,0,0,0,944,520,0.101572,872,536,0.128285,832,520,0.145496,0,0,0,936,504,0.106993,0,0,0,0,0,0,896,632,0.286778,880,640,0.748045,912,888,0.607895,960,648,0.186177,0,0,0,928,888,0.409447
2085,69.5695,960,520,0.133468,968,512,0.102275,952,512,0.125995,896,544,0.116685,872,496,0.125081,0,0,0,944,504,0.100569,1040,472,0.10553,0,0,0,920,648,0.298259,880,640,0.750527,912,888,0.580151,968,656,0.172164,0,0,0,928,888,0.463719
2090,69.7363,976,520,0.152483,976,512,0.113559,976,520,0.138234,880,544,0.124928,856,528,0.135982,0,0,0,944,504,0.104033,0,0,0,0,0,0,920,648,0.303231,888,640,0.780026,920,888,0.605981,976,656,0.147708,0,0,0,928,888,0.372123
2095,69.9032,1008,520,0.137077,1024,520,0.11924,1000,520,0.129651,0,0,0,952,520,0.114332,0,0,0,0,0,0,1048,472,0.117017,0,0,0,936,656,0.286648,880,640,0.740171,920,896,0.580319,1008,664,0.11475,0,0,0,928,896,0.408747
2100,70.07,992,528,0.220321,1000,520,0.186916,976,528,0.214363,904,552,0.103079,952,528,0.118951,0,0,0,1000,544,0.107218,0,0,0,0,0,0,944,664,0.305344,888,640,0.789109,920,896,0.564013,1016,680,0.149839,0,0,0,920,896,0.358284
2105,70.2368,1000,536,0.204884,1008,528,0.168,976,528,0.188334,0,0,0,0,0,0,0,0,0,0,0,0,0,0,0,0,0,0,944,664,0.24857,880,640,0.767564,920,888,0.53347,1000,680,0.135523,0,0,0,920,896,0.430505
2110,70.4037,960,520,0.173225,968,520,0.144712,944,520,0.155741,888,552,0.100988,0,0,0,0,0,0,0,0,0,0,0,0,0,0,0,904,672,0.224281,880,632,0.722852,912,888,0.509138,960,664,0.214659,888,624,0.111979,920,888,0.472708
2115,70.5705,960,520,0.171184,968,520,0.134966,952,520,0.150863,0,0,0,0,0,0,0,0,0,0,0,0,0,0,0,0,0,0,912,672,0.234377,880,632,0.764504,920,896,0.555902,960,656,0.197105,0,0,0,928,896,0.444092
2120,70.7373,976,520,0.141848,968,512,0.114197,944,520,0.123539,0,0,0,0,0,0,0,0,0,0,0,0,0,0,0,0,0,0,920,672,0.212654,880,632,0.769167,920,888,0.555587,984,672,0.1592,0,0,0,920,896,0.421695
2125,70.9042,904,320,0.212832,920,312,0.205633,888,312,0.186017,0,0,0,880,480,0.125855,0,0,0,0,0,0,1040,456,0.141487,0,0,0,936,664,0.297825,880,640,0.761244,912,888,0.601233,1016,656,0.178108,0,0,0,928,896,0.34707
2130,71.071,896,304,0.217494,912,296,0.182302,888,288,0.185229,856,320,0.156578,880,488,0.1141,0,0,0,936,296,0.119413,1040,456,0.131482,0,0,0,928,664,0.330564,880,632,0.814327,920,888,0.62886,1016,664,0.232599,0,0,0,928,896,0.275537
2135,71.2378,896,304,0.194873,904,296,0.164122,880,288,0.150883,856,320,0.136006,872,488,0.113311,0,0,0,928,296,0.11415,968,344,0.149334,0,0,0,936,664,0.352379,880,632,0.833371,920,888,0.660912,1016,672,0.225163,0,0,0,920,896,0.231652
2140,71.4047,888,304,0.247993,904,296,0.199252,872,288,0.213362,856,320,0.163777,840,360,0.128227,0,0,0,936,296,0.122612,976,352,0.140683,0,0,0,928,672,0.405557,880,632,0.862049,920,888,0.713288,1024,672,0.296716,1016,776,0.209997,928,896,0.157018
2145,71.5715,936,496,0.125285,0,0,0,936,496,0.123172,896,544,0.107998,872,488,0.139123,0,0,0,0,0,0,1048,456,0.142926,0,0,0,928,664,0.448406,880,632,0.879911,920,896,0.743835,1024,664,0.299626,1016,776,0.249221,1008,856,0.156574
2150,71.7383,912,320,0.156279,920,320,0.139699,896,312,0.116755,888,544,0.111858,856,488,0.145683,0,0,0,0,0,0,1040,448,0.14782,0,0,0,928,664,0.451973,880,632,0.882649,920,896,0.773184,1024,664,0.320342,1016,776,0.299702,1016,856,0.153574
2155,71.9052,904,328,0.532248,920,312,0.515803,888,312,0.594657,840,344,0.390501,808,384,0.235508,0,0,0,976,320,0.342286,1040,408,0.256829,1048,496,0.163937,920,640,0.418458,880,624,0.947223,920,896,0.819101,1024,624,0.414616,1024,752,0.28305,1008,872,0.223063
2160,72.072,904,320,0.732993,912,312,0.717278,888,312,0.830106,856,336,0.567519,840,384,0.255272,832,384,0.117898,984,320,0.623067,1048,392,0.420336,1056,496,0.282827,912,624,0.437047,880,624,0.954809,920,896,0.862672,1016,616,0.421773,1016,752,0.454843,1032,984,0.346466
2165,72.2388,904,320,0.730046,912,304,0.724255,880,312,0.832108,856,344,0.584372,832,384,0.270456,824,384,0.175552,984,320,0.604647,1048,392,0.365841,1056,472,0.224561,912,624,0.460458,880,624,0.957909,920,896,0.848227,1016,616,0.439943,1016,752,0.474973,1024,976,0.4969
2170,72.4057,896,320,0.869329,920,304,0.874964,880,312,0.949195,840,344,0.639807,808,400,0.263416,816,408,0.164783,984,320,0.739145,1048,392,0.432573,1056,464,0.283958,888,608,0.55693,880,624,0.937254,920,896,0.867127,1016,616,0.517708,1016,744,0.533238,1024,976,0.595811
2175,72.5725,952,496,0.204383,952,496,0.14107,896,496,0.197239,872,528,0.259959,840,496,0.216422,0,0,0,960,512,0.214943,960,344,0.111506,0,0,0,928,664,0.436446,880,632,0.885165,920,896,0.790506,1016,672,0.379415,1008,776,0.369833,1032,976,0.466659
2180,72.7393,904,504,0.222679,1016,480,0.159988,896,504,0.24484,888,528,0.234628,872,480,0.185582,0,0,0,1000,512,0.253755,1024,464,0.249169,960,488,0.151133,920,656,0.442113,888,632,0.882897,920,896,0.829168,1008,656,0.49553,1016,776,0.460079,1024,976,0.538301
2185,72.9062,928,488,0.380855,936,480,0.342135,920,488,0.37995,888,528,0.30473,872,640,0.179582,0,0,0,984,520,0.282499,1024,584,0.122148,0,0,0,928,672,0.444632,888,632,0.865355,920,896,0.810915,1016,680,0.397416,1016,792,0.296008,1024,968,0.15669
2190,73.073,872,488,0.326988,896,472,0.226078,872,480,0.346772,848,520,0.43624,824,496,0.195642,0,0,0,944,512,0.347963,1024,576,0.142061,0,0,0,920,664,0.468504,880,632,0.895895,920,904,0.811498,1008,672,0.487146,1016,792,0.462801,1032,984,0.3991
2195,73.2398,896,488,0.280112,896,480,0.195561,872,480,0.250342,888,528,0.32248,832,488,0.209556,0,0,0,968,520,0.37393,1032,576,0.163744,0,0,0,920,672,0.571028,888,632,0.888542,920,904,0.786147,1008,680,0.561811,1016,792,0.504772,1032,992,0.470081
2200,73.4067,952,504,0.272145,976,504,0.214022,952,504,0.257227,904,528,0.269067,840,536,0.158172,0,0,0,976,520,0.282566,1048,544,0.156521,0,0,0,928,680,0.563649,888,640,0.888558,920,904,0.785275,1016,680,0.518782,1016,800,0.529065,1032,992,0.535414
2205,73.5735,872,480,0.248523,856,456,0.187781,856,464,0.255217,848,496,0.296323,800,504,0.210249,0,0,0,960,512,0.240256,1048,568,0.100515,0,0,0,928,672,0.53213,888,632,0.895491,920,896,0.799403,1016,688,0.495052,1016,792,0.477676,1032,984,0.470306
2210,73.7403,848,464,0.365081,864,448,0.33841,840,456,0.438471,832,496,0.509801,792,512,0.381685,792,504,0.130255,952,512,0.351859,1040,528,0.155203,0,0,0,920,672,0.551424,888,640,0.916446,928,904,0.7914,1008,680,0.598884,1016,792,0.565377,1032,992,0.544658
2215,73.9072,840,448,0.402192,848,440,0.402697,840,448,0.448178,824,496,0.494807,784,512,0.429765,784,504,0.160189,936,504,0.303916,1056,536,0.123623,0,0,0,920,672,0.515045,880,632,0.887396,928,904,0.77624,1016,680,0.501165,1016,792,0.515562,1032,984,0.486366
2220,74.074,856,456,0.275573,864,440,0.243446,848,456,0.299865,832,480,0.24319,792,504,0.316206,0,0,0,960,504,0.142328,0,0,0,0,0,0,928,664,0.451786,880,632,0.876212,928,904,0.76599,1016,680,0.424064,1016,792,0.443582,1032,984,0.392188
2225,74.2408,848,432,0.309673,864,424,0.270615,848,432,0.335333,840,456,0.276951,792,496,0.343832,792,504,0.133257,968,496,0.151815,1064,432,0.120728,0,0,0,920,664,0.470032,880,632,0.872785,920,896,0.786499,1016,680,0.445332,1016,792,0.532043,1032,984,0.449221
2230,74.4077,984,496,0.276338,992,488,0.237154,968,488,0.293968,920,512,0.166164,800,504,0.191196,0,0,0,1000,528,0.120344,1064,432,0.11245,0,0,0,928,664,0.412533,880,632,0.82866,920,904,0.776929,1024,688,0.376427,1016,800,0.507385,1032,984,0.452609
2235,74.5745,872,336,0.409456,880,320,0.379803,864,328,0.462079,848,408,0.61903,784,504,0.436183,784,488,0.214023,992,352,0.374598,1048,408,0.371158,1056,464,0.202087,888,616,0.657282,880,624,0.842328,920,896,0.831251,1024,640,0.535503,1016,792,0.546311,1032,976,0.401771
2240,74.7413,872,328,0.285109,896,320,0.247343,872,320,0.360432,848,408,0.543081,776,496,0.39684,784,480,0.267691,1000,352,0.439523,1048,408,0.409237,1056,464,0.249503,880,616,0.62686,880,624,0.891288,920,904,0.804357,1024,640,0.507458,1016,792,0.613064,1032,984,0.527733
2245,74.9082,968,472,0.142113,0,0,0,960,472,0.134182,864,416,0.187215,800,456,0.216245,0,0,0,1000,496,0.145309,1040,432,0.239086,1056,512,0.139626,888,624,0.49933,880,632,0.892722,928,904,0.771915,1024,664,0.484781,1016,792,0.5121,1032,984,0.359391
2250,75.075,864,448,0.184569,872,440,0.114682,856,448,0.22121,856,456,0.344772,800,504,0.380561,808,488,0.128118,976,480,0.199912,1032,456,0.203175,1048,512,0.114194,880,624,0.487566,872,632,0.865379,928,896,0.792093,1016,656,0.492067,1016,784,0.520852,1032,960,0.246688
2255,75.2418,904,488,0.45833,912,480,0.444161,896,488,0.432518,864,528,0.439772,840,544,0.202141,896,488,0.159158,944,520,0.469175,976,480,0.195316,912,472,0.122374,912,664,0.448001,880,640,0.827446,920,896,0.781893,1000,672,0.507896,1016,800,0.478429,1032,984,0.287607
2260,75.4087,896,512,0.395511,912,496,0.365445,888,504,0.394187,864,536,0.454426,824,528,0.188542,920,488,0.132896,944,536,0.505477,984,496,0.201512,920,488,0.126982,904,656,0.402548,888,640,0.836265,920,896,0.725981,984,672,0.456695,1016,792,0.319373,1024,984,0.190084
2265,75.5755,896,512,0.260368,912,504,0.208558,896,512,0.261711,864,536,0.219817,848,536,0.156169,0,0,0,936,520,0.194312,0,0,0,0,0,0,920,664,0.318092,880,640,0.788095,920,888,0.620989,992,680,0.224928,0,0,0,920,888,0.189261
2270,75.7423,0,0,0,0,0,0,920,616,0.118673,0,0,0,872,544,0.114094,0,0,0,0,0,0,0,0,0,0,0,0,944,680,0.427437,880,624,0.824915,920,888,0.683627,1016,688,0.234035,1008,800,0.260365,1032,984,0.270192
2275,75.9092,0,0,0,0,0,0,920,616,0.114973,0,0,0,824,488,0.140804,0,0,0,0,0,0,0,0,0,0,0,0,936,672,0.40381,880,632,0.848302,920,896,0.702235,1016,688,0.230961,1008,800,0.310524,1032,992,0.260532
2280,76.076,992,520,0.111886,0,0,0,0,0,0,0,0,0,800,496,0.11505,0,0,0,0,0,0,0,0,0,0,0,0,936,672,0.368156,880,632,0.821627,920,888,0.670745,1016,704,0.203486,1008,800,0.231215,1040,992,0.183881
2285,76.2428,0,0,0,0,0,0,920,616,0.102493,0,0,0,896,544,0.124677,0,0,0,0,0,0,0,0,0,0,0,0,928,664,0.35673,880,632,0.840245,920,888,0.617181,992,680,0.217878,1008,792,0.1336,920,896,0.14244
2290,76.4097,872,504,0.208202,872,496,0.142731,872,496,0.195233,864,528,0.171747,800,512,0.196285,0,0,0,936,520,0.143923,0,0,0,0,0,0,928,672,0.409022,880,632,0.856928,920,896,0.675845,1000,688,0.263351,1008,792,0.190956,1032,992,0.114823
2295,76.5765,856,488,0.156166,840,472,0.108307,952,512,0.127772,872,544,0.134654,800,504,0.164294,0,0,0,904,512,0.107491,0,0,0,0,0,0,920,664,0.291885,880,632,0.791389,920,888,0.660429,984,680,0.18717,0,0,0,920,896,0.185358
2300,76.7433,968,520,0.357405,976,520,0.300551,960,512,0.342609,920,536,0.279497,888,584,0.205137,0,0,0,976,536,0.254922,1000,584,0.162676,0,0,0,928,656,0.390177,888,632,0.807846,920,896,0.735185,992,672,0.354544,1016,792,0.162602,0,0,0
2305,76.9102,928,488,0.237662,936,480,0.170461,928,488,0.213071,896,504,0.193553,920,544,0.191972,928,584,0.107656,984,520,0.15194,1008,512,0.159058,0,0,0,928,632,0.367207,904,648,0.652064,920,912,0.584629,1016,704,0.207723,1016,800,0.323929,1040,1000,0.288288
2310,77.077,880,320,0.644001,896,304,0.587546,872,312,0.712985,856,368,0.660482,840,464,0.353285,888,488,0.38247,1000,336,0.777018,1056,424,0.646112,1048,504,0.390807,888,560,0.699086,896,696,0.812113,928,888,0.761583,1008,528,0.72247,1016,752,0.394911,1008,864,0.319019
2315,77.2438,864,512,0.165544,864,512,0.137209,864,504,0.121147,880,544,0.173694,832,544,0.179302,0,0,0,936,544,0.198519,0,0,0,0,0,0,888,656,0.340869,888,752,0.11714,0,0,0,944,664,0.122344,0,0,0,1056,1032,0.110114
2320,77.4107,1000,360,0.13521,1008,360,0.104351,992,360,0.109707,912,528,0.144098,904,512,0.144589,888,552,0.11681,968,536,0.119487,0,0,0,0,0,0,888,624,0.221162,880,696,0.182553,920,880,0.108614,0,0,0,0,0,0,0,0,0
2325,77.5775,928,520,0.373627,936,520,0.284963,912,520,0.369923,872,568,0.383819,880,592,0.244475,912,608,0.103569,976,544,0.415762,1024,608,0.244688,1008,616,0.100825,912,672,0.511388,888,632,0.704807,920,888,0.562019,992,680,0.454988,1000,688,0.438186,1016,848,0.237595
2330,77.7443,920,544,0.277712,928,528,0.215881,912,544,0.27669,880,592,0.297099,872,640,0.177198,912,624,0.144967,960,552,0.296752,992,600,0.260816,960,616,0.110679,912,680,0.426362,888,640,0.513112,920,888,0.446946,976,664,0.414306,1008,712,0.165321,0,0,0
2335,77.9112,832,472,0.163693,848,464,0.124351,832,472,0.116012,856,552,0.137742,920,520,0.10304,0,0,0,936,536,0.166209,952,584,0.156028,0,0,0,888,664,0.249765,888,664,0.380284,920,880,0.325843,0,0,0,0,0,0,0,0,0
2340,78.078,0,0,0,0,0,0,0,0,0,0,0,0,0,0,0,0,0,0,0,0,0,0,0,0,0,0,0,0,0,0,0,0,0,0,0,0,0,0,0,0,0,0,0,0,0
2345,78.2448,0,0,0,0,0,0,0,0,0,0,0,0,880,520,0.127892,0,0,0,0,0,0,0,0,0,0,0,0,928,632,0.166277,904,680,0.288852,912,880,0.109339,0,0,0,0,0,0,0,0,0
2350,78.4117,936,480,0.185011,944,480,0.186142,928,480,0.163742,896,512,0.15755,864,528,0.239901,856,552,0.137137,984,488,0.131816,1040,472,0.252165,992,512,0.123104,928,600,0.308775,888,640,0.428257,920,912,0.407949,960,608,0.101518,0,0,0,0,0,0
2355,78.5785,888,280,0.330955,904,264,0.277884,880,272,0.343136,872,328,0.300266,832,336,0.175245,928,488,0.151223,1000,336,0.373377,1064,416,0.340229,1064,488,0.192445,928,608,0.311955,888,632,0.70696,920,904,0.403255,1024,616,0.179924,0,0,0,0,0,0
2360,78.7453,920,504,0.272426,928,488,0.230757,912,496,0.263112,896,536,0.240818,888,480,0.295201,928,488,0.308186,984,504,0.200622,1064,464,0.281176,1056,440,0.11075,944,648,0.514875,872,632,0.864369,920,904,0.729563,1024,632,0.417361,1024,760,0.262969,992,896,0.201215
2365,78.9122,864,512,0.266373,872,496,0.208034,888,512,0.261048,880,544,0.281226,896,424,0.297343,920,488,0.307805,968,520,0.190472,1016,384,0.179569,0,0,0,936,656,0.464686,880,640,0.88198,920,920,0.720363,1016,648,0.352457,1024,752,0.187331,992,904,0.100776
2370,79.079,888,304,0.620281,896,296,0.551578,880,296,0.707391,872,352,0.552099,832,352,0.196627,944,488,0.24195,992,328,0.769042,1072,424,0.7293,1056,488,0.544495,920,592,0.576665,880,632,0.890252,920,912,0.749314,1040,568,0.578134,1024,728,0.374933,1016,920,0.24312
2375,79.2458,896,304,0.870807,912,288,0.815184,880,296,0.907245,856,352,0.771184,864,456,0.314942,928,480,0.332239,1000,328,0.870389,1072,440,0.799389,960,480,0.532798,928,616,0.608815,880,632,0.895701,920,912,0.766377,1056,576,0.601076,1024,736,0.331788,1016,920,0.204647
2380,79.4127,896,288,0.217308,904,280,0.187633,888,288,0.242674,888,344,0.257962,896,424,0.285244,928,488,0.337128,984,328,0.308398,1048,432,0.2584,1048,408,0.126396,944,656,0.504157,872,632,0.884699,920,904,0.716526,1032,624,0.371019,1024,768,0.121632,992,896,0.136157
2385,79.5795,944,496,0.25697,960,488,0.217142,936,496,0.237871,888,528,0.294833,888,416,0.287733,928,488,0.351153,992,328,0.359864,1048,432,0.402242,1056,464,0.197709,936,656,0.542875,880,632,0.893288,920,904,0.743616,1024,640,0.455738,1024,768,0.15829,992,896,0.128599
2390,79.7463,944,496,0.338289,960,488,0.306422,944,496,0.324298,896,528,0.249045,904,480,0.19971,936,488,0.257874,992,504,0.224197,1048,472,0.199723,0,0,0,936,672,0.436476,872,624,0.831705,920,896,0.664172,1032,648,0.277174,0,0,0,0,0,0
2395,79.9132,904,288,0.362301,912,272,0.364165,896,280,0.400639,880,336,0.422779,872,392,0.286698,928,480,0.340883,992,328,0.605564,1056,424,0.505928,1064,472,0.259733,936,656,0.50236,880,632,0.892625,920,904,0.723852,1024,624,0.443642,1024,760,0.157952,984,880,0.107801
2400,80.08,944,496,0.311285,960,488,0.247103,944,496,0.304712,896,520,0.279122,904,432,0.234848,928,488,0.226879,984,504,0.237647,1040,440,0.216048,0,0,0,936,664,0.499798,880,632,0.88306,920,912,0.754889,1032,656,0.354848,1024,768,0.187733,992,896,0.140198
2405,80.2468,944,488,0.371023,960,488,0.324182,936,488,0.370469,880,520,0.404353,848,488,0.19753,928,488,0.189277,984,504,0.346719,1048,472,0.184312,0,0,0,928,672,0.530103,880,632,0.887158,920,912,0.757399,1032,656,0.391234,1032,768,0.15936,992,904,0.11247
2410,80.4137,944,488,0.343751,960,480,0.302712,944,480,0.329438,888,512,0.3824,896,440,0.262415,928,480,0.282534,992,496,0.321979,1048,456,0.265374,928,512,0.115431,928,664,0.55916,880,632,0.918585,920,912,0.768903,1024,648,0.473014,1024,776,0.191283,992,896,0.115198
2415,80.5805,896,312,0.764575,912,296,0.704386,880,296,0.815331,856,360,0.634602,872,456,0.408086,936,480,0.606978,1000,328,0.798852,1064,440,0.687319,968,464,0.302994,920,624,0.590861,880,632,0.90785,920,912,0.792393,1032,600,0.563643,1032,752,0.322964,1016,920,0.163194
2420,80.7473,896,304,0.561147,912,288,0.487144,888,296,0.614744,864,336,0.497975,872,448,0.327602,920,480,0.40059,1000,328,0.739133,1064,440,0.642379,960,472,0.348819,928,640,0.528489,880,632,0.91504,920,912,0.785419,1024,616,0.571829,1024,752,0.311867,1008,920,0.184902
2425,80.9142,904,296,0.59954,912,288,0.547962,888,288,0.664841,864,336,0.502971,872,448,0.281605,920,480,0.334684,1000,328,0.727843,1064,448,0.777821,944,480,0.57854,920,632,0.615247,880,632,0.909338,920,912,0.783835,1032,608,0.622729,1032,768,0.333038,1032,984,0.177433
2430,81.081,888,304,0.289211,896,296,0.245576,880,296,0.328803,872,344,0.316192,840,392,0.23586,920,480,0.187643,1000,344,0.374116,1064,456,0.619421,952,480,0.3981,928,648,0.541412,880,632,0.914382,920,912,0.767917,1024,632,0.542348,1024,776,0.278656,1040,992,0.178783
2435,81.2478,872,328,0.269212,888,312,0.219609,872,312,0.292436,880,352,0.293733,840,392,0.24343,920,480,0.185507,1000,352,0.37168,1064,456,0.644411,952,480,0.489088,928,648,0.588825,880,632,0.918786,920,912,0.771731,1024,624,0.594214,1024,768,0.30158,1016,928,0.199459
2440,81.4147,944,496,0.300594,952,488,0.286726,936,488,0.325797,904,512,0.292115,840,496,0.21182,920,488,0.127299,1000,496,0.292441,1064,456,0.418022,1056,480,0.172044,936,656,0.564469,880,632,0.876972,920,912,0.752202,1032,640,0.49349,1024,768,0.186897,992,904,0.126491
2445,81.5815,944,488,0.326205,960,480,0.306232,944,480,0.33216,912,512,0.357533,880,488,0.232216,928,488,0.175925,1008,496,0.400189,1048,464,0.359446,952,488,0.187772,936,656,0.537433,880,632,0.851791,920,912,0.734737,1032,648,0.428882,1024,784,0.147785,1040,992,0.120261
2450,81.7483,968,488,0.254246,968,480,0.239451,960,480,0.230714,920,504,0.263403,944,432,0.209272,944,480,0.214798,1016,496,0.322976,1048,464,0.301769,944,496,0.131433,944,664,0.470585,880,632,0.825009,920,904,0.728047,1040,648,0.348844,0,0,0,0,0,0
2455,81.9152,952,480,0.231288,960,472,0.226283,952,480,0.216691,912,504,0.286508,824,504,0.24724,944,480,0.235137,1008,496,0.326522,1048,464,0.302716,944,488,0.157515,928,656,0.497383,880,632,0.824069,920,904,0.742707,1032,640,0.390907,1032,744,0.139761,0,0,0
2460,82.082,944,480,0.193811,952,464,0.149934,944,464,0.213072,912,512,0.23787,872,472,0.21408,912,488,0.162289,1008,480,0.184425,1056,440,0.327482,1056,464,0.180758,936,648,0.50997,880,632,0.859587,920,912,0.776031,1024,624,0.496778,1024,776,0.223619,992,896,0.140528
2465,82.2488,880,304,0.48096,888,288,0.439672,872,296,0.544523,856,368,0.468497,824,432,0.22018,904,480,0.134006,992,352,0.439829,1056,424,0.39371,1056,456,0.286979,928,640,0.537444,880,632,0.865939,920,912,0.795487,1024,616,0.553328,1024,768,0.303649,1032,984,0.219724
2470,82.4157,872,304,0.565939,888,288,0.50856,864,296,0.667403,856,376,0.59691,832,440,0.239062,880,480,0.23004,992,344,0.617699,1072,440,0.589239,960,464,0.276568,928,624,0.62741,880,632,0.886748,920,912,0.772625,1032,608,0.64374,1024,760,0.376824,1032,984,0.290399
2475,82.5825,872,312,0.725666,888,288,0.651266,864,304,0.838904,848,376,0.746392,832,480,0.266481,880,480,0.236205,992,328,0.762486,1072,440,0.685094,952,472,0.407172,912,616,0.611689,880,632,0.864871,920,912,0.80931,1024,600,0.679783,1016,752,0.430148,1032,984,0.303545
2480,82.7493,880,320,0.754741,896,296,0.682296,864,304,0.840108,848,376,0.789109,832,496,0.324892,864,480,0.280005,1000,328,0.769293,1072,440,0.738594,952,472,0.509527,920,624,0.625384,880,624,0.885219,920,920,0.79411,1032,600,0.708191,1024,760,0.425885,1032,984,0.305891
2485,82.9162,872,312,0.661531,888,296,0.597856,864,304,0.773124,856,376,0.646487,840,472,0.240224,896,480,0.198602,992,336,0.747271,1064,432,0.64171,952,472,0.370791,920,624,0.619538,880,624,0.897849,920,920,0.782998,1032,608,0.672308,1024,760,0.354245,1032,984,0.24773
2490,83.083,880,296,0.259721,896,280,0.228456,872,288,0.274559,880,344,0.196906,880,448,0.236366,912,488,0.222029,992,344,0.376313,1056,432,0.418557,1056,456,0.23645,928,640,0.544506,880,632,0.908371,920,912,0.777974,1032,624,0.535445,1024,760,0.272878,1032,984,0.18479
2495,83.2498,968,496,0.197656,1000,504,0.190837,944,480,0.215166,912,512,0.215421,904,440,0.226882,920,488,0.175909,1008,496,0.210111,1040,472,0.218981,952,496,0.121073,936,656,0.537332,880,632,0.891593,920,912,0.775149,1032,640,0.448576,1024,768,0.225562,992,904,0.155735
2500,83.4167,968,496,0.296767,976,496,0.251018,936,488,0.306168,904,520,0.2839,896,576,0.218359,920,488,0.111927,1000,504,0.23251,1048,480,0.128188,0,0,0,936,664,0.48827,880,632,0.871673,920,912,0.743961,1032,656,0.33035,1024,776,0.133033,0,0,0
2505,83.5835,976,504,0.254295,984,504,0.213104,976,496,0.252702,904,528,0.188547,904,568,0.212699,920,488,0.117602,1000,512,0.182313,1056,480,0.130647,0,0,0,936,664,0.463298,880,632,0.856475,920,912,0.767488,1040,656,0.291694,1024,768,0.154444,992,904,0.108284
2510,83.7503,968,496,0.260804,976,488,0.224838,944,480,0.27324,904,512,0.258291,880,480,0.212392,920,488,0.143755,1008,504,0.228816,1048,472,0.146432,0,0,0,936,656,0.509477,880,632,0.884075,920,912,0.777545,1040,648,0.373603,1024,768,0.201909,992,904,0.158713
2515,83.9172,968,496,0.274079,976,488,0.241034,936,480,0.294209,904,504,0.298284,880,480,0.23019,920,488,0.173408,1000,504,0.283887,1032,472,0.172023,944,496,0.112452,936,656,0.524041,880,632,0.910551,920,912,0.781718,1032,648,0.427805,1024,768,0.22149,1032,984,0.181517
2520,84.084,944,480,0.197743,976,480,0.158807,952,480,0.205869,912,512,0.298279,888,448,0.237745,920,488,0.235269,1000,496,0.22738,1048,440,0.21279,0,0,0,944,656,0.534704,880,632,0.90863,920,912,0.758932,1032,632,0.471148,1024,760,0.216983,1032,984,0.236999
2525,84.2508,960,488,0.237711,968,480,0.21747,944,472,0.252463,912,512,0.355558,896,440,0.264797,920,480,0.250493,1008,496,0.25904,1032,456,0.222165,944,488,0.132223,944,656,0.555856,880,632,0.913637,920,912,0.76018,1032,640,0.464375,1024,760,0.202914,1040,992,0.191056
2530,84.4177,944,480,0.309385,960,480,0.278756,936,472,0.322304,912,512,0.338171,896,448,0.273473,920,480,0.276743,1000,496,0.246727,1032,456,0.189179,944,472,0.115501,944,656,0.54332,880,632,0.910368,920,912,0.760318,1032,632,0.458296,1024,752,0.198687,1040,992,0.167843
2535,84.5845,888,312,0.401527,896,304,0.35968,880,304,0.453579,880,368,0.311399,856,392,0.224166,912,480,0.242898,976,336,0.253596,1024,392,0.197399,944,472,0.106456,936,648,0.524717,880,632,0.907473,920,920,0.775631,1024,624,0.496398,1024,760,0.269699,1032,984,0.289779
2540,84.7513,960,488,0.283481,968,480,0.245544,944,480,0.295172,912,512,0.290393,896,472,0.20943,920,488,0.168534,1000,496,0.223413,1032,472,0.127,0,0,0,944,656,0.500517,880,624,0.898318,920,912,0.748024,1032,640,0.363743,1024,760,0.194716,1040,992,0.158996
2545,84.9182,960,488,0.196337,968,480,0.157714,952,480,0.191631,912,520,0.185003,904,576,0.186973,920,488,0.173147,992,496,0.163568,1048,480,0.109662,0,0,0,944,656,0.467139,880,624,0.864993,920,904,0.711389,1032,648,0.298233,1024,760,0.158931,992,896,0.116868
2550,85.085,960,488,0.158694,960,480,0.111741,960,480,0.172458,920,512,0.14426,904,472,0.204247,920,488,0.143083,1000,488,0.124377,1048,384,0.124169,0,0,0,944,656,0.471872,880,632,0.863488,920,912,0.745771,1032,632,0.292314,1024,760,0.184648,992,896,0.150086
2555,85.2518,944,496,0.147278,920,304,0.112474,944,488,0.134466,912,512,0.134114,904,472,0.177937,920,488,0.138766,992,496,0.103668,1008,376,0.137388,0,0,0,936,656,0.457881,880,632,0.857044,920,920,0.739893,1032,640,0.279585,1024,768,0.157013,1040,992,0.183982
2560,85.4187,944,488,0.140223,912,304,0.128544,952,480,0.124896,904,512,0.125254,904,456,0.172042,920,488,0.163876,0,0,0,1008,376,0.151799,0,0,0,936,656,0.409193,880,632,0.832607,920,912,0.714981,1024,640,0.254835,1024,760,0.164492,1040,992,0.208417
2565,85.5855,944,488,0.166614,952,472,0.132705,952,480,0.158322,912,504,0.147264,904,480,0.1906,920,488,0.181036,992,496,0.123987,1040,376,0.131377,0,0,0,936,656,0.474789,880,632,0.862399,920,912,0.742773,1024,648,0.330241,1024,760,0.211594,1032,992,0.234671
2570,85.7523,952,488,0.173828,952,472,0.152702,952,480,0.16038,920,512,0.151608,920,440,0.19214,920,480,0.183034,992,488,0.140949,1064,464,0.136376,0,0,0,944,656,0.510409,880,632,0.895958,920,920,0.763582,1032,648,0.338559,1024,768,0.229221,1032,992,0.270171
2575,85.9192,944,488,0.181454,952,472,0.16185,952,480,0.162598,920,512,0.153856,912,464,0.191023,920,480,0.171268,992,488,0.141946,1056,464,0.128699,0,0,0,944,656,0.526002,880,632,0.905764,920,920,0.762527,1032,648,0.341207,1024,768,0.229666,1032,984,0.246199
2580,86.086,952,488,0.212921,960,480,0.179383,952,488,0.193306,904,528,0.140695,904,576,0.1993,928,488,0.13942,984,504,0.147861,1056,480,0.119491,0,0,0,944,664,0.479347,880,632,0.867784,920,912,0.73094,1024,656,0.26676,1024,768,0.165886,1040,992,0.192509
2585,86.2528,944,496,0.139157,952,488,0.105075,944,496,0.125248,0,0,0,912,560,0.170471,0,0,0,0,0,0,1064,480,0.110857,0,0,0,944,664,0.465226,880,632,0.864385,920,920,0.756855,1032,672,0.191402,1024,776,0.132604,1040,992,0.146145
2590,86.4197,960,504,0.149977,960,504,0.112159,968,504,0.151713,0,0,0,912,568,0.191666,0,0,0,0,0,0,1064,480,0.106817,0,0,0,944,664,0.486906,880,632,0.868478,920,920,0.76477,1032,664,0.223214,1024,776,0.158092,1040,992,0.201425
2595,86.5865,960,504,0.13282,0,0,0,960,504,0.137649,0,0,0,912,568,0.174337,0,0,0,0,0,0,1040,368,0.13364,0,0,0,944,656,0.47983,880,632,0.875385,920,920,0.770289,1032,656,0.286876,1024,760,0.199159,1040,992,0.225096
2600,86.7533,904,304,0.118979,912,296,0.114807,920,616,0.106943,0,0,0,912,568,0.147469,0,0,0,0,0,0,1040,376,0.122633,0,0,0,952,656,0.45265,880,632,0.874068,920,912,0.756773,1032,656,0.203051,1024,768,0.143331,1040,992,0.173944
2605,86.9202,960,512,0.127129,952,504,0.102191,968,504,0.138097,0,0,0,920,552,0.164888,0,0,0,0,0,0,0,0,0,0,0,0,952,664,0.43095,880,624,0.85686,920,912,0.746318,1032,664,0.189073,1024,768,0.156804,1040,992,0.162212
2610,87.087,984,504,0.119489,0,0,0,984,504,0.137197,0,0,0,920,552,0.159376,0,0,0,0,0,0,0,0,0,0,0,0,944,664,0.419282,880,632,0.846799,920,912,0.729257,1032,672,0.188852,1024,768,0.190061,1032,992,0.239889
2615,87.2538,944,512,0.10694,0,0,0,936,512,0.101436,0,0,0,912,576,0.152898,0,0,0,0,0,0,1064,464,0.108682,0,0,0,936,656,0.340435,880,632,0.827549,920,904,0.695922,1016,664,0.166208,1024,760,0.152934,1032,992,0.164382
2620,87.4207,944,504,0.100289,0,0,0,0,0,0,0,0,0,912,568,0.155331,0,0,0,0,0,0,0,0,0,0,0,0,944,656,0.397577,872,624,0.830411,920,904,0.727423,1024,664,0.169479,1024,760,0.183574,1032,992,0.170255
2625,87.5875,944,512,0.132629,944,512,0.119165,944,512,0.130152,0,0,0,904,576,0.181517,0,0,0,0,0,0,1056,392,0.136735,0,0,0,944,656,0.420316,880,632,0.81444,920,912,0.733463,1024,656,0.192185,1024,752,0.207165,1032,984,0.202514
