frame,time_sec,kp0_x,kp0_y,kp0_c,kp1_x,kp1_y,kp1_c,kp2_x,kp2_y,kp2_c,kp3_x,kp3_y,kp3_c,kp4_x,kp4_y,kp4_c,kp5_x,kp5_y,kp5_c,kp6_x,kp6_y,kp6_c,kp7_x,kp7_y,kp7_c,kp8_x,kp8_y,kp8_c,kp9_x,kp9_y,kp9_c,kp10_x,kp10_y,kp10_c,kp11_x,kp11_y,kp11_c,kp12_x,kp12_y,kp12_c,kp13_x,kp13_y,kp13_c,kp14_x,kp14_y,kp14_c
1,0.0333667,928,304,0.874848,952,280,0.881503,912,280,0.934736,832,312,0.829902,792,440,0.495029,816,400,0.683047,1032,312,0.89205,1112,448,0.85731,984,448,0.694965,888,520,0.724242,928,680,0.43906,1032,872,0.193068,1032,528,0.837064,1064,696,0.429098,1120,840,0.236791
5,0.166833,936,304,0.894179,952,280,0.903574,920,280,0.954679,832,312,0.84318,792,440,0.546252,816,408,0.644817,1032,312,0.89298,1112,448,0.835146,1000,456,0.592683,888,520,0.766812,920,672,0.44495,1024,872,0.18211,1032,520,0.837501,1056,696,0.393644,1120,848,0.208467
10,0.333667,936,304,0.898564,952,280,0.915811,912,280,0.935554,832,312,0.847213,800,456,0.616112,824,400,0.709114,1032,312,0.871401,1112,440,0.757502,1040,480,0.510244,888,520,0.768942,928,672,0.430674,1024,872,0.181813,1032,520,0.819155,1056,688,0.386472,1120,840,0.210186
15,0.5005,936,296,0.902421,952,280,0.957372,920,280,0.956663,840,320,0.845612,792,448,0.602165,832,384,0.685646,1032,312,0.878478,1104,416,0.718224,1072,480,0.772666,888,520,0.662614,928,664,0.310888,968,856,0.114978,1024,512,0.73572,1056,680,0.332772,1072,808,0.180965
20,0.667333,944,272,0.357516,952,264,0.361715,928,264,0.370131,888,312,0.247447,840,328,0.240443,816,376,0.262965,1024,312,0.213529,1056,360,0.109723,0,0,0,888,448,0.268322,0,0,0,0,0,0,984,456,0.121994,0,0,0,0,0,0
25,0.834167,944,272,0.187929,952,264,0.170846,936,264,0.167832,880,320,0.11095,824,320,0.115255,0,0,0,0,0,0,0,0,0,0,0,0,896,440,0.105648,0,0,0,0,0,0,0,0,0,0,0,0,0,0,0
30,1.001,944,264,0.135964,952,264,0.126019,928,264,0.133408,0,0,0,0,0,0,0,0,0,0,0,0,0,0,0,0,0,0,0,0,0,0,0,0,0,0,0,0,0,0,0,0,0,0,0,0
35,1.16783,928,288,0.876462,944,272,0.878091,912,272,0.920919,848,320,0.824603,808,416,0.447911,824,408,0.22848,1032,312,0.764065,1096,408,0.522505,1080,480,0.653196,888,528,0.510103,936,704,0.152396,0,0,0,1040,528,0.614903,1064,696,0.24392,0,0,0
40,1.33467,928,288,0.859915,952,272,0.864165,912,272,0.926365,856,312,0.803454,808,408,0.436604,824,400,0.246313,1032,312,0.758208,1104,416,0.571317,1080,480,0.662043,896,528,0.466323,928,704,0.155027,0,0,0,1040,528,0.596686,1072,696,0.225757,0,0,0
45,1.5015,928,288,0.849369,952,272,0.851729,912,272,0.923679,864,312,0.729013,816,392,0.372634,816,416,0.214915,1032,320,0.730231,1096,408,0.479491,1080,480,0.543686,896,520,0.45842,936,712,0.146908,0,0,0,1040,528,0.596343,1064,696,0.21259,0,0,0
50,1.66833,920,288,0.688451,936,280,0.662366,912,280,0.755114,880,312,0.616475,808,368,0.312042,800,368,0.182714,1032,320,0.630614,1104,416,0.358849,1088,472,0.265197,904,488,0.403076,880,416,0.184448,880,496,0.138265,1032,512,0.466078,1064,696,0.174478,0,0,0
55,1.83517,928,288,0.760983,944,280,0.758495,912,280,0.823447,856,320,0.677475,808,376,0.363789,816,368,0.179516,1032,320,0.646512,1104,416,0.420145,1080,472,0.417313,904,504,0.45502,944,664,0.149961,0,0,0,1032,512,0.579681,1056,688,0.239645,0,0,0
60,2.002,928,288,0.618381,944,272,0.590714,912,272,0.678449,872,296,0.480184,824,368,0.317339,816,384,0.215998,1016,312,0.415204,1032,376,0.217594,0,0,0,888,456,0.288883,0,0,0,0,0,0,1008,496,0.275034,0,0,0,0,0,0
65,2.16883,928,296,0.805189,952,280,0.819665,920,280,0.879672,864,312,0.710669,816,392,0.424573,816,400,0.357511,1032,320,0.746371,1104,424,0.519257,1080,480,0.537957,896,512,0.469133,936,672,0.187179,0,0,0,1032,520,0.638597,1048,680,0.299965,1072,808,0.15026
70,2.33567,928,296,0.82922,952,280,0.816205,912,280,0.868981,864,320,0.645872,816,384,0.355391,808,400,0.274404,1040,320,0.722431,1104,424,0.491458,1080,472,0.475074,904,512,0.440894,936,664,0.166462,0,0,0,1040,520,0.619764,1056,688,0.273973,1064,800,0.11164
75,2.5025,928,296,0.782903,944,280,0.760978,920,280,0.827275,880,320,0.587451,808,368,0.233033,0,0,0,1040,320,0.708764,1104,424,0.506354,1080,472,0.418094,904,520,0.419241,944,664,0.15858,0,0,0,1040,528,0.595821,1056,696,0.280557,1064,792,0.118602
80,2.66933,928,296,0.873133,944,280,0.843437,912,280,0.887638,880,336,0.661302,824,400,0.289869,808,392,0.17234,1040,320,0.792252,1112,432,0.638438,1064,480,0.616883,904,528,0.462134,936,680,0.251961,1016,848,0.141097,1040,528,0.681318,1064,696,0.337394,1072,808,0.202735
85,2.83617,928,288,0.801541,944,280,0.775519,920,280,0.834302,880,328,0.601434,816,384,0.234436,800,360,0.118707,1040,320,0.738463,1112,424,0.601007,1056,480,0.580531,912,528,0.407494,944,664,0.154869,0,0,0,1048,536,0.63696,1064,696,0.288405,1072,808,0.141407
90,3.003,928,288,0.79952,944,280,0.777342,920,280,0.836533,880,336,0.630102,824,400,0.302495,824,416,0.149998,1040,320,0.761251,1112,432,0.612426,1056,480,0.596002,912,520,0.463753,936,672,0.208165,1016,840,0.106359,1040,528,0.666221,1064,696,0.314422,1072,808,0.17621
95,3.16983,928,288,0.497197,936,280,0.469426,912,272,0.520504,880,320,0.326498,808,368,0.254218,816,368,0.154056,1024,328,0.329204,1072,408,0.186543,0,0,0,888,496,0.261341,0,0,0,0,0,0,1024,536,0.344162,1064,696,0.145242,0,0,0
100,3.33667,928,288,0.652443,936,280,0.598846,912,272,0.699433,880,320,0.440995,832,384,0.244603,824,408,0.117539,1032,320,0.569501,1088,416,0.313476,1088,472,0.142731,896,496,0.364776,0,0,0,0,0,0,1032,520,0.463734,1056,696,0.212805,0,0,0
105,3.5035,920,288,0.664792,936,272,0.618738,912,272,0.713425,880,320,0.456332,824,384,0.283988,824,392,0.151201,1024,320,0.556466,1072,400,0.26105,1088,472,0.123938,896,488,0.36648,0,0,0,0,0,0,1032,504,0.446052,1064,696,0.167539,0,0,0
110,3.67033,936,296,0.921309,952,280,0.908745,920,280,0.953945,848,320,0.824085,792,432,0.555928,832,408,0.406969,1048,320,0.931814,1104,424,0.773524,1072,480,0.675593,888,536,0.579573,928,672,0.292232,1016,856,0.19199,1032,528,0.741932,1056,688,0.362011,1096,816,0.273717
115,3.83717,936,296,0.911449,952,280,0.903457,920,280,0.948752,848,320,0.806022,800,432,0.509568,824,400,0.298231,1048,320,0.925868,1104,416,0.752349,1072,480,0.674893,888,544,0.494649,928,672,0.251138,1016,848,0.173101,1040,528,0.721049,1056,688,0.361618,1088,816,0.252629
120,4.004,936,296,0.899149,952,272,0.893903,920,272,0.925334,848,320,0.802042,800,432,0.51286,832,400,0.411003,1040,320,0.907226,1104,416,0.739535,1072,480,0.661888,888,544,0.510749,928,680,0.251732,1016,848,0.17321,1040,536,0.691141,1056,688,0.357725,1088,816,0.246316
125,4.17083,928,296,0.913693,952,280,0.903212,912,272,0.919066,848,320,0.765719,792,432,0.49253,832,400,0.518064,1040,320,0.877184,1104,416,0.688516,1080,480,0.665413,888,536,0.498922,936,672,0.233472,1016,840,0.144523,1040,528,0.674695,1064,688,0.329289,1088,808,0.222496
130,4.33767,928,304,0.930288,952,280,0.924891,912,280,0.94336,848,320,0.803427,792,448,0.562908,840,392,0.5272,1040,320,0.910881,1096,408,0.728351,1088,480,0.691345,896,536,0.553534,936,664,0.306649,1016,848,0.165494,1032,520,0.742917,1064,680,0.351982,1088,808,0.231181
135,4.5045,928,296,0.921161,952,280,0.930913,912,280,0.942799,848,320,0.810489,800,456,0.546186,840,400,0.49251,1040,312,0.910564,1096,408,0.717624,1088,488,0.675093,896,536,0.541208,936,664,0.287276,1024,848,0.155311,1032,520,0.731589,1056,680,0.327485,1088,808,0.208479
140,4.67133,920,288,0.632392,944,272,0.613241,912,280,0.667959,856,320,0.61247,816,384,0.357966,848,384,0.3018,1032,320,0.658673,1088,392,0.398046,1096,472,0.350196,904,512,0.433939,960,656,0.125834,0,0,0,1032,512,0.570963,1064,688,0.198977,0,0,0
145,4.83817,920,296,0.629845,936,280,0.581109,904,280,0.649598,856,320,0.592503,808,384,0.285744,880,384,0.158999,1024,320,0.634173,1088,392,0.311573,1088,480,0.29068,896,512,0.444542,960,656,0.128914,0,0,0,1032,512,0.595063,1064,688,0.212258,0,0,0
150,5.005,920,288,0.544489,936,272,0.510105,904,272,0.56593,856,320,0.472315,808,376,0.279753,840,408,0.124859,1024,320,0.526877,1080,376,0.221062,0,0,0,888,496,0.368347,0,0,0,0,0,0,1024,512,0.443339,1072,696,0.125719,0,0,0
155,5.17183,928,320,0.741211,952,304,0.752356,920,296,0.806407,832,328,0.821701,800,440,0.485514,848,400,0.463958,1040,320,0.89679,1096,408,0.705424,1088,480,0.639727,896,536,0.536442,936,664,0.276001,1016,848,0.168795,1032,520,0.722604,1056,688,0.342208,1088,816,0.208761
160,5.33867,944,304,0.777858,952,288,0.782965,920,288,0.780892,832,336,0.857578,808,464,0.727778,872,392,0.66736,1040,320,0.902945,1096,408,0.719157,1096,488,0.660873,896,544,0.641315,936,680,0.317383,1024,864,0.223477,1032,520,0.753445,1056,688,0.402104,1096,824,0.298717
165,5.5055,944,304,0.814557,952,280,0.814595,920,288,0.812156,832,328,0.861964,808,464,0.70218,872,400,0.594484,1040,320,0.911463,1096,408,0.723992,1088,488,0.548788,888,544,0.550557,928,672,0.272621,1016,848,0.18789,1032,528,0.714225,1048,688,0.368163,1080,816,0.249301
170,5.67233,936,304,0.7653,952,288,0.784914,920,288,0.778357,840,328,0.863329,808,464,0.756586,872,392,0.691338,1040,320,0.904054,1096,416,0.725107,1080,480,0.636084,896,544,0.661151,936,672,0.334796,1024,856,0.217165,1032,520,0.753318,1056,688,0.386309,1096,816,0.264637
175,5.83917,936,304,0.749094,952,288,0.755159,920,288,0.756195,840,320,0.870395,808,456,0.745945,872,400,0.643827,1040,320,0.903767,1096,416,0.734981,1080,480,0.617838,896,544,0.611498,936,672,0.311846,1016,848,0.200723,1032,528,0.738072,1056,688,0.370749,1088,816,0.254884
180,6.006,936,312,0.712526,952,296,0.715197,920,296,0.747317,840,328,0.867667,808,456,0.692621,872,400,0.626395,1040,320,0.920833,1104,416,0.774252,1080,488,0.671263,896,544,0.651224,936,672,0.351332,1024,856,0.224999,1032,520,0.769152,1064,688,0.411701,1104,824,0.299634
185,6.17283,936,296,0.817395,952,280,0.840363,920,280,0.833056,848,320,0.848068,808,432,0.541287,848,408,0.418577,1048,320,0.916841,1104,416,0.779289,1080,488,0.669979,904,528,0.571506,952,656,0.263702,1016,848,0.14642,1040,512,0.762386,1064,688,0.315667,1096,816,0.182652
190,6.33967,936,296,0.766466,952,280,0.796128,920,280,0.787657,848,320,0.845453,808,440,0.590662,864,408,0.452347,1048,320,0.898415,1104,416,0.763655,1080,488,0.707579,912,528,0.564998,944,656,0.234224,1016,840,0.121091,1032,512,0.728984,1064,688,0.285312,1088,808,0.152264
195,6.5065,928,304,0.724538,952,280,0.753044,912,288,0.758082,848,320,0.840219,808,432,0.497125,848,392,0.527085,1040,320,0.883995,1096,416,0.708213,1080,488,0.669282,912,520,0.526118,952,656,0.21285,1008,848,0.12185,1032,504,0.72224,1064,680,0.278884,1072,808,0.136593
200,6.67333,936,288,0.81043,952,272,0.845041,920,272,0.876932,840,320,0.866711,808,456,0.727479,864,392,0.650095,1024,312,0.820196,1088,400,0.603259,1088,480,0.668106,896,536,0.538634,944,656,0.254563,1016,824,0.107732,1032,512,0.691707,1056,680,0.254722,1072,800,0.129846
205,6.84017,928,280,0.813209,944,272,0.822367,912,272,0.839762,840,320,0.838433,800,464,0.634368,856,400,0.607393,1032,312,0.799922,1096,408,0.579628,1088,488,0.592913,888,536,0.51307,936,664,0.221009,0,0,0,1032,520,0.660604,1056,680,0.25722,1064,792,0.124773
210,7.007,928,280,0.810204,944,272,0.822705,912,272,0.840907,840,320,0.838708,800,456,0.614465,848,400,0.584419,1032,312,0.776385,1088,400,0.548061,1088,480,0.604222,896,536,0.540052,944,664,0.205492,0,0,0,1032,520,0.645597,1064,688,0.239965,1064,784,0.100116
215,7.17383,936,304,0.915274,952,280,0.9239,920,280,0.918545,832,320,0.860564,800,464,0.762195,872,392,0.687243,1040,320,0.922726,1096,416,0.747776,1080,496,0.669978,896,552,0.609993,928,672,0.309184,1016,856,0.200446,1040,520,0.716522,1064,696,0.353366,1088,816,0.227273
220,7.34067,936,296,0.918664,952,280,0.928875,920,272,0.935543,840,320,0.874793,808,448,0.787482,880,392,0.621042,1040,320,0.912783,1096,416,0.755724,1080,496,0.695759,896,544,0.643883,936,672,0.341311,1016,856,0.213705,1032,520,0.75925,1064,688,0.382524,1096,816,0.258041
225,7.5075,936,296,0.905296,952,280,0.92302,920,280,0.925903,840,320,0.859608,808,448,0.763099,880,392,0.627296,1040,320,0.910309,1104,416,0.758733,1080,496,0.675857,896,552,0.588883,936,672,0.314002,1016,848,0.189125,1040,528,0.735613,1064,688,0.376752,1096,816,0.252021
230,7.67433,928,280,0.832146,944,272,0.830204,912,272,0.843263,840,328,0.831158,808,440,0.599748,864,408,0.418495,1032,320,0.805935,1104,416,0.575139,1080,488,0.593034,888,552,0.454433,936,704,0.176606,0,0,0,1040,536,0.631852,1064,696,0.290179,1072,800,0.143508
235,7.84117,928,288,0.775369,944,272,0.805917,912,272,0.817835,840,328,0.843115,800,440,0.609151,856,416,0.410154,1032,320,0.839943,1096,408,0.619886,1080,496,0.6113,880,544,0.497328,928,704,0.241848,1016,848,0.152041,1032,528,0.658243,1056,696,0.337521,1080,816,0.187808
240,8.008,928,288,0.723692,944,280,0.721839,920,272,0.757099,848,328,0.804779,808,424,0.468999,848,408,0.312025,1024,320,0.682382,1080,376,0.273015,1088,472,0.15417,872,544,0.239336,0,0,0,0,0,0,1032,544,0.276341,1072,696,0.109517,0,0,0
245,8.17483,928,296,0.861976,944,272,0.859118,912,272,0.862963,832,328,0.850663,808,432,0.693134,872,408,0.630276,1032,320,0.783128,1088,392,0.510213,1088,472,0.556612,880,536,0.543226,928,672,0.263048,1016,848,0.137229,1024,528,0.599893,1048,680,0.311609,1064,808,0.19587
250,8.34167,936,304,0.853339,952,280,0.842867,920,280,0.832744,840,320,0.831616,808,432,0.660919,872,400,0.636409,1032,312,0.707355,1088,384,0.401084,1096,464,0.360779,880,544,0.387978,928,720,0.120803,0,0,0,1024,528,0.410478,1064,696,0.184513,0,0,0
255,8.5085,936,304,0.885386,952,280,0.884661,920,280,0.860284,840,320,0.808715,808,432,0.54742,872,408,0.534438,1032,320,0.769627,1088,392,0.455667,1096,456,0.44798,880,536,0.399645,920,656,0.138893,0,0,0,1024,528,0.462851,1056,680,0.209957,1064,784,0.107957
260,8.67533,928,296,0.829592,952,272,0.83909,912,272,0.830613,832,328,0.840742,808,448,0.638504,872,408,0.56598,1032,320,0.754811,1088,392,0.383919,1096,456,0.368524,888,552,0.409712,928,712,0.14676,0,0,0,1032,552,0.490538,1056,696,0.221137,1064,792,0.10771
265,8.84217,928,304,0.878535,952,280,0.867283,912,280,0.855375,832,328,0.866334,808,448,0.705504,856,416,0.67874,1040,320,0.849642,1088,392,0.522771,1096,464,0.556813,888,544,0.486279,920,664,0.26574,960,848,0.149335,1032,536,0.524479,1064,688,0.256345,1072,808,0.16111
270,9.009,936,296,0.839439,952,272,0.860962,912,280,0.835041,840,328,0.862382,808,448,0.655749,864,416,0.588678,1032,320,0.776254,1088,392,0.446085,1096,464,0.433155,896,560,0.458028,936,696,0.216285,968,848,0.109614,1032,544,0.531967,1064,696,0.261707,1072,808,0.147938
275,9.17583,936,288,0.810963,952,272,0.821436,920,272,0.835575,832,320,0.822735,808,456,0.654041,856,432,0.670422,1000,304,0.588932,1048,368,0.272019,1072,416,0.12783,896,536,0.474365,944,712,0.132389,0,0,0,1016,520,0.447635,1072,680,0.117105,0,0,0
280,9.34267,872,288,0.128149,0,0,0,880,280,0.113421,840,328,0.295235,808,408,0.250397,840,416,0.124992,912,320,0.11025,928,368,0.116604,0,0,0,880,464,0.185308,0,0,0,0,0,0,920,440,0.101255,0,0,0,0,0,0
285,9.5095,936,288,0.755537,952,272,0.786068,920,272,0.787437,832,328,0.843296,808,440,0.636214,848,432,0.531256,1008,320,0.54425,1064,376,0.23625,0,0,0,896,528,0.434222,936,664,0.104377,0,0,0,1024,528,0.339657,0,0,0,0,0,0
290,9.67633,928,272,0.251433,944,264,0.208119,920,264,0.287458,856,328,0.337312,816,400,0.273258,824,440,0.187274,1040,320,0.235443,1080,392,0.101211,0,0,0,904,528,0.219876,0,0,0,0,0,0,1024,536,0.209706,0,0,0,0,0,0
295,9.84317,936,280,0.663228,952,264,0.65232,920,264,0.694387,840,328,0.803467,808,440,0.714943,872,416,0.582584,1008,320,0.449209,1080,400,0.163385,0,0,0,896,552,0.403851,928,712,0.165121,0,0,0,1032,536,0.435038,1064,704,0.186165,0,0,0
300,10.01,944,272,0.877623,952,256,0.789497,920,256,0.85851,840,328,0.867967,808,448,0.749363,864,416,0.664744,1032,320,0.676959,1104,416,0.404389,1088,464,0.229229,888,536,0.529851,920,664,0.310359,960,848,0.15287,1024,528,0.587519,1048,680,0.299599,1064,808,0.182989
305,10.1768,944,272,0.941624,960,256,0.818136,928,256,0.897931,840,328,0.88723,808,448,0.809249,880,408,0.671586,1048,312,0.914925,1112,424,0.699778,1064,480,0.576307,904,544,0.574486,928,664,0.336058,1016,848,0.216712,1040,528,0.728966,1056,688,0.354029,1088,824,0.232012
310,10.3437,944,272,0.932706,960,256,0.81869,928,256,0.89151,840,328,0.891211,808,448,0.798456,872,408,0.646174,1040,312,0.867323,1104,408,0.608823,1080,472,0.538279,896,536,0.57468,928,664,0.323359,1016,848,0.180956,1032,512,0.701122,1048,680,0.320572,1080,816,0.212425
315,10.5105,936,264,0.671062,944,248,0.641971,920,256,0.708496,864,328,0.750808,832,424,0.453044,856,424,0.452743,1040,320,0.662304,1104,432,0.4403,1000,432,0.190069,904,544,0.478818,944,696,0.205963,1024,856,0.132107,1032,528,0.603303,1056,696,0.259882,1088,824,0.149409
320,10.6773,936,272,0.911,952,256,0.889403,920,256,0.857078,848,328,0.895979,800,456,0.673516,840,448,0.767048,1048,320,0.916566,1112,424,0.685934,1072,488,0.376449,896,544,0.698676,936,680,0.384282,1016,872,0.233413,1032,528,0.776476,1064,696,0.401712,1104,832,0.304743
325,10.8442,936,272,0.57898,952,256,0.512693,920,264,0.590898,880,336,0.588487,840,432,0.329101,872,400,0.335288,1032,320,0.536121,1104,416,0.313695,1096,448,0.137311,912,512,0.489378,936,664,0.176974,1016,872,0.162034,1024,512,0.601843,1040,688,0.20408,1080,824,0.144476
330,11.011,944,280,0.403388,960,272,0.360495,936,272,0.432001,888,336,0.540526,832,400,0.272307,880,400,0.214765,1024,336,0.419698,1104,424,0.295517,1088,464,0.143215,920,512,0.444225,976,704,0.127283,1024,864,0.11657,1032,512,0.555989,1040,696,0.171632,1088,824,0.102606
335,11.1778,936,272,0.848673,952,248,0.816285,928,248,0.836788,856,320,0.689138,808,408,0.357814,880,400,0.230802,1040,336,0.743269,1112,424,0.502004,1088,464,0.226415,888,544,0.495553,960,720,0.216255,0,0,0,1040,536,0.653959,1064,712,0.271241,0,0,0
340,11.3447,936,264,0.737415,952,248,0.757701,920,248,0.734062,856,320,0.579123,808,416,0.307568,872,400,0.278149,1024,336,0.529845,1048,400,0.313674,1032,400,0.215054,880,528,0.361438,0,0,0,0,0,0,1016,512,0.526092,1056,656,0.107697,0,0,0
345,11.5115,936,264,0.893708,952,248,0.873647,920,248,0.868832,848,320,0.7834,808,440,0.493094,872,408,0.501941,1032,328,0.712662,1088,424,0.420924,1008,416,0.466134,888,536,0.504664,928,672,0.250705,1016,848,0.132422,1024,528,0.722425,1048,680,0.331424,1080,816,0.167517
350,11.6783,0,0,0,0,0,0,0,0,0,0,0,0,0,0,0,0,0,0,0,0,0,0,0,0,0,0,0,0,0,0,0,0,0,0,0,0,0,0,0,0,0,0,0,0,0
355,11.8452,0,0,0,0,0,0,0,0,0,0,0,0,824,328,0.138469,0,0,0,0,0,0,0,0,0,0,0,0,0,0,0,0,0,0,0,0,0,0,0,0,0,0,0,0,0,0
360,12.012,0,0,0,0,0,0,0,0,0,0,0,0,832,320,0.103115,0,0,0,0,0,0,0,0,0,0,0,0,0,0,0,0,0,0,0,0,0,0,0,0,0,0,0,0,0,0
365,12.1788,944,272,0.813101,960,256,0.736271,928,256,0.794976,848,304,0.568289,800,400,0.257275,856,392,0.122093,1024,304,0.506609,1072,376,0.242036,1080,392,0.128398,880,512,0.321734,0,0,0,0,0,0,1016,512,0.42979,0,0,0,0,0,0
370,12.3457,944,280,0.872825,960,264,0.779348,928,256,0.839016,848,312,0.701828,808,400,0.352058,872,400,0.251921,1016,312,0.548819,1056,384,0.226915,1040,384,0.143941,872,512,0.353533,0,0,0,0,0,0,1016,512,0.398604,0,0,0,0,0,0
375,12.5125,944,280,0.525388,952,264,0.489757,928,264,0.510311,904,320,0.317104,880,360,0.246754,872,400,0.236002,1016,320,0.293114,1040,376,0.126206,0,0,0,920,472,0.294376,0,0,0,0,0,0,1008,472,0.19076,0,0,0,0,0,0
380,12.6793,904,288,0.218021,920,272,0.173767,904,272,0.204373,848,312,0.247169,808,360,0.214913,848,384,0.14588,920,320,0.146669,920,368,0.122658,0,0,0,848,448,0.155912,0,0,0,0,0,0,0,0,0,0,0,0,0,0,0
385,12.8462,0,0,0,0,0,0,0,0,0,0,0,0,0,0,0,0,0,0,0,0,0,0,0,0,0,0,0,0,0,0,0,0,0,0,0,0,0,0,0,0,0,0,0,0,0
390,13.013,936,280,0.363012,944,264,0.342921,920,264,0.369532,880,312,0.273202,832,376,0.215647,880,384,0.123078,1008,296,0.201182,1024,336,0.16281,0,0,0,912,464,0.136008,0,0,0,0,0,0,984,456,0.102163,0,0,0,0,0,0
395,13.1798,0,0,0,0,0,0,0,0,0,0,0,0,0,0,0,0,0,0,0,0,0,0,0,0,0,0,0,0,0,0,0,0,0,0,0,0,0,0,0,0,0,0,0,0,0
400,13.3467,0,0,0,0,0,0,0,0,0,0,0,0,0,0,0,0,0,0,0,0,0,0,0,0,0,0,0,0,0,0,0,0,0,0,0,0,0,0,0,0,0,0,0,0,0
405,13.5135,0,0,0,0,0,0,0,0,0,0,0,0,0,0,0,0,0,0,0,0,0,0,0,0,0,0,0,0,0,0,0,0,0,0,0,0,0,0,0,0,0,0,0,0,0
410,13.6803,0,0,0,0,0,0,0,0,0,0,0,0,0,0,0,0,0,0,0,0,0,0,0,0,0,0,0,0,0,0,0,0,0,0,0,0,0,0,0,0,0,0,0,0,0
415,13.8472,0,0,0,0,0,0,0,0,0,0,0,0,0,0,0,0,0,0,0,0,0,0,0,0,0,0,0,0,0,0,0,0,0,0,0,0,0,0,0,0,0,0,0,0,0
420,14.014,0,0,0,0,0,0,0,0,0,0,0,0,0,0,0,0,0,0,0,0,0,0,0,0,0,0,0,0,0,0,0,0,0,0,0,0,1024,528,0.102447,0,0,0,0,0,0
425,14.1808,0,0,0,0,0,0,0,0,0,0,0,0,0,0,0,0,0,0,0,0,0,0,0,0,0,0,0,0,0,0,0,0,0,0,0,0,0,0,0,0,0,0,0,0,0
430,14.3477,872,320,0.145773,872,312,0.105128,864,312,0.11824,848,328,0.137069,824,360,0.185075,0,0,0,0,0,0,0,0,0,0,0,0,0,0,0,0,0,0,0,0,0,0,0,0,0,0,0,0,0,0
435,14.5145,1472,920,0.111031,1480,920,0.115101,1480,920,0.103279,0,0,0,0,0,0,0,0,0,0,0,0,0,0,0,0,0,0,0,0,0,0,0,0,0,0,0,0,0,0,0,0,0,0,0,0
440,14.6813,0,0,0,0,0,0,0,0,0,0,0,0,0,0,0,0,0,0,0,0,0,0,0,0,0,0,0,0,0,0,0,0,0,0,0,0,0,0,0,0,0,0,0,0,0
445,14.8482,864,320,0.113589,0,0,0,864,320,0.103663,864,320,0.117465,832,368,0.174878,880,384,0.127322,0,0,0,0,0,0,0,0,0,952,456,0.18289,0,0,0,0,0,0,1032,512,0.15395,0,0,0,0,0,0
450,15.015,0,0,0,0,0,0,0,0,0,0,0,0,0,0,0,0,0,0,0,0,0,0,0,0,0,0,0,0,0,0,0,0,0,0,0,0,0,0,0,0,0,0,0,0,0
455,15.1818,0,0,0,0,0,0,0,0,0,0,0,0,0,0,0,0,0,0,0,0,0,0,0,0,0,0,0,0,0,0,0,0,0,0,0,0,0,0,0,0,0,0,0,0,0
460,15.3487,0,0,0,0,0,0,0,0,0,0,0,0,0,0,0,0,0,0,0,0,0,0,0,0,0,0,0,0,0,0,0,0,0,0,0,0,0,0,0,0,0,0,0,0,0
465,15.5155,872,304,0.182664,872,304,0.137226,872,304,0.174223,856,320,0.28848,816,384,0.269068,856,416,0.161011,912,328,0.123236,1120,416,0.125411,0,0,0,928,496,0.237222,0,0,0,0,0,0,1048,520,0.360789,0,0,0,0,0,0
470,15.6823,864,328,0.205783,864,320,0.162375,856,320,0.180255,856,320,0.19815,824,392,0.199748,888,400,0.165908,888,344,0.108698,904,368,0.111791,0,0,0,840,464,0.122817,0,0,0,0,0,0,1032,520,0.111071,0,0,0,0,0,0
475,15.8492,928,280,0.614902,944,272,0.563659,920,272,0.675084,856,328,0.76481,808,432,0.573653,888,400,0.587099,1048,320,0.730491,1120,408,0.538818,1000,432,0.389958,904,536,0.378857,944,664,0.178398,1016,864,0.155218,1056,536,0.520619,1072,704,0.278206,1104,832,0.182493
480,16.016,928,280,0.670214,936,264,0.646403,912,264,0.738722,848,328,0.864083,816,432,0.451689,872,400,0.410434,1048,320,0.762142,1128,408,0.55174,1096,472,0.423165,888,552,0.350322,936,664,0.127201,1016,856,0.108313,1056,544,0.487175,1072,696,0.305168,1096,824,0.133814
485,16.1828,944,296,0.8607,952,272,0.820463,920,280,0.870828,848,328,0.859798,816,432,0.507937,848,424,0.373179,1040,320,0.782528,1136,416,0.60809,1072,472,0.408014,904,536,0.457522,960,704,0.172184,0,0,0,1064,544,0.590002,1080,696,0.319461,1088,824,0.127816
490,16.3497,944,296,0.778264,960,280,0.711186,928,280,0.7835,864,328,0.64295,832,408,0.326746,848,416,0.216505,1040,320,0.645883,1128,416,0.475339,1104,456,0.336305,928,512,0.49104,968,648,0.207168,1024,856,0.110875,1048,512,0.642648,1072,688,0.265621,1096,832,0.109529
495,16.5165,936,296,0.920614,952,272,0.873034,920,272,0.915564,840,328,0.854191,800,448,0.679253,888,416,0.465723,1048,320,0.869182,1128,408,0.824347,992,424,0.673569,896,528,0.570674,936,664,0.329525,1024,864,0.22254,1040,520,0.737602,1056,680,0.424968,1112,832,0.30295
500,16.6833,944,288,0.921396,960,264,0.85879,920,272,0.936377,848,328,0.880009,808,456,0.789406,888,392,0.697995,1048,320,0.852305,1128,416,0.713897,1080,472,0.572686,888,552,0.480376,928,704,0.226643,1008,864,0.134574,1056,544,0.620516,1072,704,0.354325,1096,824,0.207068
505,16.8502,944,280,0.902941,960,272,0.872046,920,272,0.891495,848,328,0.874218,808,432,0.616814,888,400,0.600623,1040,320,0.699477,1112,408,0.432071,1104,456,0.244894,888,512,0.446874,936,656,0.127786,0,0,0,1040,520,0.543938,1072,688,0.224718,0,0,0
510,17.017,944,280,0.838571,952,272,0.81067,920,272,0.829891,872,328,0.668006,824,400,0.388002,880,408,0.478905,1016,312,0.590061,1080,392,0.160712,928,280,0.100241,912,488,0.375051,0,0,0,0,0,0,1032,496,0.394094,0,0,0,0,0,0
515,17.1838,944,272,0.909818,960,256,0.861958,920,256,0.915327,856,312,0.828201,808,432,0.580435,888,392,0.697914,1040,312,0.891065,1128,408,0.775729,1000,424,0.514112,904,528,0.55351,936,656,0.298219,1032,856,0.171473,1048,520,0.720942,1064,688,0.359016,1120,832,0.210455
520,17.3507,928,280,0.391617,944,264,0.368124,920,272,0.379606,912,320,0.279299,880,376,0.241885,880,392,0.188801,1024,320,0.247867,1112,408,0.287357,1016,416,0.266069,928,480,0.37568,0,0,0,0,0,0,1056,520,0.42598,1072,688,0.127586,0,0,0
525,17.5175,976,440,0.362329,984,432,0.352957,968,440,0.308044,968,480,0.247697,952,488,0.178073,960,472,0.106757,1032,456,0.332774,1040,424,0.197366,992,440,0.119185,992,560,0.310336,1032,696,0.109604,0,0,0,1048,560,0.327845,0,0,0,0,0,0
530,17.6843,976,440,0.376561,984,432,0.366851,968,432,0.340239,960,472,0.283879,944,488,0.172909,968,456,0.124766,1024,456,0.321408,1040,440,0.183088,992,448,0.105775,992,560,0.339801,1016,688,0.132504,0,0,0,1040,560,0.356671,0,0,0,0,0,0
535,17.8512,928,280,0.137736,936,264,0.128799,920,272,0.124775,0,0,0,888,360,0.116674,0,0,0,0,0,0,1016,392,0.116566,0,0,0,952,512,0.186974,0,0,0,0,0,0,1032,528,0.220639,0,0,0,0,0,0
540,18.018,928,280,0.870022,944,264,0.871847,912,264,0.901655,872,328,0.664971,832,384,0.343126,888,392,0.35408,1016,344,0.711611,1064,416,0.453025,1096,448,0.248909,912,512,0.58003,960,648,0.326441,1032,872,0.185888,1032,512,0.658753,1056,680,0.305824,1112,832,0.189307
545,18.1848,928,280,0.943114,952,256,0.95671,912,256,0.898774,856,328,0.876138,808,440,0.607744,872,400,0.758039,1048,320,0.854914,1128,416,0.734753,1088,456,0.275214,896,528,0.634193,928,672,0.416162,1032,864,0.231105,1048,528,0.754305,1064,688,0.445228,1128,840,0.305325
550,18.3517,944,272,0.947797,960,256,0.864277,920,256,0.953205,880,296,0.81129,832,264,0.496691,792,224,0.246279,1040,312,0.829185,1120,408,0.647139,1080,448,0.447083,920,504,0.708915,944,648,0.408255,1032,848,0.150476,1048,496,0.783148,1056,648,0.387848,1112,816,0.231198
555,18.5185,936,280,0.910988,960,256,0.878049,920,256,0.902575,880,320,0.759391,824,432,0.339613,880,408,0.345444,1064,312,0.753341,1136,416,0.664243,1080,448,0.295476,920,528,0.658513,952,672,0.37676,1040,872,0.186739,1056,520,0.787531,1072,688,0.449285,1120,832,0.272043
560,18.6853,944,272,0.552418,960,256,0.483425,936,264,0.580743,904,304,0.498129,880,368,0.26029,896,368,0.124558,1056,312,0.615615,1128,416,0.60077,1000,416,0.555631,936,504,0.545919,984,664,0.296346,1056,856,0.111056,1064,512,0.725125,1080,680,0.332121,1120,824,0.109402
565,18.8522,944,272,0.119561,960,272,0.106861,936,264,0.113027,0,0,0,880,320,0.120491,0,0,0,0,0,0,0,0,0,0,0,0,952,464,0.106725,0,0,0,0,0,0,0,0,0,0,0,0,0,0,0
570,19.019,952,280,0.644693,968,264,0.578145,944,272,0.690931,912,320,0.570882,880,368,0.332785,888,360,0.220898,1056,312,0.707617,1128,400,0.578703,1112,472,0.487051,952,496,0.603468,984,632,0.340617,0,0,0,1064,496,0.708279,1072,640,0.310769,0,0,0
575,19.1858,0,0,0,0,0,0,0,0,0,0,0,0,0,0,0,0,0,0,0,0,0,0,0,0,0,0,0,0,0,0,0,0,0,0,0,0,0,0,0,0,0,0,0,0,0
580,19.3527,0,0,0,0,0,0,0,0,0,0,0,0,0,0,0,0,0,0,0,0,0,0,0,0,0,0,0,0,0,0,0,0,0,0,0,0,0,0,0,0,0,0,0,0,0
585,19.5195,0,0,0,0,0,0,0,0,0,0,0,0,0,0,0,0,0,0,0,0,0,0,0,0,0,0,0,0,0,0,0,0,0,0,0,0,0,0,0,0,0,0,0,0,0
590,19.6863,0,0,0,0,0,0,0,0,0,0,0,0,0,0,0,0,0,0,0,0,0,0,0,0,0,0,0,960,528,0.129431,0,0,0,0,0,0,1064,528,0.172859,0,0,0,0,0,0
595,19.8532,928,280,0.351094,944,264,0.301837,920,272,0.373277,912,320,0.281589,888,360,0.17257,0,0,0,1048,320,0.219075,1112,416,0.197161,0,0,0,952,512,0.337397,0,0,0,0,0,0,1056,512,0.43973,1080,680,0.121698,0,0,0
600,20.02,936,280,0.476264,952,272,0.41585,928,272,0.493992,896,304,0.427056,880,368,0.150581,0,0,0,1048,304,0.495222,1112,392,0.425396,1096,448,0.378317,944,512,0.323534,0,0,0,0,0,0,1056,504,0.494099,1104,672,0.123756,0,0,0
605,20.1868,952,272,0.194294,960,264,0.148028,936,264,0.171369,920,312,0.157725,0,0,0,0,0,0,1032,304,0.130253,0,0,0,0,0,0,0,0,0,0,0,0,0,0,0,1040,512,0.129839,0,0,0,0,0,0
610,20.3537,960,264,0.112747,968,264,0.108639,0,0,0,0,0,0,0,0,0,0,0,0,0,0,0,0,0,0,0,0,0,0,0,0,0,0,0,0,0,0,0,0,0,0,0,0,0,0,0
615,20.5205,952,256,0.330963,968,248,0.293572,944,248,0.337104,912,304,0.281885,872,328,0.154353,0,0,0,1032,304,0.330424,1080,344,0.272574,1104,392,0.171766,936,464,0.176712,0,0,0,0,0,0,1048,504,0.179007,0,0,0,0,0,0
620,20.6873,944,264,0.410689,952,248,0.370465,928,248,0.421737,912,312,0.352328,888,368,0.170332,0,0,0,1032,296,0.390695,1080,368,0.274917,1080,392,0.154839,944,480,0.416842,984,624,0.135881,0,0,0,1040,488,0.499343,1072,616,0.157143,0,0,0
625,20.8542,936,272,0.549995,952,264,0.488302,920,264,0.566136,888,312,0.402532,856,360,0.154451,0,0,0,1024,304,0.535342,1064,352,0.442833,1048,408,0.281882,920,472,0.440448,960,600,0.15772,0,0,0,1024,464,0.556822,1048,592,0.211313,0,0,0
630,21.021,944,272,0.803756,960,256,0.756496,928,256,0.814026,864,272,0.592537,824,328,0.225919,848,352,0.12536,1024,288,0.782627,1072,360,0.639233,1056,416,0.657212,888,472,0.417129,0,0,0,0,0,0,1016,472,0.485603,1064,576,0.159223,0,0,0
635,21.1878,936,272,0.89578,960,248,0.868924,920,256,0.927844,856,288,0.748354,816,368,0.356672,840,352,0.478697,1032,288,0.913826,1080,360,0.832633,1048,416,0.606945,896,488,0.625811,936,624,0.272401,0,0,0,1024,480,0.675089,1056,640,0.258913,1096,792,0.119516
640,21.3547,936,272,0.645892,952,264,0.571556,920,256,0.67349,872,288,0.478621,832,336,0.259783,824,368,0.205277,1032,288,0.637728,1072,360,0.520219,1064,408,0.421871,904,472,0.423065,0,0,0,0,0,0,1032,480,0.494559,1072,584,0.146724,0,0,0
645,21.5215,936,256,0.362582,952,248,0.333955,920,248,0.403372,896,288,0.294313,880,320,0.182335,0,0,0,1024,296,0.479626,1072,352,0.386873,1072,408,0.310414,912,432,0.257779,0,0,0,0,0,0,1000,456,0.220413,0,0,0,0,0,0
650,21.6883,952,280,0.802718,968,264,0.758343,928,264,0.833182,864,288,0.595829,824,344,0.222138,840,352,0.185144,1032,288,0.853308,1072,392,0.579789,1104,448,0.403376,896,480,0.557131,936,616,0.246218,0,0,0,1016,480,0.622437,1048,624,0.24357,1080,792,0.100501
655,21.8552,944,264,0.113422,960,256,0.106022,928,248,0.105511,0,0,0,0,0,0,0,0,0,1016,288,0.208714,1048,352,0.139047,0,0,0,0,0,0,0,0,0,0,0,0,0,0,0,0,0,0,0,0,0
660,22.022,936,280,0.654306,944,272,0.587082,920,272,0.690893,904,328,0.444191,872,320,0.175741,0,0,0,1016,304,0.616805,1056,360,0.477349,1064,408,0.382711,944,480,0.389798,984,616,0.184598,0,0,0,1040,480,0.486081,1072,600,0.175077,0,0,0
665,22.1888,920,264,0.894281,936,240,0.856623,904,240,0.886173,856,312,0.79421,832,384,0.260348,840,376,0.183336,1016,288,0.930902,1072,360,0.833979,1064,416,0.727825,920,488,0.609119,976,640,0.355353,1064,848,0.215331,1040,472,0.721475,1080,624,0.443461,1136,808,0.249264
670,22.3557,920,256,0.900312,944,240,0.888532,904,240,0.87515,848,312,0.803729,808,408,0.305294,816,376,0.234916,1024,296,0.890016,1080,384,0.776628,1072,416,0.716334,896,504,0.558059,944,648,0.299929,1032,848,0.200487,1032,496,0.616323,1072,640,0.402373,1128,808,0.250942
675,22.5225,920,264,0.91185,944,240,0.88149,904,240,0.881705,848,312,0.776619,800,392,0.240109,856,384,0.104176,1024,296,0.88398,1088,376,0.831266,1104,424,0.767674,896,504,0.557873,944,632,0.253166,1064,840,0.125759,1040,496,0.707275,1080,648,0.350854,1120,792,0.172556
680,22.6893,912,248,0.399558,912,232,0.387664,896,240,0.458276,888,304,0.373644,880,352,0.183348,0,0,0,1032,320,0.5393,1088,368,0.477018,1128,408,0.474213,944,496,0.435783,992,632,0.149342,0,0,0,1056,504,0.577143,1088,624,0.200782,0,0,0
685,22.8562,936,288,0.296448,944,272,0.281753,928,280,0.31442,920,336,0.370327,888,368,0.198301,0,0,0,1056,336,0.523416,1112,424,0.558194,1088,464,0.167805,952,512,0.327941,0,0,0,0,0,0,1064,520,0.469483,0,0,0,0,0,0
690,23.023,904,304,0.647298,920,272,0.53923,896,288,0.712917,880,344,0.657642,800,352,0.190535,896,480,0.109673,1048,344,0.794845,1104,432,0.858237,960,464,0.659164,944,544,0.530456,984,688,0.25722,1048,872,0.185381,1064,528,0.815876,1064,688,0.416688,1136,840,0.298907
695,23.1898,920,264,0.860899,936,240,0.814507,904,240,0.872977,832,336,0.840377,776,400,0.355231,808,392,0.259793,1040,328,0.821516,1112,416,0.833307,1024,488,0.544179,896,528,0.581666,928,672,0.282335,1024,864,0.187663,1048,528,0.782627,1064,680,0.476507,1112,832,0.329638
700,23.3567,912,264,0.705393,928,256,0.689131,904,256,0.741635,864,352,0.653761,856,440,0.245839,960,488,0.209005,1048,328,0.765065,1112,416,0.778754,1024,480,0.355439,928,520,0.622518,968,672,0.318653,1048,872,0.182811,1056,520,0.80826,1072,672,0.466745,1136,832,0.270515
705,23.5235,912,256,0.863246,936,240,0.854079,896,240,0.897437,832,344,0.81384,784,416,0.37537,952,496,0.197016,1040,328,0.792745,1112,432,0.78546,992,488,0.610136,912,536,0.670701,968,704,0.381849,1008,880,0.187262,1056,520,0.816196,1072,680,0.530809,1136,840,0.296868
710,23.6903,928,264,0.829299,944,248,0.814924,912,248,0.861241,824,344,0.882708,768,424,0.587877,808,472,0.260882,1024,328,0.799055,1112,424,0.712887,1088,496,0.357905,896,544,0.626574,936,704,0.340347,1000,880,0.212607,1048,520,0.744752,1072,696,0.445221,1120,840,0.290918
715,23.8572,928,264,0.792035,944,248,0.797969,912,248,0.863807,824,336,0.899621,776,416,0.764135,816,496,0.49291,1040,328,0.824276,1112,440,0.787712,1008,504,0.713516,896,536,0.658657,944,696,0.34099,1008,880,0.191217,1056,528,0.777906,1072,688,0.506001,1128,848,0.308328
720,24.024,920,256,0.888995,936,240,0.893314,904,240,0.924982,816,336,0.90221,776,440,0.762054,752,440,0.477435,1032,328,0.857856,1112,440,0.770253,1000,496,0.749571,888,536,0.711409,928,688,0.340263,1000,872,0.239466,1040,528,0.766868,1064,696,0.441646,1120,840,0.331913
725,24.1908,920,272,0.848286,936,256,0.772801,904,256,0.836535,824,336,0.874781,776,432,0.666472,776,440,0.351296,1032,320,0.845525,1112,424,0.746596,1008,488,0.679431,896,528,0.683163,936,696,0.40346,1008,872,0.216217,1040,520,0.768636,1072,688,0.446603,1128,840,0.31444
730,24.3577,920,264,0.902005,936,248,0.862446,904,248,0.867847,824,336,0.898547,776,440,0.706554,760,440,0.410392,1032,320,0.87401,1112,432,0.769982,1000,488,0.688341,896,528,0.705312,944,704,0.427741,1008,888,0.204208,1048,520,0.834137,1072,688,0.50372,1136,848,0.321803
735,24.5245,920,272,0.81607,928,256,0.789079,904,256,0.824511,824,336,0.909576,784,424,0.728033,808,504,0.392355,1024,336,0.846576,1112,440,0.743168,1000,488,0.639967,896,528,0.662479,944,712,0.347529,1024,872,0.204057,1040,520,0.801225,1072,696,0.472796,1136,848,0.316008
740,24.6913,912,248,0.830149,928,232,0.850347,904,240,0.882951,832,328,0.906126,768,400,0.62165,800,400,0.407953,1032,320,0.828796,1112,424,0.766982,1088,504,0.402593,896,528,0.723923,944,704,0.39123,1024,888,0.233483,1040,512,0.791613,1072,688,0.473864,1144,848,0.354355
745,24.8582,976,296,0.17587,976,304,0.146889,968,296,0.179735,928,368,0.305801,896,440,0.240723,952,496,0.203828,1040,352,0.275295,1096,416,0.325944,1088,424,0.120196,944,512,0.428881,1000,648,0.119452,1008,888,0.160875,1056,512,0.453542,1072,712,0.12656,1120,856,0.159083
750,25.025,912,264,0.582279,920,240,0.551843,896,248,0.628627,832,328,0.845073,784,392,0.440833,800,400,0.292209,1040,320,0.766244,1112,416,0.810434,1000,480,0.523498,920,528,0.725359,976,688,0.429385,1032,880,0.237623,1056,512,0.80695,1072,672,0.509511,1136,840,0.340399
755,25.1918,904,248,0.963191,920,224,0.948444,880,232,0.9328,824,328,0.927535,776,432,0.721259,792,464,0.366507,1024,296,0.908451,1088,360,0.875325,1136,424,0.838741,904,528,0.723716,976,688,0.451358,1048,872,0.25131,1048,504,0.817112,1080,656,0.504507,1144,840,0.355042
760,25.3587,896,248,0.968334,912,224,0.936472,880,232,0.94245,816,336,0.897778,776,432,0.649698,808,512,0.372486,1024,296,0.912333,1104,376,0.824283,1088,448,0.773747,904,536,0.7142,960,696,0.477664,1032,888,0.228436,1040,512,0.854552,1072,664,0.563485,1144,840,0.364095
765,25.5255,896,248,0.945841,920,224,0.93722,880,232,0.922598,816,328,0.887878,776,440,0.718252,800,512,0.326317,1024,296,0.918054,1104,376,0.801778,1096,464,0.837744,888,520,0.794953,936,688,0.43746,1016,880,0.231004,1024,512,0.830483,1056,664,0.52156,1136,840,0.353844
770,25.6923,912,256,0.886402,920,232,0.899714,896,240,0.871585,824,336,0.88323,776,440,0.738165,800,528,0.366557,1024,304,0.930694,1112,392,0.839068,1080,456,0.702394,904,544,0.705212,952,696,0.394518,1032,872,0.23181,1040,520,0.869654,1064,680,0.526196,1144,840,0.350737
775,25.8592,912,256,0.891735,928,232,0.885275,896,240,0.878161,816,336,0.898538,776,464,0.855176,760,552,0.362088,1024,304,0.93159,1112,392,0.8391,1096,472,0.56567,896,536,0.704284,936,680,0.362251,1040,880,0.21369,1040,512,0.809957,1064,656,0.459431,1144,840,0.341944
780,26.026,912,256,0.88251,928,232,0.875499,896,240,0.872008,824,336,0.869521,792,456,0.754731,800,536,0.469059,1024,304,0.91266,1104,400,0.776929,1072,480,0.612376,896,528,0.706685,944,672,0.433068,1000,880,0.220622,1040,512,0.755148,1056,648,0.465862,1136,840,0.318007
785,26.1928,920,272,0.854972,928,248,0.792364,896,256,0.827418,816,344,0.879783,784,448,0.684728,800,536,0.454826,1024,304,0.908346,1112,400,0.823266,1000,488,0.734099,896,544,0.630433,936,704,0.315112,992,888,0.204329,1048,520,0.803846,1072,688,0.511234,1144,848,0.28221
790,26.3597,920,264,0.852161,928,240,0.820659,896,256,0.825965,824,344,0.873186,784,448,0.753162,792,536,0.559629,1032,304,0.900346,1112,400,0.801723,1008,480,0.672425,896,528,0.657134,944,688,0.364448,1048,888,0.179784,1048,512,0.755171,1080,672,0.534278,1152,856,0.264254
795,26.5265,912,272,0.868338,928,248,0.807883,896,256,0.848715,824,344,0.858372,784,440,0.797441,792,528,0.611632,1024,312,0.903531,1104,392,0.779387,1016,472,0.603441,904,536,0.663756,952,688,0.404922,1064,880,0.220767,1048,512,0.809229,1088,672,0.519784,1152,848,0.307704
800,26.6933,912,256,0.922511,920,232,0.885876,888,240,0.884981,816,336,0.88039,784,456,0.731909,816,528,0.45416,1024,296,0.905053,1104,384,0.833943,1032,472,0.57072,896,528,0.670089,960,688,0.419446,1064,880,0.211742,1040,512,0.804052,1080,664,0.506742,1152,848,0.309965
805,26.8602,912,264,0.914414,920,232,0.890874,888,240,0.859667,824,336,0.867766,784,448,0.738963,816,528,0.431143,1024,304,0.897569,1096,376,0.815697,1088,480,0.629691,904,528,0.702206,968,672,0.459356,1064,880,0.237051,1040,504,0.793103,1088,640,0.525365,1152,840,0.322781
810,27.027,912,264,0.909326,928,240,0.847387,888,248,0.847852,816,336,0.8853,776,448,0.756017,800,544,0.452543,1024,304,0.913904,1088,392,0.801483,1040,472,0.582414,888,528,0.677593,944,688,0.406259,1064,880,0.229056,1040,512,0.791515,1080,664,0.496769,1152,848,0.325304
815,27.1938,912,264,0.939912,928,240,0.897129,888,240,0.903082,816,328,0.897142,776,456,0.822189,744,552,0.456999,1016,304,0.921496,1080,368,0.815306,1128,344,0.372596,888,512,0.761079,936,672,0.417126,1048,872,0.238065,1016,504,0.803111,1048,640,0.473427,1136,832,0.365597
820,27.3607,912,264,0.927985,928,240,0.861117,888,248,0.888438,816,336,0.890166,784,448,0.716542,800,448,0.362061,1016,304,0.891829,1080,384,0.803885,1064,464,0.55587,888,512,0.695851,928,664,0.383284,1048,864,0.230685,1032,504,0.712402,1072,672,0.380379,1144,840,0.37363
825,27.5275,912,264,0.927903,928,240,0.873446,888,248,0.897401,824,336,0.885837,784,456,0.831282,808,528,0.312058,1024,304,0.925514,1080,384,0.861395,1080,472,0.44177,896,512,0.718575,936,656,0.430132,1040,864,0.21526,1032,496,0.773085,1064,632,0.465068,1136,832,0.326094
830,27.6943,912,264,0.902728,920,240,0.853745,888,256,0.8475,824,336,0.8937,784,448,0.775228,800,504,0.405306,1024,304,0.916067,1088,384,0.824983,1040,464,0.613974,904,512,0.751069,960,656,0.444487,1048,864,0.207999,1040,488,0.802808,1072,624,0.517715,1144,840,0.355585
835,27.8612,912,264,0.912208,920,232,0.874652,888,248,0.856562,824,336,0.869469,792,456,0.738748,816,512,0.338506,1024,304,0.919873,1072,384,0.800069,1088,448,0.640987,896,512,0.709374,952,664,0.419241,1048,864,0.171049,1040,488,0.732299,1072,624,0.539424,1144,832,0.344839
840,28.028,912,264,0.906428,920,240,0.829473,888,256,0.864265,816,336,0.867506,784,456,0.71485,808,504,0.362702,1024,296,0.915045,1080,384,0.846764,1080,448,0.648265,896,520,0.69236,944,664,0.388503,1040,864,0.176702,1032,488,0.763122,1064,632,0.519814,1136,840,0.341717
845,28.1948,912,272,0.880498,928,248,0.785379,888,264,0.836493,816,344,0.870602,784,464,0.705158,800,504,0.34727,1024,304,0.901419,1080,376,0.791894,1080,456,0.410886,896,520,0.650731,944,664,0.389947,1048,856,0.171447,1032,496,0.731297,1064,632,0.460312,1136,840,0.304323
850,28.3617,904,264,0.910111,920,240,0.88673,880,248,0.832756,816,336,0.880438,784,464,0.696423,792,504,0.355831,1024,296,0.917843,1088,376,0.869194,1080,456,0.497849,904,520,0.648133,944,656,0.363985,1040,848,0.200736,1040,488,0.754758,1064,616,0.509158,1136,832,0.349018
855,28.5285,912,280,0.893748,920,248,0.822408,888,264,0.863354,816,336,0.866128,784,456,0.703543,808,504,0.325483,1024,296,0.904639,1088,384,0.862992,1048,456,0.626142,896,512,0.702723,944,648,0.415303,1056,856,0.182427,1032,488,0.772912,1064,616,0.49795,1136,840,0.349247
860,28.6953,920,288,0.865772,928,264,0.798707,896,272,0.874631,824,336,0.855068,792,440,0.644672,800,512,0.331294,1024,296,0.934383,1088,376,0.877511,1064,456,0.596426,896,496,0.68834,936,632,0.432822,1040,856,0.173191,1024,480,0.761023,1064,608,0.542358,1136,832,0.308514
865,28.8622,920,272,0.867958,928,248,0.776468,896,264,0.840165,824,336,0.848574,784,432,0.630866,784,504,0.34091,1024,296,0.933992,1088,376,0.905612,1056,448,0.618963,880,504,0.635381,912,640,0.333545,1024,848,0.124719,1032,488,0.738781,1056,624,0.470013,1120,832,0.265021
870,29.029,920,272,0.857856,928,248,0.756289,896,264,0.822744,824,336,0.862803,784,440,0.656283,776,504,0.297145,1024,288,0.93915,1080,376,0.831972,1064,448,0.496827,888,504,0.626433,920,632,0.344164,1016,848,0.120501,1040,480,0.746599,1064,608,0.426523,1128,840,0.22396
875,29.1958,912,256,0.887798,928,232,0.848439,896,240,0.848398,824,336,0.866343,784,440,0.600218,800,440,0.261601,1024,296,0.919154,1088,376,0.81181,1040,456,0.550054,896,512,0.558222,920,640,0.280073,976,856,0.139173,1040,488,0.747871,1064,608,0.475667,1112,840,0.222003
880,29.3627,912,264,0.875956,928,240,0.816002,896,248,0.82437,824,344,0.877102,784,448,0.666268,808,440,0.361573,1024,296,0.924563,1096,384,0.803674,1040,456,0.68566,896,520,0.611015,920,640,0.294991,1040,856,0.141255,1040,496,0.727338,1064,624,0.447666,1128,832,0.290475
885,29.5295,920,264,0.832411,928,240,0.774032,896,248,0.782911,816,344,0.870067,784,456,0.63786,832,464,0.270997,1024,304,0.886892,1080,376,0.713618,1088,432,0.493888,896,536,0.503013,920,656,0.270407,1040,856,0.209693,1040,512,0.681517,1064,632,0.423745,1136,840,0.305735
890,29.6963,904,256,0.882405,920,232,0.908385,888,240,0.861499,816,344,0.876536,784,456,0.700102,848,504,0.333744,1032,304,0.828927,1104,384,0.740787,1032,456,0.536742,888,536,0.588552,920,672,0.268791,1048,864,0.188087,1040,512,0.73545,1072,664,0.40007,1136,840,0.30013
895,29.8632,904,248,0.91098,920,224,0.927017,880,232,0.901127,816,344,0.857454,784,456,0.588389,848,488,0.32531,1032,296,0.811961,1088,376,0.621383,1104,432,0.32117,896,528,0.554196,920,656,0.283816,1048,856,0.178784,1040,504,0.713786,1064,632,0.385057,1136,832,0.271891
900,30.03,896,248,0.911484,912,224,0.915553,880,232,0.902927,816,336,0.868015,784,456,0.620457,848,480,0.300168,1032,296,0.845256,1096,376,0.712121,1120,424,0.485653,896,544,0.589907,928,672,0.285419,1048,864,0.175864,1048,520,0.765505,1088,696,0.369195,1136,840,0.279857
905,30.1968,912,280,0.869056,928,256,0.773985,896,264,0.853326,824,336,0.861025,784,440,0.631973,848,472,0.336932,1032,296,0.85479,1104,376,0.765227,1048,448,0.504435,904,528,0.650933,944,672,0.365338,1056,864,0.206781,1048,504,0.752899,1080,632,0.372142,1144,832,0.323667
910,30.3637,904,264,0.88973,920,240,0.840173,888,248,0.860626,824,336,0.860087,792,440,0.61009,840,464,0.345854,1024,288,0.872883,1104,384,0.892293,1048,448,0.484029,904,520,0.705495,936,656,0.364006,1056,856,0.230619,1040,496,0.804558,1080,640,0.416764,1136,832,0.318398
915,30.5305,904,264,0.887615,920,232,0.848286,888,248,0.884644,832,328,0.806908,792,432,0.512003,800,480,0.258424,1024,288,0.875486,1104,376,0.888046,1064,440,0.499402,912,512,0.704243,944,656,0.343607,1056,856,0.20419,1040,496,0.813761,1080,632,0.454513,1136,824,0.2736
920,30.6973,904,264,0.917112,920,240,0.87185,880,248,0.864732,824,328,0.855068,784,432,0.55345,848,456,0.254787,1024,288,0.874738,1112,376,0.875318,1048,440,0.550144,888,520,0.684452,936,688,0.389266,1048,872,0.190458,1040,504,0.804618,1080,672,0.454581,1136,840,0.2937
925,30.8642,912,272,0.911889,920,248,0.829579,888,256,0.884651,824,336,0.848102,776,456,0.747667,760,440,0.180607,1024,288,0.873259,1088,360,0.707837,1112,408,0.589666,888,528,0.725599,952,696,0.426068,1048,864,0.180833,1040,512,0.778818,1080,672,0.460669,1144,840,0.266758
930,31.031,904,264,0.90339,920,240,0.857149,888,248,0.892896,816,336,0.836745,776,448,0.714331,856,472,0.294899,1024,288,0.898793,1096,352,0.768465,1112,408,0.665458,888,520,0.720525,944,688,0.402574,1048,864,0.213209,1040,504,0.772176,1080,680,0.377321,1136,840,0.272057
935,31.1978,896,264,0.894772,912,240,0.886721,880,248,0.88817,832,328,0.634082,792,440,0.395855,840,488,0.157651,1024,280,0.848335,1088,352,0.776819,1112,408,0.702742,904,512,0.62968,944,664,0.32989,1048,864,0.157492,1040,496,0.718616,1064,632,0.321536,1128,848,0.201654
940,31.3647,896,264,0.898138,912,240,0.892686,880,248,0.880781,816,336,0.715518,776,440,0.472168,808,464,0.189251,1016,280,0.895271,1088,344,0.7808,1080,408,0.58813,896,512,0.672973,944,664,0.35522,1048,872,0.162805,1040,496,0.724949,1064,632,0.416217,1136,848,0.238197
945,31.5315,896,264,0.890088,912,232,0.888817,880,248,0.884619,824,328,0.6555,784,424,0.394752,840,464,0.148686,1016,288,0.818615,1088,352,0.721197,1104,416,0.43247,896,504,0.647372,936,648,0.347161,1048,872,0.109494,1032,488,0.720967,1056,624,0.417367,1128,848,0.165796
950,31.6983,904,264,0.551094,912,240,0.541189,888,256,0.562426,864,304,0.393247,808,336,0.191042,0,0,0,1016,288,0.614934,1088,344,0.490452,1080,384,0.261117,912,488,0.543041,968,656,0.238427,1040,872,0.108703,1032,480,0.554424,1056,624,0.259098,1136,864,0.143702
955,31.8652,904,264,0.327716,920,248,0.333216,896,256,0.354202,872,304,0.264523,832,320,0.147842,0,0,0,1016,296,0.357628,1080,336,0.300189,1064,368,0.199858,912,472,0.342925,0,0,0,0,0,0,1024,472,0.266071,0,0,0,0,0,0
960,32.032,896,256,0.306906,912,240,0.322252,888,248,0.324432,872,288,0.228203,840,312,0.157724,0,0,0,1008,288,0.267168,1072,336,0.207917,0,0,0,912,472,0.288335,0,0,0,0,0,0,1016,456,0.141621,0,0,0,0,0,0
965,32.1988,896,232,0.168872,904,224,0.154132,896,232,0.172094,880,296,0.215977,832,328,0.2155,0,0,0,1024,296,0.433736,1080,336,0.37111,1072,376,0.203558,912,496,0.375916,0,0,0,0,0,0,1032,488,0.31909,0,0,0,0,0,0
970,32.3657,896,232,0.212237,912,224,0.207695,896,232,0.231882,872,296,0.299793,832,328,0.224092,0,0,0,1024,296,0.567041,1080,336,0.449937,1072,368,0.226401,920,504,0.463546,968,672,0.181739,1032,880,0.113311,1040,496,0.453367,1064,640,0.165633,1128,872,0.142839
975,32.5325,920,248,0.286848,936,240,0.272907,912,240,0.308195,880,296,0.399956,840,344,0.219228,0,0,0,1024,296,0.74328,1080,344,0.558139,1096,384,0.372221,920,504,0.531368,960,664,0.239786,1040,872,0.118729,1048,496,0.610213,1072,632,0.278715,1136,872,0.138168
980,32.6993,904,256,0.463016,920,240,0.451415,896,240,0.503975,864,288,0.475376,808,328,0.262969,0,0,0,1016,288,0.742084,1080,336,0.511663,1088,368,0.302869,904,496,0.566805,960,648,0.271676,1048,872,0.126131,1032,480,0.606442,1064,624,0.321517,1136,864,0.167785
985,32.8662,904,272,0.295963,920,256,0.260268,896,272,0.305791,880,304,0.227288,848,320,0.215952,0,0,0,1016,304,0.436856,1056,344,0.295483,1064,368,0.226036,920,496,0.373623,0,0,0,0,0,0,1040,504,0.314372,0,0,0,0,0,0
990,33.033,904,264,0.138188,928,240,0.126742,896,256,0.11571,864,256,0.129516,872,296,0.142246,0,0,0,1016,304,0.210756,1056,328,0.22012,0,0,0,928,472,0.176972,0,0,0,0,0,0,0,0,0,0,0,0,0,0,0
995,33.1998,896,248,0.459634,904,224,0.449697,880,232,0.472259,864,304,0.407508,832,352,0.177194,0,0,0,1016,296,0.651007,1072,360,0.485315,1096,408,0.408343,912,512,0.503435,952,640,0.22676,0,0,0,1040,512,0.546769,1056,624,0.211696,0,0,0
1000,33.3667,896,272,0.166984,920,216,0.1534,896,272,0.16545,888,296,0.168828,856,312,0.162665,0,0,0,1016,304,0.345526,1064,376,0.264453,0,0,0,920,504,0.329758,0,0,0,0,0,0,1040,520,0.320045,0,0,0,0,0,0
1005,33.5335,896,256,0.632847,904,240,0.614808,880,248,0.659593,864,320,0.555495,816,376,0.198716,0,0,0,1024,304,0.822051,1072,368,0.615002,1112,408,0.509844,912,504,0.551879,944,640,0.268265,1032,848,0.141303,1048,496,0.606495,1056,616,0.301145,1128,832,0.160094
1010,33.7003,896,264,0.384208,912,232,0.389324,888,256,0.444314,880,312,0.469001,816,336,0.242824,0,0,0,1024,304,0.689745,1080,368,0.542776,1104,408,0.400833,912,496,0.446467,944,640,0.200878,1032,856,0.10842,1048,504,0.555107,1096,712,0.224968,1112,848,0.122876
1015,33.8672,976,256,0.17532,968,240,0.202775,944,240,0.205165,912,288,0.299177,880,328,0.223329,0,0,0,1024,304,0.581181,1080,352,0.419628,1096,400,0.270926,920,472,0.345156,0,0,0,0,0,0,1032,488,0.347098,0,0,0,0,0,0
1020,34.034,0,0,0,0,0,0,0,0,0,0,0,0,0,0,0,0,0,0,1016,304,0.110985,1072,336,0.120842,0,0,0,928,456,0.10876,0,0,0,0,0,0,0,0,0,0,0,0,0,0,0
1025,34.2008,0,0,0,952,232,0.11754,0,0,0,904,304,0.115749,864,320,0.109451,0,0,0,1024,312,0.330509,1064,344,0.23446,1056,376,0.112666,928,472,0.198018,0,0,0,0,0,0,1016,488,0.132514,0,0,0,0,0,0
1030,34.3677,904,280,0.269388,928,264,0.230668,904,272,0.289383,888,312,0.2535,856,320,0.202124,0,0,0,1016,312,0.521111,1056,360,0.337427,1056,376,0.291477,920,480,0.328414,0,0,0,0,0,0,1024,488,0.40598,1040,616,0.111008,0,0,0
1035,34.5345,904,264,0.169783,928,240,0.163879,896,256,0.163755,896,296,0.200217,864,320,0.191355,0,0,0,1016,312,0.420233,1048,360,0.318253,1048,384,0.197742,920,464,0.289677,0,0,0,0,0,0,1024,480,0.310217,0,0,0,0,0,0
1040,34.7013,896,280,0.311341,904,264,0.262633,888,280,0.309377,872,328,0.272372,840,336,0.184406,0,0,0,1000,320,0.367969,1048,336,0.30922,1048,384,0.160251,904,496,0.260445,0,0,0,0,0,0,1016,496,0.321671,0,0,0,0,0,0
1045,34.8682,896,264,0.194138,912,240,0.177346,896,256,0.187991,880,312,0.154787,840,320,0.143906,0,0,0,1008,312,0.285145,1056,344,0.222536,1040,384,0.103405,904,472,0.207102,0,0,0,0,0,0,1008,480,0.142112,0,0,0,0,0,0
1050,35.035,912,224,0.158544,928,224,0.166663,904,232,0.149806,888,312,0.155705,872,320,0.144378,0,0,0,1016,312,0.308639,1064,352,0.265635,1056,384,0.131353,912,456,0.244645,0,0,0,0,0,0,1008,464,0.133188,0,0,0,0,0,0
1055,35.2018,904,216,0.212994,912,208,0.221717,896,216,0.195148,888,312,0.153066,848,312,0.156266,0,0,0,1008,320,0.289296,1072,352,0.176801,0,0,0,904,440,0.233459,0,0,0,0,0,0,1000,464,0.136694,0,0,0,0,0,0
1060,35.3687,904,272,0.443371,920,256,0.424533,896,264,0.48712,864,312,0.519264,816,344,0.205125,0,0,0,1016,312,0.775098,1072,352,0.531675,1104,400,0.353145,896,496,0.46991,952,632,0.172768,1048,880,0.100543,1032,496,0.507259,1056,632,0.175968,1128,856,0.151679
1065,35.5355,992,280,0.1044,1008,272,0.110301,1008,272,0.104188,888,312,0.119855,848,320,0.111484,0,0,0,1016,320,0.276124,1064,336,0.324787,1088,400,0.180054,920,456,0.155551,0,0,0,0,0,0,992,464,0.100061,0,0,0,0,0,0
1070,35.7023,0,0,0,0,0,0,0,0,0,0,0,0,0,0,0,0,0,0,1016,320,0.109895,1056,344,0.200615,0,0,0,928,464,0.113657,0,0,0,0,0,0,0,0,0,0,0,0,0,0,0
1075,35.8692,896,280,0.148366,928,224,0.147329,896,256,0.136378,888,312,0.165506,848,320,0.151568,0,0,0,1008,320,0.247053,1056,336,0.217887,0,0,0,904,448,0.335333,0,0,0,0,0,0,1000,456,0.30298,0,0,0,0,0,0
1080,36.036,0,0,0,0,0,0,0,0,0,0,0,0,0,0,0,0,0,0,0,0,0,0,0,0,0,0,0,0,0,0,0,0,0,0,0,0,0,0,0,0,0,0,0,0,0
1085,36.2028,0,0,0,0,0,0,0,0,0,0,0,0,0,0,0,0,0,0,0,0,0,0,0,0,0,0,0,0,0,0,0,0,0,0,0,0,0,0,0,0,0,0,0,0,0
1090,36.3697,912,272,0.179122,920,256,0.139701,896,264,0.170989,888,328,0.180099,856,328,0.132978,0,0,0,1008,320,0.25257,1048,368,0.271247,1088,416,0.138423,920,480,0.430744,944,600,0.130835,0,0,0,1016,472,0.363968,0,0,0,0,0,0
1095,36.5365,896,264,0.79948,912,240,0.775626,888,256,0.800546,848,328,0.593819,824,408,0.245271,0,0,0,1016,312,0.718719,1064,376,0.594539,1088,424,0.542936,896,488,0.593252,928,632,0.256255,0,0,0,1024,488,0.640717,1056,632,0.251411,1120,840,0.10557
1100,36.7033,896,272,0.232584,896,256,0.184138,888,264,0.204112,872,320,0.176396,848,320,0.140958,0,0,0,984,312,0.180608,1040,360,0.132271,0,0,0,912,480,0.300104,0,0,0,0,0,0,1016,488,0.232949,0,0,0,0,0,0
1105,36.8702,920,272,0.248648,928,256,0.236511,912,264,0.256995,896,336,0.258247,872,320,0.189937,0,0,0,1008,320,0.455928,1064,344,0.420209,1088,408,0.414263,920,496,0.397498,976,656,0.130683,0,0,0,1032,496,0.410675,1064,616,0.173257,0,0,0
1110,37.037,912,296,0.234494,928,272,0.175059,904,288,0.223074,888,360,0.195101,856,336,0.141322,0,0,0,1008,328,0.32497,1064,336,0.41462,1088,416,0.472428,912,512,0.419879,976,672,0.189347,1064,872,0.103398,1024,512,0.404347,1048,640,0.188931,0,0,0
1115,37.2038,904,280,0.508335,920,264,0.449904,896,272,0.571592,864,328,0.665149,816,408,0.255172,0,0,0,1016,312,0.837379,1088,352,0.735061,1096,408,0.740093,904,520,0.629605,944,672,0.297537,1064,880,0.123574,1040,512,0.731402,1064,656,0.407545,1136,840,0.240751
1120,37.3707,920,264,0.503757,928,248,0.487223,904,256,0.525563,872,320,0.534332,832,368,0.205173,0,0,0,1016,320,0.774352,1080,360,0.612454,1104,400,0.589583,912,528,0.502156,976,704,0.302087,1072,880,0.119112,1040,520,0.663455,1072,680,0.396906,1144,832,0.228543
1125,37.5375,928,248,0.361101,936,240,0.415753,904,240,0.393112,872,304,0.462871,832,344,0.220606,0,0,0,1016,312,0.698431,1072,360,0.546883,1088,400,0.594997,912,512,0.397968,968,680,0.173142,0,0,0,1040,512,0.483998,1072,648,0.207066,0,0,0
1130,37.7043,904,224,0.222562,928,224,0.219825,896,232,0.230831,856,320,0.252197,800,368,0.254763,0,0,0,1000,312,0.350177,1056,352,0.347598,1048,384,0.201757,904,512,0.293178,976,696,0.169823,0,0,0,1032,520,0.323784,1064,664,0.208859,0,0,0
1135,37.8712,896,264,0.406672,904,232,0.418221,880,264,0.445357,832,328,0.580654,776,392,0.397068,768,400,0.154168,984,312,0.498227,1048,344,0.430879,1064,400,0.367408,888,512,0.508389,944,664,0.221751,0,0,0,1008,504,0.490492,1048,632,0.291249,1096,760,0.107448
1140,38.038,880,304,0.319417,896,288,0.263574,872,296,0.316733,848,352,0.227541,704,432,0.198964,720,416,0.10534,792,408,0.184768,1056,352,0.253549,1080,408,0.194218,728,464,0.218205,696,432,0.206567,736,544,0.195598,1032,528,0.194241,1088,696,0.117515,776,528,0.129465
1145,38.2048,792,368,0.102429,808,360,0.118306,784,368,0.108036,0,0,0,0,0,0,0,0,0,0,0,0,0,0,0,0,0,0,0,0,0,0,0,0,0,0,0,0,0,0,0,0,0,0,0,0
1150,38.3717,872,312,0.157362,816,352,0.147778,1016,296,0.164757,864,352,0.163679,792,368,0.152058,0,0,0,1008,344,0.265159,1064,360,0.333661,1080,416,0.251828,912,512,0.231933,0,0,0,0,0,0,1040,528,0.219776,0,0,0,0,0,0
1155,38.5385,840,328,0.280052,840,328,0.202541,832,320,0.304277,840,336,0.23792,760,400,0.226962,0,0,0,992,328,0.117721,1056,344,0.215233,1088,424,0.107507,744,456,0.130701,696,424,0.208234,768,544,0.144642,0,0,0,0,0,0,0,0,0
1160,38.7053,872,296,0.331509,888,280,0.278989,864,288,0.376334,832,328,0.363203,776,392,0.342128,760,400,0.139174,936,320,0.134577,1040,344,0.155415,0,0,0,880,480,0.26548,0,0,0,0,0,0,992,496,0.112902,0,0,0,0,0,0
1165,38.8722,888,288,0.627285,896,280,0.649396,880,280,0.694124,832,336,0.621734,768,400,0.432321,760,400,0.203629,984,328,0.423752,1056,344,0.257036,1080,392,0.177671,880,520,0.292449,816,328,0.154004,0,0,0,1016,520,0.288768,1064,680,0.173763,0,0,0
1170,39.039,888,288,0.313736,896,272,0.288269,872,280,0.30663,752,384,0.19582,728,424,0.241945,0,0,0,800,400,0.122952,0,0,0,0,0,0,752,480,0.14973,696,416,0.33502,760,552,0.333071,792,512,0.117199,0,0,0,0,0,0
1175,39.2058,816,360,0.310296,816,352,0.300021,808,352,0.360911,736,384,0.19647,712,424,0.240855,0,0,0,800,392,0.185141,800,400,0.113066,0,0,0,728,448,0.262988,688,408,0.611931,752,552,0.501977,784,480,0.191889,0,0,0,792,544,0.181494
1180,39.3727,824,360,0.43189,824,352,0.434766,808,352,0.477709,760,376,0.374683,720,424,0.309838,696,432,0.123699,816,408,0.251492,808,416,0.134756,0,0,0,736,464,0.3309,688,416,0.605488,760,552,0.533259,784,480,0.234262,0,0,0,800,536,0.225033
1185,39.5395,808,368,0.41673,816,352,0.410852,800,352,0.468498,752,384,0.389571,720,424,0.327451,728,416,0.124528,808,400,0.286145,800,416,0.147349,752,408,0.104413,736,456,0.292741,696,416,0.492395,760,544,0.442019,792,480,0.2205,0,0,0,792,528,0.154238
1190,39.7063,816,352,0.399884,824,344,0.396617,808,344,0.455648,752,368,0.385487,720,416,0.365487,720,440,0.112284,808,384,0.2886,808,400,0.169222,0,0,0,728,448,0.341841,688,408,0.763793,760,536,0.695906,792,472,0.300945,0,0,0,792,536,0.222383
1195,39.8732,824,360,0.410285,824,344,0.429265,808,344,0.465842,752,376,0.383634,720,416,0.316864,720,416,0.137718,816,408,0.246259,1072,376,0.164277,0,0,0,736,456,0.278701,688,416,0.491393,760,536,0.433376,792,496,0.194866,0,0,0,792,536,0.113475
1200,40.04,896,296,0.820624,912,272,0.81528,872,280,0.8315,816,344,0.863442,760,424,0.467902,800,408,0.24165,1008,320,0.748541,1072,384,0.482725,1088,432,0.190553,872,568,0.315647,688,400,0.693964,752,536,0.591671,1032,544,0.451832,1080,688,0.197373,0,0,0
1205,40.2068,880,304,0.297626,896,288,0.269517,872,288,0.323663,808,336,0.275242,728,408,0.279221,712,416,0.113144,792,376,0.130392,1040,376,0.106537,0,0,0,728,448,0.273576,688,408,0.565279,752,528,0.520364,792,472,0.175557,0,0,0,0,0,0
1210,40.3737,896,296,0.302834,912,280,0.269912,880,288,0.334034,856,336,0.192665,704,432,0.17787,0,0,0,1008,336,0.199244,1056,384,0.242755,1064,400,0.170015,912,512,0.127427,688,416,0.193011,0,0,0,1024,520,0.14417,0,0,0,0,0,0
1215,40.5405,0,0,0,808,336,0.101052,808,336,0.101574,0,0,0,720,416,0.136376,0,0,0,0,0,0,0,0,0,0,0,0,712,432,0.108784,688,416,0.302707,0,0,0,0,0,0,0,0,0,0,0,0
1220,40.7073,824,344,0.353449,832,336,0.357249,824,336,0.368974,800,352,0.201747,720,424,0.233718,0,0,0,800,360,0.134603,0,0,0,0,0,0,736,440,0.247955,696,416,0.545631,760,544,0.480659,784,480,0.122541,0,0,0,0,0,0
1225,40.8742,824,344,0.327308,824,336,0.336108,816,336,0.336724,792,352,0.173524,720,424,0.273765,0,0,0,816,392,0.134212,0,0,0,0,0,0,736,440,0.291687,688,408,0.65375,760,536,0.59802,784,480,0.16579,0,0,0,0,0,0
1230,41.041,824,336,0.299321,824,336,0.293152,816,336,0.32312,792,352,0.181423,720,424,0.274825,0,0,0,1048,344,0.12697,1072,360,0.162137,0,0,0,736,432,0.297265,688,408,0.676049,760,528,0.622082,760,424,0.186527,0,0,0,0,0,0
1235,41.2078,832,344,0.324262,912,200,0.306724,816,344,0.327833,792,344,0.267423,720,416,0.318387,792,352,0.146025,920,232,0.101184,1064,360,0.128194,0,0,0,752,424,0.339681,688,408,0.697802,760,528,0.664182,792,432,0.246496,0,0,0,808,512,0.15536
1240,41.3747,840,336,0.307268,832,336,0.24834,832,328,0.33582,800,344,0.425288,728,416,0.298629,808,352,0.156971,832,352,0.127118,0,0,0,832,320,0.103776,768,424,0.29034,688,408,0.743005,760,536,0.727807,792,440,0.183031,0,0,0,808,512,0.151274
1245,41.5415,896,264,0.623673,912,248,0.651288,880,256,0.684491,808,336,0.823448,744,416,0.425076,752,448,0.114885,992,320,0.40775,1056,368,0.251743,1088,408,0.291776,776,440,0.212501,688,408,0.687057,760,536,0.682774,992,504,0.134154,0,0,0,0,0,0
1250,41.7083,880,288,0.291619,904,264,0.249751,872,272,0.334371,816,336,0.392609,760,400,0.255236,0,0,0,0,0,0,0,0,0,0,0,0,768,416,0.215998,688,408,0.742424,752,536,0.61385,768,416,0.123846,0,0,0,0,0,0
1255,41.8752,872,288,0.37017,888,272,0.298798,872,272,0.400115,800,344,0.57936,744,408,0.410415,784,384,0.149415,888,344,0.147576,0,0,0,0,0,0,776,440,0.23881,688,416,0.670388,760,544,0.568132,768,424,0.115578,0,0,0,0,0,0
1260,42.042,848,312,0.240157,856,304,0.190579,840,304,0.229454,800,352,0.322411,736,408,0.228716,0,0,0,808,344,0.12283,0,0,0,0,0,0,760,416,0.226229,688,408,0.718441,760,536,0.649564,760,416,0.124625,0,0,0,0,0,0
1265,42.2088,896,280,0.732003,912,264,0.763638,880,264,0.782494,800,344,0.773898,736,424,0.490067,744,416,0.143072,992,344,0.318388,1080,408,0.216144,0,0,0,864,616,0.181041,688,408,0.611295,752,536,0.474806,1024,600,0.197581,0,0,0,0,0,0
1270,42.3757,904,272,0.893202,920,248,0.88616,880,248,0.856188,792,344,0.891044,728,424,0.637243,736,424,0.172164,1000,336,0.509637,1064,408,0.283834,1080,416,0.18362,864,624,0.249433,696,400,0.679395,760,544,0.568037,1032,608,0.276295,0,0,0,0,0,0
1275,42.5425,888,272,0.946933,912,248,0.898688,872,256,0.882716,800,344,0.88807,720,424,0.776764,808,400,0.263847,1000,320,0.708118,1048,392,0.351847,1032,416,0.155442,848,560,0.514199,696,400,0.574671,760,544,0.44335,1000,536,0.561686,0,0,0,0,0,0
1280,42.7093,888,272,0.960645,912,248,0.904194,864,256,0.869207,808,344,0.897307,704,424,0.778055,808,408,0.321627,1016,320,0.884259,1064,384,0.640798,1096,464,0.299283,848,568,0.550171,688,416,0.443336,760,552,0.376453,1016,544,0.65576,1032,696,0.218617,1048,824,0.145202
1285,42.8762,888,272,0.819619,912,256,0.823454,872,256,0.823153,800,344,0.776166,712,424,0.577885,752,584,0.138688,976,328,0.400283,1024,400,0.148949,0,0,0,840,544,0.233046,688,416,0.563023,760,552,0.496215,992,488,0.250608,0,0,0,0,0,0
1290,43.043,792,376,0.218381,800,360,0.210688,784,368,0.272208,776,392,0.115639,720,432,0.200614,0,0,0,792,392,0.100618,0,0,0,0,0,0,736,440,0.166701,688,424,0.594728,760,552,0.554178,760,456,0.100579,0,0,0,0,0,0
1295,43.2098,888,272,0.253994,904,256,0.277696,880,264,0.282268,808,352,0.505298,704,424,0.654894,760,576,0.26889,944,376,0.143392,0,0,0,0,0,0,872,536,0.134804,688,416,0.360558,768,552,0.199234,0,0,0,0,0,0,0,0,0
1300,43.3767,872,288,0.452339,880,272,0.428332,864,272,0.496165,792,352,0.702655,720,416,0.752936,720,448,0.213756,920,360,0.262421,0,0,0,0,0,0,768,496,0.238986,696,416,0.134627,752,544,0.208708,0,0,0,0,0,0,0,0,0
1305,43.5435,904,272,0.832303,912,256,0.851631,880,264,0.844838,800,352,0.840837,712,424,0.775446,760,416,0.28007,976,336,0.406773,1048,384,0.203232,1064,384,0.175098,784,464,0.257162,696,416,0.669324,752,560,0.623607,1016,560,0.215141,0,0,0,0,0,0
1310,43.7103,896,280,0.710773,904,264,0.746717,872,264,0.775735,800,344,0.855257,728,424,0.593285,760,416,0.277752,928,352,0.346152,928,352,0.111506,0,0,0,784,456,0.491236,696,416,0.858454,760,560,0.62612,888,472,0.156751,0,0,0,800,552,0.142349
1315,43.8772,904,272,0.832104,912,256,0.834375,880,264,0.865858,800,352,0.869926,720,424,0.591445,800,440,0.307242,984,336,0.550941,1048,368,0.38648,1080,400,0.708598,872,600,0.392804,688,424,0.675,784,552,0.355523,1024,576,0.59608,1208,616,0.646528,992,744,0.541755
1320,44.044,896,272,0.414793,904,264,0.434573,880,264,0.47,808,344,0.638665,736,424,0.44802,816,416,0.253092,968,320,0.253038,1048,352,0.276659,1088,408,0.383255,784,456,0.28767,688,424,0.756466,776,560,0.538254,0,0,0,0,0,0,0,0,0
1325,44.2108,1040,328,0.198945,1048,336,0.170607,1024,320,0.234262,808,360,0.270325,736,424,0.228206,1064,416,0.141979,792,344,0.118753,1056,360,0.180968,1096,416,0.194343,0,0,0,688,424,0.39696,784,552,0.323882,0,0,0,0,0,0,0,0,0
1330,44.3777,840,328,0.206488,840,320,0.157072,856,296,0.187574,800,360,0.504849,712,440,0.415087,0,0,0,912,384,0.152962,792,320,0.117345,0,0,0,824,488,0.154497,704,424,0.515886,784,560,0.411927,0,0,0,0,0,0,0,0,0
1335,44.5445,832,352,0.140736,1088,392,0.126457,0,0,0,800,376,0.249802,696,440,0.433201,0,0,0,792,352,0.213653,1064,376,0.115235,1088,424,0.11176,912,624,0.13701,0,0,0,792,552,0.12903,0,0,0,0,0,0,0,0,0
1340,44.7113,1032,368,0.156193,1048,368,0.149778,1024,368,0.14768,0,0,0,696,432,0.105159,0,0,0,0,0,0,0,0,0,1088,416,0.102585,0,0,0,688,424,0.203811,0,0,0,0,0,0,672,416,0.112101,0,0,0
1345,44.8782,0,0,0,0,0,0,784,392,0.105949,0,0,0,704,464,0.143157,0,0,0,0,0,0,0,0,0,0,0,0,0,0,0,696,432,0.269415,800,552,0.294206,0,0,0,0,0,0,0,0,0
1350,45.045,912,264,0.225697,920,256,0.229963,896,256,0.211607,832,360,0.116325,696,448,0.225682,816,552,0.116106,0,0,0,0,0,0,0,0,0,896,600,0.141284,688,424,0.161869,0,0,0,0,0,0,0,0,0,0,0,0
1355,45.2118,912,272,0.279925,928,256,0.275651,896,256,0.297568,848,352,0.162094,696,448,0.259688,0,0,0,968,296,0.104011,0,0,0,0,0,0,896,576,0.293125,936,688,0.188937,936,848,0.102052,0,0,0,0,0,0,0,0,0
1360,45.3787,912,280,0.771298,920,264,0.791653,896,264,0.752116,824,352,0.684613,696,448,0.495675,792,536,0.363668,976,328,0.544487,1048,376,0.25985,1056,392,0.166079,880,552,0.532079,928,672,0.565128,968,840,0.554344,1000,520,0.339156,1048,656,0.200213,1048,824,0.216448
1365,45.5455,896,272,0.791893,912,248,0.797947,880,256,0.775461,816,352,0.864224,696,448,0.811977,784,528,0.542313,992,320,0.754673,1056,376,0.327312,1064,376,0.272483,888,544,0.723481,936,672,0.596645,1024,856,0.548051,1016,520,0.584271,1080,672,0.24539,1088,824,0.400708
1370,45.7123,904,272,0.875458,920,248,0.873622,888,256,0.851113,816,352,0.874337,696,440,0.816823,792,544,0.64106,1016,320,0.91492,1112,416,0.744305,1040,384,0.58624,904,576,0.711592,928,680,0.850353,1024,864,0.646032,1056,552,0.734594,1104,680,0.438515,1136,824,0.450739
1375,45.8792,904,272,0.883447,920,248,0.87163,888,256,0.853021,816,352,0.858895,688,448,0.855995,800,552,0.733405,1008,320,0.902139,1112,416,0.675826,1040,384,0.671386,904,584,0.75951,928,680,0.91055,1024,856,0.683255,1056,552,0.731142,1096,656,0.557573,1160,808,0.576599
1380,46.046,896,272,0.826083,912,248,0.84745,880,256,0.816774,816,352,0.877733,696,440,0.8094,792,544,0.592349,1016,320,0.91477,1120,408,0.761532,1048,392,0.725351,904,584,0.798097,928,688,0.888269,1024,864,0.638346,1056,552,0.758178,1088,688,0.667266,1160,832,0.501389
1385,46.2128,896,272,0.852315,912,248,0.866442,880,256,0.819756,816,352,0.867814,704,448,0.63814,792,536,0.545965,1008,320,0.901374,1112,400,0.768431,1072,416,0.542481,904,584,0.785861,928,680,0.857047,1024,856,0.649098,1048,552,0.783615,1096,688,0.666897,1176,816,0.415641
1390,46.3797,896,272,0.85515,912,248,0.877966,880,256,0.807442,816,352,0.905444,712,448,0.64197,800,544,0.607103,1008,320,0.911205,1104,416,0.906591,1040,440,0.382417,904,584,0.78681,920,672,0.817819,1024,856,0.612547,1048,552,0.782739,1104,696,0.537065,1160,816,0.218384
1395,46.5465,904,280,0.869827,920,256,0.841776,880,264,0.836766,816,352,0.862414,752,456,0.539619,808,544,0.670227,1008,320,0.892762,1104,408,0.808888,1056,432,0.505165,912,584,0.767256,928,680,0.78877,1016,864,0.531799,1048,552,0.738876,1096,696,0.39888,1136,840,0.117243
1400,46.7133,880,264,0.443644,896,240,0.455661,872,248,0.492802,848,328,0.393775,808,456,0.233901,816,552,0.146239,984,304,0.521714,1048,400,0.266779,1048,432,0.193062,920,600,0.618443,928,680,0.68918,1016,856,0.560786,1040,568,0.511697,1088,680,0.328457,1128,816,0.131678
1405,46.8802,904,280,0.224601,912,264,0.197054,888,264,0.202519,880,328,0.139982,840,432,0.180203,0,0,0,984,312,0.190117,1072,408,0.157807,0,0,0,920,608,0.481727,936,680,0.50818,1008,864,0.443381,1040,576,0.239877,1072,664,0.156177,1096,848,0.106416
1410,47.047,896,264,0.71838,904,256,0.734466,888,256,0.761493,848,344,0.538908,808,448,0.349342,800,560,0.366123,992,320,0.757987,1104,400,0.48833,1032,408,0.49664,912,584,0.647102,936,680,0.71209,1008,856,0.516974,1040,560,0.556412,1080,672,0.312022,1096,840,0.143333
1415,47.2138,904,264,0.513785,912,256,0.53459,888,256,0.550035,864,320,0.382359,816,432,0.220152,0,0,0,992,312,0.586418,1080,392,0.410867,1032,400,0.301758,928,616,0.521869,944,688,0.521367,1008,864,0.416933,1032,560,0.336775,1072,664,0.18263,0,0,0
1420,47.3807,896,256,0.422674,904,240,0.453654,880,240,0.471268,856,312,0.419456,824,432,0.223848,0,0,0,1000,320,0.688045,1096,400,0.630439,1016,416,0.407198,928,624,0.677297,944,688,0.56486,1016,872,0.440059,1056,600,0.388999,1096,696,0.223299,1112,840,0.129779
1425,47.5475,912,280,0.453926,920,272,0.45586,896,272,0.511517,864,336,0.473443,816,440,0.326931,808,552,0.171489,992,328,0.732492,1080,408,0.622746,1024,408,0.393138,912,592,0.686612,952,696,0.647442,1016,872,0.398738,1056,568,0.568859,1104,696,0.271024,1120,848,0.111875
1430,47.7143,904,280,0.83,920,264,0.829917,888,272,0.879321,856,352,0.752642,800,456,0.460452,808,552,0.491121,1000,328,0.885828,1104,408,0.805883,992,400,0.46139,912,576,0.736584,944,680,0.690647,1008,872,0.482851,1064,560,0.729232,1096,688,0.443852,1112,848,0.152309
1435,47.8812,912,280,0.92275,920,272,0.86688,896,264,0.933747,864,336,0.655601,792,448,0.336389,808,552,0.432513,992,328,0.887983,1096,408,0.784011,992,400,0.65968,912,568,0.747921,936,680,0.724225,1016,872,0.531454,1048,544,0.762602,1096,680,0.554023,1152,832,0.219911
1440,48.048,912,272,0.879451,920,256,0.83823,888,256,0.944919,840,360,0.757598,784,464,0.534229,808,560,0.591655,1008,320,0.857564,1088,408,0.808281,1008,400,0.391408,912,576,0.78528,944,688,0.641486,1016,864,0.495122,1048,544,0.77728,1096,680,0.591846,1128,840,0.24856
1445,48.2148,912,256,0.77128,920,232,0.840772,888,248,0.826424,816,344,0.818079,768,456,0.776193,808,552,0.800129,1008,312,0.854372,1104,416,0.853501,992,416,0.726248,904,568,0.785542,944,688,0.699605,1016,872,0.446749,1048,544,0.719138,1104,680,0.519746,1160,824,0.204371
1450,48.3817,920,272,0.873784,928,248,0.838623,896,256,0.901402,816,360,0.807661,776,464,0.73794,808,568,0.735259,1000,328,0.845699,1088,416,0.827964,992,400,0.725507,904,568,0.756556,936,688,0.753284,1016,872,0.519339,1040,544,0.80691,1104,688,0.60139,1176,840,0.244954
1455,48.5485,912,280,0.867264,920,264,0.829562,896,264,0.879733,824,352,0.731187,792,456,0.662442,816,576,0.602887,992,328,0.879898,1096,432,0.752841,1024,384,0.603773,912,560,0.766209,944,688,0.660226,1016,880,0.491712,1040,544,0.759182,1104,696,0.562724,1128,856,0.188203
1460,48.7153,920,272,0.828847,928,256,0.801304,896,256,0.838623,824,352,0.797474,760,464,0.557587,800,560,0.199266,992,320,0.871224,1104,408,0.790731,984,392,0.738032,904,568,0.711449,944,688,0.704683,1016,880,0.510865,1048,552,0.756877,1104,704,0.520232,1184,848,0.211645
1465,48.8822,904,272,0.866961,912,256,0.894938,880,256,0.868828,816,360,0.848626,752,472,0.5216,792,528,0.130559,1000,320,0.842544,1096,408,0.798467,976,408,0.67862,896,568,0.736258,928,680,0.783465,1024,872,0.502666,1040,536,0.757749,1088,688,0.540827,1160,832,0.260229
1470,49.049,912,264,0.886867,920,248,0.903339,888,248,0.877905,800,368,0.816386,712,488,0.646025,800,600,0.382593,992,336,0.820462,1104,416,0.856865,976,408,0.65839,904,584,0.777761,936,680,0.685489,1016,872,0.469147,1048,560,0.774005,1096,704,0.492395,1168,848,0.195062
1475,49.2158,912,256,0.852712,912,240,0.892333,888,248,0.843363,800,368,0.828095,752,504,0.740485,816,600,0.547324,992,312,0.885759,1104,416,0.862335,984,400,0.685504,904,576,0.759535,936,672,0.744115,1016,872,0.512042,1056,552,0.73784,1096,704,0.462376,1128,848,0.228528
1480,49.3827,888,272,0.834287,904,248,0.829887,872,256,0.825107,800,368,0.836584,752,456,0.584451,736,480,0.423964,984,320,0.890726,1088,416,0.789816,1008,392,0.285657,904,584,0.743108,936,672,0.679114,1016,864,0.411543,1048,552,0.724865,1096,704,0.433183,1128,840,0.152567
1485,49.5495,912,264,0.863299,920,248,0.969696,888,248,0.888344,808,352,0.869788,744,440,0.703123,744,504,0.468895,984,312,0.925879,1088,416,0.911272,936,416,0.724335,904,568,0.695326,936,672,0.707449,1024,864,0.41496,1032,536,0.723685,1080,680,0.426057,1184,848,0.168714
1490,49.7163,912,264,0.872486,920,248,0.954503,888,256,0.877306,800,352,0.861077,736,440,0.81631,752,528,0.690983,984,320,0.878434,1080,416,0.865605,944,416,0.817775,904,584,0.705422,928,672,0.792667,1024,872,0.371946,1040,552,0.736279,1080,696,0.438174,1184,864,0.170707
1495,49.8832,896,272,0.878269,912,256,0.926875,880,264,0.89617,808,368,0.789719,760,472,0.550836,832,632,0.518101,992,336,0.845634,1088,424,0.832775,936,416,0.784495,912,592,0.778271,928,672,0.722526,1016,864,0.355643,1048,560,0.774895,1096,704,0.481673,1176,848,0.184619
1500,50.05,880,280,0.745031,888,272,0.718588,864,272,0.792767,832,376,0.642826,816,496,0.482123,832,624,0.593068,992,328,0.77144,1088,424,0.850139,920,424,0.821792,928,592,0.763401,928,672,0.755452,1016,856,0.474644,1056,560,0.755007,1088,712,0.39779,1120,840,0.180371
1505,50.2168,896,264,0.772895,904,248,0.821285,872,256,0.836926,816,384,0.725942,824,528,0.558532,840,632,0.605016,984,328,0.807958,1088,416,0.8773,920,424,0.814813,920,592,0.77792,928,672,0.786895,1016,856,0.538051,1048,560,0.789183,1080,696,0.525073,1144,816,0.282927
1510,50.3837,904,256,0.770536,904,240,0.764607,880,248,0.787629,808,376,0.73616,768,472,0.42448,760,528,0.195392,984,328,0.802887,1088,416,0.880652,912,416,0.747838,912,592,0.750281,936,680,0.729113,1008,856,0.521444,1040,552,0.767029,1080,688,0.412602,1096,840,0.256405
1515,50.5505,880,296,0.347107,888,264,0.325695,872,288,0.366806,864,352,0.380154,832,472,0.326891,888,552,0.104478,992,336,0.647655,1072,424,0.710804,912,440,0.606681,928,616,0.73787,944,680,0.829459,1032,896,0.674843,1056,576,0.572618,1088,720,0.198531,1064,880,0.141762
1520,50.7173,888,296,0.331165,896,288,0.307473,880,296,0.354814,864,352,0.34534,824,480,0.304777,816,616,0.183108,1000,336,0.648909,1080,424,0.68653,912,432,0.534905,928,608,0.755174,944,680,0.817571,1024,928,0.629233,1056,584,0.611315,1104,736,0.356837,1120,856,0.155488
1525,50.8842,896,280,0.245777,904,264,0.232234,888,272,0.235774,888,336,0.278965,840,488,0.26171,832,624,0.164131,1000,336,0.545358,1072,432,0.688648,936,424,0.509914,928,616,0.701115,944,688,0.654013,1024,912,0.54943,1048,576,0.511654,1080,728,0.228526,1104,856,0.136638
1530,51.051,1040,376,0.105306,1048,376,0.115246,0,0,0,920,352,0.181078,848,496,0.280515,832,632,0.147967,1016,368,0.303863,1080,432,0.63516,928,424,0.477159,928,624,0.691645,944,688,0.535205,1016,920,0.593412,1040,600,0.478226,1072,720,0.183317,1032,752,0.10583
1535,51.2178,888,304,0.267646,888,280,0.235193,872,288,0.260183,880,360,0.266522,856,464,0.222935,0,0,0,1000,352,0.454473,1072,440,0.586567,920,432,0.462867,928,624,0.56453,936,680,0.700235,1024,912,0.704653,1048,592,0.447617,1080,720,0.299078,1096,864,0.306441
1540,51.3847,1048,432,0.173921,1048,408,0.173326,952,384,0.136757,928,464,0.195089,880,496,0.208401,0,0,0,1056,424,0.246988,1080,448,0.415924,944,424,0.198764,936,640,0.632359,952,696,0.504936,1032,920,0.707562,1056,624,0.410704,1088,736,0.236599,1064,896,0.130601
1545,51.5515,1048,400,0.171226,1048,392,0.170982,1040,384,0.148393,928,392,0.110419,912,488,0.139075,0,0,0,1048,416,0.183336,1072,440,0.358837,928,416,0.185934,928,632,0.237658,0,0,0,1032,912,0.188921,1040,608,0.141056,0,0,0,0,0,0
1550,51.7183,1040,400,0.147045,1016,376,0.124641,1008,376,0.130732,920,488,0.100429,904,512,0.15476,0,0,0,0,0,0,1072,456,0.137641,0,0,0,928,648,0.205921,0,0,0,1040,904,0.106092,0,0,0,0,0,0,0,0,0
1555,51.8852,888,288,0.211009,904,288,0.181588,880,288,0.186432,904,376,0.204361,888,432,0.272385,1056,472,0.179889,984,352,0.311986,1064,432,0.401257,928,416,0.175818,936,624,0.504205,976,736,0.471153,1032,920,0.493336,1056,592,0.439111,1088,736,0.349141,1096,880,0.181105
1560,52.052,1008,368,0.184478,984,336,0.185109,960,352,0.203173,920,384,0.176325,896,464,0.263489,0,0,0,1016,384,0.219826,1072,440,0.367228,1048,440,0.133485,936,616,0.588365,960,704,0.727343,1032,920,0.658872,1056,592,0.49716,1088,720,0.434067,1112,864,0.312808
1565,52.2188,888,304,0.168614,904,296,0.144107,888,304,0.123317,912,504,0.151168,880,496,0.20443,0,0,0,1024,504,0.182352,1064,440,0.217083,0,0,0,928,640,0.533645,968,712,0.563553,1032,920,0.666978,1032,624,0.280212,1080,720,0.224484,1112,880,0.215296
1570,52.3857,896,312,0.138616,936,344,0.117741,920,440,0.159594,896,496,0.19458,872,480,0.258102,1048,464,0.141238,1032,504,0.165394,1056,432,0.239157,1064,456,0.144666,936,632,0.595926,968,712,0.709651,1032,920,0.637103,1048,616,0.424796,1088,728,0.273984,1112,888,0.168128
1575,52.5525,992,416,0.280847,1008,408,0.253489,960,408,0.271571,928,480,0.351633,904,432,0.308376,896,424,0.126101,1016,464,0.212198,1072,448,0.14384,928,440,0.131048,944,648,0.501345,976,720,0.469326,1024,912,0.536998,1040,632,0.321351,1064,736,0.222779,1080,888,0.18077
1580,52.7193,1008,392,0.21172,1016,384,0.225544,960,384,0.214725,920,488,0.328141,896,432,0.258486,1056,472,0.141458,1008,376,0.265379,1048,440,0.515781,952,448,0.245482,944,624,0.63737,952,688,0.7428,1032,920,0.662219,1040,616,0.537259,1064,744,0.289929,1080,888,0.324177
1585,52.8862,1032,440,0.46251,1032,432,0.481307,1024,432,0.432661,936,488,0.461625,880,520,0.233183,1048,464,0.128893,1040,504,0.326623,1048,448,0.191643,944,464,0.135731,936,648,0.494293,952,688,0.522227,1032,912,0.45452,1032,648,0.333542,1080,720,0.108916,1048,912,0.146551
1590,53.053,1024,440,0.296131,1024,440,0.299634,1016,432,0.254093,936,504,0.309268,904,504,0.25425,0,0,0,1040,504,0.232943,1056,440,0.135177,0,0,0,936,648,0.384051,936,672,0.47053,1032,904,0.454358,1016,656,0.206378,0,0,0,0,0,0
1595,53.2198,1008,456,0.42697,1016,440,0.462926,1000,448,0.401669,936,496,0.441301,896,512,0.231528,0,0,0,1048,512,0.370201,1080,576,0.148824,0,0,0,936,656,0.452688,936,672,0.537945,1032,904,0.462736,1032,664,0.236772,1080,720,0.125312,0,0,0
1600,53.3867,1008,448,0.307761,1016,440,0.347838,984,440,0.304008,928,488,0.344194,872,512,0.246606,0,0,0,1032,512,0.233289,928,448,0.128604,0,0,0,936,656,0.483053,944,680,0.459743,1032,912,0.484631,1024,664,0.240456,1080,720,0.100437,0,0,0
1605,53.5535,1008,424,0.322315,1008,416,0.340533,984,416,0.305897,912,488,0.307665,864,504,0.252155,0,0,0,1024,496,0.209171,1080,528,0.130648,0,0,0,936,656,0.607258,944,680,0.576391,1032,920,0.56768,1032,656,0.311228,1072,728,0.175417,0,0,0
1610,53.7203,1008,432,0.346338,1016,432,0.366113,1000,424,0.314134,936,496,0.34619,896,520,0.208161,0,0,0,1032,512,0.25765,1064,584,0.118307,0,0,0,928,656,0.431931,928,672,0.324828,1032,912,0.406525,1016,664,0.188756,0,0,0,1072,912,0.171055
1615,53.8872,0,0,0,0,0,0,0,0,0,0,0,0,0,0,0,0,0,0,0,0,0,0,0,0,0,0,0,0,0,0,0,0,0,0,0,0,0,0,0,0,0,0,0,0,0
1620,54.054,0,0,0,968,336,0.107766,0,0,0,0,0,0,0,0,0,0,0,0,0,0,0,0,0,0,0,0,0,0,0,0,0,0,0,0,0,0,0,0,0,0,0,0,0,0,0
1625,54.2208,0,0,0,0,0,0,0,0,0,0,0,0,0,0,0,0,0,0,0,0,0,0,0,0,0,0,0,0,0,0,0,0,0,0,0,0,0,0,0,0,0,0,0,0,0
1630,54.3877,1016,448,0.183765,1016,440,0.177074,1008,440,0.152799,0,0,0,0,0,0,0,0,0,0,0,0,0,0,0,0,0,0,0,0,0,0,0,0,0,0,0,0,0,0,0,0,0,0,0,0
1635,54.5545,1008,448,0.279384,1016,448,0.283844,1008,440,0.219843,936,488,0.150352,904,520,0.12208,0,0,0,1024,496,0.144796,0,0,0,0,0,0,936,640,0.260151,0,0,0,1024,912,0.192263,992,656,0.111046,0,0,0,0,0,0
1640,54.7213,0,0,0,0,0,0,0,0,0,0,0,0,0,0,0,0,0,0,0,0,0,0,0,0,0,0,0,0,0,0,0,0,0,0,0,0,0,0,0,0,0,0,0,0,0
1645,54.8882,0,0,0,0,0,0,0,0,0,0,0,0,0,0,0,0,0,0,0,0,0,0,0,0,0,0,0,0,0,0,0,0,0,0,0,0,0,0,0,0,0,0,0,0,0
1650,55.055,1016,408,0.18927,1016,400,0.145099,1008,400,0.173365,1016,408,0.109224,0,0,0,0,0,0,0,0,0,0,0,0,0,0,0,0,0,0,0,0,0,0,0,0,0,0,0,0,0,0,0,0,0
1655,55.2218,1016,440,0.309979,1016,440,0.305218,1016,440,0.271768,944,496,0.121275,912,536,0.104961,0,0,0,1008,496,0.119889,0,0,0,0,0,0,928,648,0.196064,0,0,0,0,0,0,0,0,0,0,0,0,0,0,0
1660,55.3887,992,376,0.231845,992,368,0.190568,984,368,0.196327,0,0,0,0,0,0,0,0,0,0,0,0,904,320,0.100204,0,0,0,928,648,0.160316,0,0,0,0,0,0,0,0,0,0,0,0,0,0,0
1665,55.5555,1016,448,0.149426,888,296,0.134715,1016,448,0.12803,872,368,0.117704,872,504,0.203825,0,0,0,976,360,0.180677,1032,456,0.347307,944,456,0.176493,928,600,0.465155,984,728,0.340676,1032,928,0.343055,1032,592,0.313296,1072,704,0.142375,0,0,0
1670,55.7223,1024,448,0.108308,0,0,0,0,0,0,0,0,0,864,504,0.153048,0,0,0,1008,448,0.114608,1032,456,0.255014,952,456,0.101282,928,608,0.384843,992,760,0.207436,1032,936,0.231713,1024,600,0.224191,0,0,0,0,0,0
1675,55.8892,944,368,0.119938,952,368,0.100562,936,368,0.108562,0,0,0,0,0,0,0,0,0,0,0,0,0,0,0,0,0,0,920,624,0.179312,0,0,0,0,0,0,0,0,0,0,0,0,0,0,0
1680,56.056,0,0,0,0,0,0,0,0,0,0,0,0,0,0,0,0,0,0,0,0,0,0,0,0,0,0,0,0,0,0,0,0,0,0,0,0,0,0,0,0,0,0,0,0,0
1685,56.2228,0,0,0,0,0,0,0,0,0,0,0,0,0,0,0,0,0,0,0,0,0,0,0,0,0,0,0,0,0,0,0,0,0,0,0,0,0,0,0,0,0,0,0,0,0
1690,56.3897,856,320,0.129647,864,304,0.103512,0,0,0,848,512,0.116395,816,544,0.225182,816,640,0.25306,952,352,0.119379,1024,440,0.109485,0,0,0,912,616,0.488606,984,736,0.333207,1032,952,0.155658,1008,592,0.172245,0,0,0,0,0,0
1695,56.5565,936,352,0.137669,824,456,0.111968,832,464,0.162956,856,504,0.140017,816,496,0.208578,0,0,0,0,0,0,0,0,0,0,0,0,912,632,0.342555,984,752,0.133724,0,0,0,0,0,0,0,0,0,0,0,0
1700,56.7233,872,456,0.278047,880,448,0.26356,848,448,0.348716,856,488,0.337021,800,480,0.357422,856,512,0.155772,968,448,0.200473,1016,456,0.216455,896,456,0.109141,912,624,0.623856,976,736,0.364543,1032,904,0.160789,1008,600,0.360475,1056,704,0.130676,0,0,0
1705,56.8902,880,464,0.231129,888,456,0.206235,872,456,0.255829,888,488,0.20045,832,496,0.24272,0,0,0,976,456,0.16594,1024,456,0.204887,904,448,0.106336,912,632,0.447911,960,728,0.125935,1056,896,0.204588,1000,616,0.252908,0,0,0,0,0,0
1710,57.057,864,320,0.293075,872,304,0.2747,856,312,0.281394,864,392,0.329154,832,504,0.337358,824,616,0.178342,968,368,0.441926,1016,440,0.376055,912,448,0.233582,920,616,0.655462,936,680,0.799939,1024,856,0.732486,1032,568,0.50519,1072,688,0.331012,1128,840,0.114243
1715,57.2238,0,0,0,0,0,0,0,0,0,0,0,0,864,520,0.161439,0,0,0,0,0,0,0,0,0,0,0,0,920,640,0.301975,0,0,0,0,0,0,0,0,0,0,0,0,0,0,0
1720,57.3907,0,0,0,0,0,0,0,0,0,0,0,0,0,0,0,0,0,0,0,0,0,0,0,0,0,0,0,912,640,0.141874,0,0,0,0,0,0,0,0,0,0,0,0,0,0,0
1725,57.5575,856,312,0.323185,864,304,0.275045,848,312,0.315484,856,376,0.21242,840,472,0.153473,0,0,0,944,360,0.340838,1008,440,0.325826,936,448,0.201377,904,608,0.267541,976,752,0.129154,1024,928,0.121797,1008,544,0.284204,0,0,0,0,0,0
1730,57.7243,0,0,0,0,0,0,0,0,0,0,0,0,0,0,0,0,0,0,0,0,0,1016,448,0.109764,0,0,0,920,664,0.277251,968,744,0.12786,1024,904,0.260505,976,656,0.105472,0,0,0,0,0,0
1735,57.8912,848,320,0.49721,864,312,0.462725,840,312,0.54108,832,368,0.34922,816,480,0.155486,920,744,0.132333,944,352,0.552968,1000,440,0.309876,920,440,0.233993,936,680,0.29798,976,784,0.186026,1032,872,0.103402,1000,544,0.221731,1080,744,0.166575,1112,840,0.113135
1740,58.058,1496,880,0.119806,0,0,0,0,0,0,0,0,0,0,0,0,0,0,0,0,0,0,0,0,0,0,0,0,0,0,0,0,0,0,0,0,0,0,0,0,0,0,0,0,0,0
1745,58.2248,0,0,0,0,0,0,0,0,0,0,0,0,0,0,0,0,0,0,0,0,0,0,0,0,0,0,0,0,0,0,0,0,0,0,0,0,0,0,0,0,0,0,0,0,0
1750,58.3917,1504,880,0.102858,0,0,0,0,0,0,0,0,0,0,0,0,0,0,0,0,0,0,0,0,0,0,0,0,0,0,0,0,0,0,0,0,0,0,0,0,0,0,0,0,0,0
1755,58.5585,0,0,0,0,0,0,0,0,0,0,0,0,0,0,0,0,0,0,0,0,0,0,0,0,0,0,0,0,0,0,0,0,0,0,0,0,0,0,0,0,0,0,0,0,0
1760,58.7253,0,0,0,0,0,0,0,0,0,0,0,0,0,0,0,0,0,0,0,0,0,0,0,0,0,0,0,0,0,0,0,0,0,0,0,0,0,0,0,0,0,0,0,0,0
1765,58.8922,1016,424,0.108748,0,0,0,0,0,0,0,0,0,0,0,0,0,0,0,0,0,0,0,0,0,0,0,0,0,0,0,0,0,0,0,0,0,0,0,0,0,0,0,0,0,0
1770,59.059,984,344,0.179823,984,336,0.164897,976,344,0.16091,0,0,0,0,0,0,0,0,0,0,0,0,0,0,0,0,0,0,920,664,0.132477,0,0,0,0,0,0,0,0,0,0,0,0,0,0,0
1775,59.2258,848,296,0.380369,856,288,0.413865,832,288,0.410152,824,360,0.174277,0,0,0,0,0,0,920,352,0.155308,0,0,0,0,0,0,920,608,0.221333,0,0,0,0,0,0,1040,600,0.147013,0,0,0,0,0,0
1780,59.3927,976,352,0.10683,0,0,0,0,0,0,0,0,0,0,0,0,0,0,0,0,0,0,0,0,0,0,0,0,0,0,0,0,0,0,0,0,0,0,0,0,0,0,0,0,0,0
1785,59.5595,824,304,0.487677,840,288,0.481139,816,296,0.487277,824,368,0.3219,832,472,0.210622,992,480,0.120477,952,360,0.493515,1008,448,0.465713,912,456,0.548759,936,656,0.494211,968,752,0.247169,1008,872,0.299114,1040,608,0.523951,1088,736,0.444799,1168,880,0.180731
1790,59.7263,832,312,0.496663,840,296,0.482702,816,304,0.511017,808,368,0.303364,792,392,0.108368,0,0,0,944,360,0.460026,1000,440,0.373131,936,456,0.311142,912,616,0.266402,0,0,0,0,0,0,1024,592,0.264374,0,0,0,0,0,0
1795,59.8932,840,312,0.269556,848,304,0.254655,832,304,0.256576,848,384,0.229378,832,480,0.213885,984,480,0.100507,944,360,0.420898,1008,456,0.547521,904,456,0.454107,928,608,0.409712,960,720,0.175223,1016,856,0.208925,1024,584,0.444515,1072,728,0.222144,0,0,0
1800,60.06,832,304,0.348083,848,296,0.313989,824,296,0.35424,832,376,0.265473,832,472,0.202362,0,0,0,944,360,0.499698,1008,448,0.578295,880,448,0.516097,904,584,0.39403,936,696,0.198433,1000,856,0.241675,1016,560,0.467556,1072,720,0.171406,0,0,0
1805,60.2268,824,304,0.160171,832,296,0.140688,816,296,0.142434,0,0,0,0,0,0,0,0,0,944,360,0.236044,1000,448,0.290266,904,440,0.121001,912,592,0.129899,0,0,0,0,0,0,1008,568,0.100069,0,0,0,0,0,0
1810,60.3937,840,288,0.799001,848,280,0.825875,816,288,0.908692,792,368,0.592317,760,280,0.198721,752,368,0.259533,944,352,0.823322,1008,464,0.740464,872,440,0.700556,904,600,0.624842,952,712,0.652219,1024,864,0.340772,1008,552,0.731136,1072,704,0.455208,1144,848,0.246359
1815,60.5605,840,304,0.796782,848,280,0.805282,824,288,0.881133,792,368,0.553075,752,408,0.143907,752,360,0.14927,936,352,0.797543,1008,464,0.672191,880,440,0.641764,896,600,0.580809,944,712,0.334705,1016,856,0.213541,1008,560,0.653547,1064,704,0.305638,1096,840,0.132947
1820,60.7273,832,312,0.79693,848,296,0.773943,816,304,0.869434,800,368,0.526764,760,384,0.190776,760,376,0.202419,936,352,0.800094,1000,448,0.672487,880,440,0.680861,904,608,0.628471,960,728,0.407309,1032,864,0.322216,1008,560,0.562201,1064,720,0.351405,1120,848,0.19896
1825,60.8942,832,320,0.720177,848,312,0.71862,816,312,0.820658,816,368,0.514979,768,328,0.204906,760,376,0.192389,936,360,0.782462,1000,440,0.677769,872,432,0.704392,912,608,0.477976,968,744,0.250734,1024,864,0.334817,1016,576,0.405421,1072,728,0.340554,1104,856,0.195638
1830,61.061,984,408,0.140919,968,432,0.120973,968,400,0.126899,0,0,0,0,0,0,0,0,0,0,0,0,0,0,0,0,0,0,0,0,0,0,0,0,0,0,0,0,0,0,0,0,0,0,0,0
1835,61.2278,984,440,0.284513,984,432,0.293477,896,424,0.271158,872,488,0.396555,840,512,0.242384,0,0,0,992,456,0.402496,992,440,0.476507,880,440,0.320912,944,656,0.621148,984,784,0.261035,1040,880,0.279477,1056,624,0.431267,1088,744,0.404887,0,0,0
1840,61.3947,904,432,0.255849,936,416,0.214767,896,424,0.296534,872,488,0.344275,848,512,0.210076,0,0,0,984,456,0.318911,1000,440,0.297935,912,456,0.155772,936,656,0.585731,984,784,0.21721,1032,872,0.211888,1048,624,0.319395,1088,752,0.358488,0,0,0
1845,61.5615,904,424,0.415577,920,416,0.4163,896,424,0.476018,880,480,0.426557,840,488,0.239461,0,0,0,992,464,0.400315,1008,440,0.232405,920,432,0.178477,936,648,0.659671,984,768,0.379997,1040,864,0.324654,1048,616,0.49251,1096,744,0.568878,0,0,0
1850,61.7283,944,432,0.422495,952,432,0.455373,928,424,0.444217,888,488,0.428059,856,464,0.312665,936,448,0.126674,1000,472,0.40809,1008,440,0.305969,904,448,0.185187,944,656,0.603076,992,800,0.231436,1032,872,0.166117,1056,624,0.462262,1112,744,0.38096,0,0,0
1855,61.8952,928,424,0.355875,928,416,0.378093,912,424,0.398086,896,480,0.367333,848,496,0.27308,952,448,0.101603,984,448,0.424744,1008,448,0.426951,904,448,0.232209,936,648,0.571787,976,776,0.305206,1032,864,0.233473,1048,608,0.472724,1096,744,0.507547,0,0,0
1860,62.062,840,304,0.139194,848,288,0.155275,984,384,0.129821,856,472,0.279022,840,488,0.307941,0,0,0,952,368,0.556298,1000,440,0.788799,888,456,0.547739,928,640,0.681891,976,776,0.427644,1040,872,0.256307,1048,592,0.764524,1104,736,0.745624,0,0,0
1865,62.2288,944,424,0.32465,976,416,0.304828,896,416,0.345096,864,480,0.47877,832,496,0.303573,824,592,0.131189,984,448,0.516642,1000,448,0.524039,888,448,0.226892,928,648,0.662864,976,760,0.48925,1024,872,0.385456,1048,600,0.624103,1096,728,0.629214,1176,920,0.17854
1870,62.3957,944,440,0.403035,968,424,0.432969,928,432,0.453716,896,480,0.421981,880,488,0.404875,984,472,0.203011,1000,456,0.546029,1008,448,0.476077,936,448,0.252694,936,640,0.660899,984,768,0.403495,1024,864,0.305946,1048,592,0.616116,1096,728,0.594233,0,0,0
1875,62.5625,936,480,0.534136,952,456,0.512631,920,472,0.614479,896,512,0.587492,872,496,0.292459,848,616,0.150091,1016,488,0.549911,1024,448,0.218184,960,464,0.240952,936,656,0.707993,976,776,0.418113,1024,864,0.336158,1048,616,0.606635,1096,736,0.605441,1184,912,0.100013
1880,62.7293,912,448,0.610292,936,432,0.625008,904,440,0.669306,880,504,0.698894,840,456,0.696699,832,416,0.225935,1000,480,0.503003,1008,440,0.297514,896,424,0.215938,936,664,0.660886,984,792,0.341445,1032,872,0.209236,1056,624,0.541883,1096,744,0.583329,1192,912,0.102444
1885,62.8962,976,424,0.186863,976,416,0.205589,960,416,0.194176,904,480,0.119016,856,464,0.16481,0,0,0,984,448,0.123133,0,0,0,0,0,0,928,640,0.161357,0,0,0,0,0,0,0,0,0,0,0,0,0,0,0
1890,63.063,936,424,0.330847,952,424,0.319691,928,424,0.378025,896,480,0.276596,856,472,0.2463,856,432,0.128006,1008,456,0.258026,1040,408,0.117464,0,0,0,928,640,0.304867,0,0,0,0,0,0,1032,608,0.145865,0,0,0,0,0,0
1895,63.2298,920,416,0.34685,936,416,0.303935,912,416,0.36421,896,472,0.26962,864,464,0.196388,0,0,0,992,448,0.258728,1024,408,0.128709,0,0,0,928,632,0.161631,0,0,0,0,0,0,1016,608,0.106841,0,0,0,0,0,0
1900,63.3967,976,424,0.342384,976,416,0.369215,896,416,0.364216,880,472,0.448756,840,448,0.409203,856,424,0.255578,1000,448,0.639667,992,448,0.570989,896,432,0.346241,936,632,0.615222,976,760,0.39758,1008,864,0.300821,1048,600,0.567088,1088,736,0.52346,1104,848,0.149559
1905,63.5635,912,432,0.108637,984,424,0.10871,0,0,0,0,0,0,848,464,0.107549,0,0,0,976,456,0.131248,984,408,0.127785,0,0,0,0,0,0,0,0,0,0,0,0,0,0,0,0,0,0,0,0,0
1910,63.7303,896,424,0.165558,896,424,0.138667,880,416,0.178455,888,480,0.135852,832,456,0.176647,0,0,0,968,448,0.192057,1000,416,0.155543,0,0,0,920,648,0.240651,0,0,0,0,0,0,1016,616,0.115554,0,0,0,0,0,0
1915,63.8972,904,416,0.202323,984,424,0.17191,896,408,0.18447,896,480,0.179613,856,456,0.139137,0,0,0,976,448,0.281628,1008,448,0.230614,0,0,0,928,648,0.346701,0,0,0,0,0,0,1024,616,0.187798,0,0,0,0,0,0
1920,64.064,920,424,0.22895,928,416,0.199465,920,416,0.21226,912,480,0.197972,864,464,0.104466,0,0,0,1000,456,0.280625,1016,448,0.254293,968,472,0.133325,944,648,0.263904,0,0,0,0,0,0,1048,608,0.252599,0,0,0,0,0,0
1925,64.2308,912,408,0.156321,928,408,0.108818,912,408,0.157841,896,456,0.131458,856,464,0.122197,0,0,0,992,440,0.231334,1008,456,0.205019,0,0,0,944,656,0.206878,0,0,0,0,0,0,1040,608,0.208185,0,0,0,0,0,0
1930,64.3977,928,400,0.17447,952,392,0.150679,920,400,0.177853,896,448,0.116981,0,0,0,0,0,0,992,424,0.18807,1016,464,0.162948,0,0,0,936,656,0.164748,0,0,0,0,0,0,1040,608,0.146647,0,0,0,0,0,0
1935,64.5645,928,376,0.416383,936,368,0.34442,904,376,0.424493,912,424,0.319599,968,440,0.543782,1016,432,0.355588,968,424,0.434834,1008,424,0.370752,944,384,0.265362,928,640,0.439331,968,760,0.199374,1000,856,0.23911,1040,600,0.398453,1072,744,0.279465,1096,856,0.139569
1940,64.7313,928,408,0.391049,936,400,0.341201,912,408,0.412437,888,448,0.376127,856,424,0.229757,880,416,0.196658,992,440,0.494472,1000,440,0.347185,928,416,0.211915,936,632,0.464273,968,760,0.259824,1008,864,0.263446,1040,600,0.509134,1080,744,0.418578,1104,856,0.174403
1945,64.8982,944,408,0.319631,976,400,0.282772,944,400,0.342528,888,440,0.31649,856,416,0.221597,888,408,0.269778,992,440,0.453307,1000,448,0.347503,928,416,0.294346,928,632,0.57472,976,760,0.330101,1008,864,0.287324,1032,600,0.51886,1080,736,0.445906,1104,856,0.17987
1950,65.065,920,400,0.176691,920,408,0.121661,904,408,0.188423,864,456,0.279183,944,464,0.263289,856,504,0.116407,984,432,0.435895,1000,448,0.45977,936,424,0.218863,928,640,0.682881,976,760,0.480015,1008,872,0.412664,1040,592,0.711322,1080,728,0.670351,1104,856,0.253683
1955,65.2318,896,416,0.228895,904,408,0.173294,896,408,0.255326,872,440,0.262207,840,416,0.228774,872,416,0.179024,992,432,0.403661,1008,440,0.337385,984,400,0.223365,928,632,0.646153,976,752,0.459616,1008,872,0.478315,1040,592,0.631815,1080,736,0.591693,1096,856,0.27984
1960,65.3987,880,376,0.174046,896,360,0.150337,880,384,0.189389,880,432,0.175607,840,424,0.197687,864,416,0.122597,968,368,0.302623,1000,432,0.297032,992,392,0.230616,920,632,0.512063,976,760,0.318736,1008,864,0.38841,1032,584,0.482277,1080,736,0.471194,1096,848,0.263904
1965,65.5655,848,328,0.267655,856,328,0.256235,840,328,0.26443,848,384,0.256997,936,448,0.245874,856,400,0.13466,960,368,0.422831,1000,440,0.445541,904,416,0.355684,928,640,0.613029,976,760,0.438686,1008,872,0.459646,1032,592,0.632663,1080,728,0.632479,1104,856,0.278743
1970,65.7323,840,328,0.25253,848,320,0.231067,832,328,0.252115,832,368,0.264082,808,408,0.184351,872,408,0.169212,952,360,0.428241,1008,424,0.428387,1008,384,0.270846,928,640,0.609133,976,760,0.356545,1008,872,0.370779,1032,592,0.570949,1080,736,0.565906,1120,864,0.187899
1975,65.8992,840,328,0.35008,848,320,0.308543,832,328,0.37038,824,400,0.465542,784,424,0.219518,808,408,0.101696,952,352,0.626489,1016,408,0.382554,1016,384,0.338177,920,648,0.715378,976,760,0.407908,1016,872,0.458378,1040,592,0.678695,1088,728,0.599855,1128,856,0.234789
1980,66.066,824,296,0.714796,832,280,0.736852,808,288,0.71781,800,400,0.754995,760,504,0.56506,776,560,0.271247,960,344,0.819999,1032,440,0.633525,928,416,0.690852,912,624,0.815426,968,736,0.487828,1024,872,0.497627,1048,576,0.83899,1096,728,0.70186,1136,864,0.251011
1985,66.2328,824,296,0.831062,832,280,0.845442,800,288,0.832578,784,392,0.745947,776,504,0.370525,784,552,0.158,944,352,0.847001,1000,432,0.819065,880,416,0.693341,912,624,0.782183,952,720,0.406746,1024,872,0.476308,1040,576,0.762392,1096,728,0.615062,1136,856,0.227327
1990,66.3997,824,296,0.780248,832,280,0.804133,800,288,0.776538,784,400,0.619471,760,504,0.388543,776,568,0.137874,944,352,0.718984,1008,432,0.776226,872,416,0.5144,912,656,0.637367,952,728,0.191483,1016,872,0.272646,1032,608,0.511895,1080,744,0.260709,1104,840,0.124487
1995,66.5665,888,432,0.185513,888,424,0.148275,880,432,0.178409,872,456,0.227898,832,504,0.213603,0,0,0,976,440,0.187835,1016,432,0.144193,0,0,0,920,672,0.344688,0,0,0,0,0,0,1024,632,0.132948,0,0,0,0,0,0
2000,66.7333,880,448,0.164647,888,440,0.151055,880,448,0.165292,904,456,0.164047,832,504,0.161547,0,0,0,976,440,0.133988,0,0,0,0,0,0,920,680,0.272538,0,0,0,0,0,0,0,0,0,0,0,0,0,0,0
2005,66.9002,864,440,0.231615,872,432,0.203982,856,440,0.2627,848,464,0.22051,816,496,0.223296,0,0,0,952,456,0.227847,1016,448,0.153532,0,0,0,920,656,0.467528,0,0,0,0,0,0,1024,624,0.238171,1080,752,0.128248,0,0,0
2010,67.067,0,0,0,0,0,0,0,0,0,0,0,0,0,0,0,0,0,0,0,0,0,0,0,0,0,0,0,920,664,0.32455,0,0,0,0,0,0,0,0,0,0,0,0,0,0,0
2015,67.2338,0,0,0,0,0,0,0,0,0,0,0,0,0,0,0,0,0,0,0,0,0,0,0,0,0,0,0,920,672,0.272833,0,0,0,0,0,0,0,0,0,0,0,0,0,0,0
2020,67.4007,0,0,0,0,0,0,0,0,0,0,0,0,784,504,0.100064,0,0,0,0,0,0,0,0,0,0,0,0,912,672,0.180097,0,0,0,0,0,0,0,0,0,0,0,0,0,0,0
2025,67.5675,0,0,0,0,0,0,0,0,0,0,0,0,0,0,0,0,0,0,0,0,0,0,0,0,0,0,0,920,688,0.111233,0,0,0,0,0,0,0,0,0,0,0,0,0,0,0
2030,67.7343,0,0,0,0,0,0,0,0,0,0,0,0,0,0,0,0,0,0,0,0,0,0,0,0,0,0,0,920,680,0.113181,0,0,0,0,0,0,0,0,0,0,0,0,0,0,0
2035,67.9012,0,0,0,0,0,0,0,0,0,0,0,0,0,0,0,0,0,0,0,0,0,0,0,0,0,0,0,0,0,0,0,0,0,0,0,0,0,0,0,0,0,0,0,0,0
2040,68.068,816,328,0.358379,816,320,0.336337,808,328,0.367737,784,408,0.383338,760,504,0.308406,776,536,0.107367,936,392,0.334296,1008,432,0.391217,920,448,0.156445,912,664,0.533045,960,784,0.123331,0,0,0,1024,608,0.262883,1080,736,0.117102,0,0,0
2045,68.2348,0,0,0,0,0,0,0,0,0,872,456,0.112612,824,496,0.142401,0,0,0,976,432,0.12714,1016,440,0.161066,0,0,0,920,688,0.258623,0,0,0,0,0,0,0,0,0,0,0,0,0,0,0
2050,68.4017,816,328,0.489963,816,304,0.510041,800,320,0.532894,776,408,0.670354,744,496,0.527248,744,544,0.355965,944,360,0.55812,1008,424,0.682507,888,424,0.394065,912,664,0.525236,960,776,0.11645,0,0,0,1032,608,0.353583,1088,728,0.159058,0,0,0
2055,68.5685,816,296,0.883813,824,280,0.913842,792,288,0.941159,760,408,0.848584,728,512,0.802108,752,552,0.60421,936,352,0.822978,1016,424,0.833042,872,424,0.648422,896,632,0.583713,952,752,0.19185,0,0,0,1024,584,0.517631,1080,728,0.253793,0,0,0
2060,68.7353,816,296,0.883384,824,280,0.912825,792,288,0.95216,760,408,0.833098,736,512,0.747142,760,536,0.499903,928,352,0.759075,1008,432,0.697723,880,432,0.511895,888,616,0.577963,960,760,0.247003,1032,880,0.236536,1016,576,0.485357,1080,728,0.344581,1120,848,0.115679
2065,68.9022,808,296,0.845358,816,280,0.874189,784,288,0.910931,760,408,0.732368,752,488,0.617519,744,544,0.522808,920,352,0.663354,1000,424,0.564203,888,424,0.369275,904,632,0.506479,952,744,0.179117,1008,864,0.129408,1016,584,0.401557,1080,728,0.239683,0,0,0
2070,69.069,0,0,0,0,0,0,0,0,0,0,0,0,824,496,0.10649,0,0,0,0,0,0,0,0,0,0,0,0,928,688,0.102713,0,0,0,0,0,0,0,0,0,0,0,0,0,0,0
2075,69.2358,0,0,0,0,0,0,0,0,0,0,0,0,816,496,0.110625,0,0,0,0,0,0,0,0,0,0,0,0,920,680,0.176138,0,0,0,0,0,0,0,0,0,0,0,0,0,0,0
2080,69.4027,872,448,0.257357,880,448,0.231036,864,448,0.28689,872,496,0.207775,832,472,0.194146,0,0,0,976,456,0.122051,1008,464,0.112155,0,0,0,920,656,0.502705,984,832,0.17094,1008,888,0.107158,1024,632,0.264934,1080,744,0.212779,0,0,0
2085,69.5695,872,456,0.214579,872,448,0.209815,864,448,0.252825,872,496,0.240119,824,488,0.235455,0,0,0,976,464,0.15408,1016,448,0.151299,0,0,0,928,656,0.615871,976,816,0.277707,1032,888,0.194119,1040,624,0.36488,1088,752,0.418683,0,0,0
2090,69.7363,888,448,0.132103,880,448,0.110987,872,448,0.140719,864,496,0.183416,824,504,0.237697,0,0,0,976,456,0.134568,1016,448,0.157627,0,0,0,928,664,0.601167,992,840,0.298814,1032,888,0.10705,1040,632,0.378595,1088,744,0.362566,0,0,0
2095,69.9032,888,440,0.121339,968,360,0.106538,880,440,0.148829,872,488,0.185337,832,496,0.226538,0,0,0,984,448,0.13737,1016,440,0.188914,0,0,0,920,648,0.489679,968,784,0.199575,1024,888,0.252917,1032,608,0.214811,1080,744,0.239094,0,0,0
2100,70.07,864,440,0.170641,864,440,0.122976,848,432,0.203443,864,480,0.214461,808,472,0.341306,760,504,0.316457,976,408,0.316177,1008,432,0.503521,880,416,0.340859,920,632,0.593894,968,776,0.30838,1032,888,0.281024,1032,600,0.462193,1080,744,0.489551,1152,872,0.121541
2105,70.2368,800,312,0.218114,808,296,0.218874,800,304,0.20906,816,384,0.266324,792,472,0.313004,760,504,0.335616,944,360,0.189523,1016,432,0.145777,0,0,0,912,632,0.522956,968,800,0.250954,1024,888,0.221926,1032,600,0.304921,1080,744,0.387738,1168,864,0.111408
2110,70.4037,872,448,0.191647,872,440,0.138976,872,440,0.226685,864,480,0.213441,832,480,0.324901,760,496,0.151704,976,408,0.315988,1008,440,0.452903,888,424,0.327386,920,640,0.556915,968,776,0.260935,1024,888,0.288136,1032,608,0.38753,1080,744,0.4185,1128,856,0.137021
2115,70.5705,872,448,0.20528,872,448,0.197571,864,448,0.259352,872,488,0.204772,824,480,0.273172,768,512,0.133973,984,464,0.166618,1024,448,0.169924,0,0,0,928,664,0.539902,984,832,0.250568,1024,888,0.13849,1032,640,0.238808,1088,744,0.264622,0,0,0
2120,70.7373,904,384,0.171265,864,456,0.11615,840,456,0.216972,872,472,0.23768,808,472,0.253808,760,512,0.197757,984,432,0.27439,1008,440,0.306582,928,448,0.174529,928,680,0.604125,992,840,0.301389,0,0,0,1040,632,0.381921,1096,760,0.326068,0,0,0
2125,70.9042,880,448,0.151347,872,456,0.11545,840,472,0.209736,856,496,0.269516,800,488,0.250566,760,504,0.215246,976,440,0.247514,1008,448,0.296737,936,456,0.166779,928,672,0.641176,992,840,0.339151,1048,896,0.124514,1040,632,0.421442,1096,752,0.371659,0,0,0
2130,71.071,808,304,0.407889,816,296,0.422172,800,304,0.404614,800,392,0.519203,792,504,0.391786,752,504,0.460233,960,360,0.544671,1016,424,0.759813,880,416,0.65146,920,656,0.727014,984,832,0.369967,1048,896,0.119143,1040,600,0.648008,1096,744,0.510538,0,0,0
2135,71.2378,816,304,0.240683,816,288,0.263399,808,304,0.210431,824,392,0.310447,808,488,0.310516,768,504,0.342587,968,368,0.47661,1016,424,0.752774,880,416,0.651481,920,648,0.635332,984,832,0.336564,1048,896,0.128473,1040,600,0.555522,1104,768,0.430949,0,0,0
2140,71.4047,880,464,0.114717,808,288,0.120736,840,472,0.157708,864,472,0.2215,800,496,0.319487,768,512,0.376452,992,408,0.24953,1008,432,0.404037,880,416,0.260982,928,672,0.595497,1000,848,0.294702,0,0,0,1040,624,0.419008,1104,784,0.292732,0,0,0
2145,71.5715,984,416,0.146494,992,408,0.149667,864,448,0.169403,880,464,0.305148,840,488,0.323037,784,512,0.198319,1000,440,0.304033,1016,432,0.395805,888,416,0.300061,928,664,0.570005,1000,848,0.263932,0,0,0,1040,624,0.389709,1096,784,0.243649,0,0,0
2150,71.7383,848,456,0.187891,840,448,0.159362,840,448,0.266323,864,464,0.295633,824,488,0.450778,760,504,0.349409,1000,416,0.341415,1008,432,0.531928,880,416,0.353809,928,664,0.622712,992,840,0.270096,0,0,0,1040,616,0.448312,1096,768,0.289391,0,0,0
2155,71.9052,888,448,0.106991,880,456,0.100079,872,448,0.15355,880,480,0.166702,824,488,0.244498,776,504,0.152968,1000,456,0.114482,1016,456,0.142525,0,0,0,928,672,0.47027,992,848,0.115293,0,0,0,1040,632,0.227291,0,0,0,0,0,0
2160,72.072,888,448,0.127667,0,0,0,880,440,0.145806,872,472,0.171178,832,480,0.341493,768,488,0.265788,992,424,0.188538,1008,440,0.375544,888,416,0.239411,928,664,0.462061,0,0,0,0,0,0,1040,624,0.274139,1080,752,0.14099,0,0,0
2165,72.2388,864,456,0.327345,864,448,0.296609,856,456,0.417135,864,480,0.296828,816,480,0.454076,768,456,0.361829,992,440,0.239523,1016,440,0.470614,896,416,0.291411,928,672,0.552006,1000,848,0.162282,0,0,0,1040,624,0.434527,1088,760,0.288955,0,0,0
2170,72.4057,904,392,0.136073,864,440,0.105498,864,432,0.165005,880,448,0.124038,832,480,0.389112,800,480,0.17232,1000,424,0.127556,1008,440,0.31467,936,440,0.116548,944,688,0.296454,792,464,0.119229,0,0,0,1048,632,0.198349,1088,784,0.105273,0,0,0
2175,72.5725,912,376,0.192039,920,368,0.166216,904,384,0.19874,888,456,0.111938,808,528,0.273927,800,488,0.12903,0,0,0,0,0,0,0,0,0,936,680,0.359,800,472,0.209184,0,0,0,1032,640,0.11857,0,0,0,0,0,0
2180,72.7393,912,392,0.225131,920,384,0.174764,904,392,0.264455,888,456,0.204293,816,488,0.374444,808,488,0.165533,984,440,0.158857,1008,432,0.158802,952,472,0.100251,936,672,0.453644,992,848,0.142146,0,0,0,1048,632,0.251324,1088,768,0.152682,0,0,0
2185,72.9062,912,384,0.11293,0,0,0,896,384,0.111816,880,456,0.120458,816,504,0.301602,800,512,0.107497,984,400,0.127402,1008,432,0.275719,928,448,0.115183,928,672,0.433087,992,840,0.100634,0,0,0,1040,624,0.226111,0,0,0,0,0,0
2190,73.073,832,472,0.11655,832,464,0.14201,832,464,0.18793,864,480,0.136058,808,504,0.366881,800,528,0.135981,0,0,0,1008,448,0.106795,0,0,0,928,672,0.393948,0,0,0,0,0,0,1024,648,0.139048,0,0,0,0,0,0
2195,73.2398,0,0,0,840,480,0.107723,840,480,0.150407,864,496,0.126383,808,528,0.288888,792,512,0.101386,0,0,0,0,0,0,0,0,0,928,672,0.447566,0,0,0,0,0,0,1024,648,0.161808,0,0,0,0,0,0
2200,73.4067,832,496,0.103832,832,488,0.130107,832,496,0.143784,856,528,0.103989,808,536,0.303252,0,0,0,0,0,0,0,0,0,0,0,0,928,680,0.434951,0,0,0,0,0,0,1024,656,0.135984,0,0,0,0,0,0
2205,73.5735,0,0,0,0,0,0,0,0,0,0,0,0,816,536,0.220361,0,0,0,0,0,0,0,0,0,0,0,0,928,680,0.359002,0,0,0,0,0,0,0,0,0,0,0,0,0,0,0
2210,73.7403,0,0,0,0,0,0,824,480,0.131256,0,0,0,800,520,0.270467,0,0,0,0,0,0,0,0,0,0,0,0,928,688,0.328322,0,0,0,0,0,0,0,0,0,0,0,0,0,0,0
2215,73.9072,896,392,0.183073,824,456,0.151263,880,408,0.226935,856,480,0.33464,800,528,0.388483,784,512,0.250111,984,416,0.310117,1008,424,0.505555,920,448,0.204505,928,680,0.412916,0,0,0,0,0,0,1040,624,0.245961,0,0,0,0,0,0
2220,74.074,896,416,0.253793,904,416,0.225809,888,424,0.287248,864,488,0.296437,816,496,0.382445,840,520,0.1482,976,448,0.269282,1008,440,0.324129,928,464,0.131246,928,680,0.442151,0,0,0,0,0,0,1040,632,0.234732,0,0,0,0,0,0
2225,74.2408,904,408,0.251712,896,416,0.208639,896,408,0.285988,864,488,0.27766,808,496,0.388469,784,504,0.214723,984,448,0.195188,1008,440,0.152582,0,0,0,936,688,0.45739,0,0,0,0,0,0,1040,640,0.202278,1088,760,0.108994,0,0,0
2230,74.4077,904,408,0.235624,912,408,0.210651,888,416,0.272126,856,504,0.235798,800,488,0.311537,768,496,0.22711,968,448,0.153038,1008,424,0.15364,0,0,0,928,680,0.475581,0,0,0,0,0,0,1032,648,0.197581,0,0,0,0,0,0
2235,74.5745,904,424,0.199366,904,424,0.200478,896,424,0.218649,880,496,0.179473,792,504,0.401283,768,512,0.264227,976,456,0.134569,1000,424,0.138652,0,0,0,928,680,0.502466,1000,848,0.133498,0,0,0,1040,648,0.24902,1088,768,0.181082,0,0,0
2240,74.7413,904,416,0.277307,912,416,0.262065,880,424,0.315751,864,488,0.314642,824,480,0.353589,792,496,0.153864,976,448,0.255696,1016,432,0.232744,904,432,0.119589,936,680,0.555832,992,840,0.218738,0,0,0,1048,640,0.370052,1088,768,0.298931,0,0,0
2245,74.9082,840,464,0.226602,840,456,0.249217,840,464,0.307837,872,504,0.192577,816,496,0.32792,768,504,0.238915,968,456,0.207748,1008,432,0.234193,936,472,0.115153,928,672,0.560413,992,840,0.205027,0,0,0,1048,640,0.306263,1096,768,0.240237,0,0,0
2250,75.075,800,488,0.251655,808,472,0.227511,808,472,0.330942,848,512,0.27453,792,504,0.386659,752,520,0.295102,912,480,0.131702,864,392,0.13581,0,0,0,920,664,0.653804,992,832,0.257865,0,0,0,1024,632,0.342348,1088,768,0.281427,0,0,0
2255,75.2418,808,504,0.253249,824,488,0.238875,824,488,0.27519,856,512,0.253207,792,504,0.20692,0,0,0,880,496,0.143245,888,440,0.106221,0,0,0,920,672,0.426769,0,0,0,0,0,0,1008,648,0.155792,0,0,0,0,0,0
2260,75.4087,904,440,0.312718,904,432,0.207066,896,432,0.315218,856,480,0.375331,808,512,0.287188,800,512,0.149332,968,464,0.233511,1016,456,0.189667,0,0,0,920,656,0.694287,984,808,0.293933,1032,896,0.261201,1032,624,0.416672,1080,752,0.367159,0,0,0
2265,75.5755,832,504,0.139459,832,496,0.13233,832,496,0.130997,864,512,0.170926,816,536,0.177781,0,0,0,888,496,0.133495,0,0,0,0,0,0,920,672,0.375881,1000,848,0.124241,0,0,0,1000,648,0.120956,0,0,0,0,0,0
2270,75.7423,880,416,0.276498,880,416,0.229041,864,424,0.303685,856,488,0.477462,824,528,0.437697,808,584,0.227954,944,456,0.337327,1000,440,0.193029,896,456,0.118823,928,672,0.626816,992,832,0.32401,1032,952,0.159494,1040,632,0.356483,1088,752,0.252779,0,0,0
2275,75.9092,928,416,0.266296,944,408,0.225077,912,408,0.281701,872,488,0.282377,832,520,0.29697,848,520,0.105959,984,456,0.18498,1016,448,0.231581,952,480,0.101093,920,664,0.52184,992,840,0.18403,0,0,0,1032,624,0.257567,1088,752,0.164993,0,0,0
2280,76.076,936,424,0.3576,960,416,0.354328,912,424,0.391798,880,496,0.500843,832,512,0.432963,776,536,0.220451,1008,464,0.475094,1016,440,0.486199,928,432,0.211909,936,680,0.594705,992,848,0.272177,0,0,0,1048,640,0.39833,1104,776,0.222596,1208,960,0.126786
2285,76.2428,880,464,0.193554,872,464,0.160283,864,456,0.22852,880,496,0.246115,824,504,0.285709,792,512,0.181511,1008,472,0.155938,1016,448,0.21954,0,0,0,928,680,0.277108,0,0,0,0,0,0,1024,632,0.101244,0,0,0,0,0,0
2290,76.4097,920,392,0.208951,952,384,0.185462,864,448,0.272975,864,480,0.201562,824,480,0.379613,792,520,0.276286,976,440,0.175448,1016,440,0.343172,912,440,0.121618,920,648,0.404696,0,0,0,0,0,0,1024,608,0.191715,0,0,0,0,0,0
2295,76.5765,912,400,0.172143,936,392,0.130553,904,400,0.192174,880,472,0.168921,840,472,0.218266,0,0,0,992,448,0.130484,1024,440,0.290273,952,472,0.110464,920,656,0.305328,0,0,0,0,0,0,1024,608,0.143834,0,0,0,0,0,0
2300,76.7433,952,368,0.137308,968,368,0.114526,944,368,0.13701,0,0,0,848,464,0.109105,0,0,0,0,0,0,1024,440,0.157347,0,0,0,920,664,0.240645,0,0,0,0,0,0,0,0,0,0,0,0,0,0,0
2305,76.9102,952,384,0.174613,968,384,0.155555,912,408,0.197522,872,488,0.263156,848,472,0.289638,848,488,0.122807,1008,448,0.206875,1016,440,0.319384,896,448,0.126862,928,664,0.470587,992,840,0.135687,0,0,0,1040,616,0.240807,1088,760,0.163435,0,0,0
2310,77.077,848,480,0.113483,0,0,0,848,480,0.164137,864,504,0.129213,824,504,0.242464,816,536,0.122842,944,448,0.153197,1016,440,0.271837,896,424,0.135379,920,664,0.50609,992,840,0.157881,0,0,0,1032,624,0.240726,1088,744,0.127633,0,0,0
2315,77.2438,0,0,0,0,0,0,0,0,0,864,512,0.10441,816,488,0.174219,0,0,0,0,0,0,1016,440,0.148157,0,0,0,920,672,0.397214,0,0,0,0,0,0,1024,640,0.128186,0,0,0,0,0,0
2320,77.4107,0,0,0,0,0,0,856,456,0.105398,0,0,0,824,488,0.181204,0,0,0,0,0,0,1024,440,0.18869,0,0,0,920,672,0.36569,0,0,0,0,0,0,1024,632,0.108096,0,0,0,0,0,0
2325,77.5775,808,320,0.211676,816,312,0.182696,800,320,0.196562,824,408,0.237473,808,488,0.305652,784,528,0.267063,944,376,0.354211,1016,440,0.590894,888,440,0.354442,920,656,0.56638,992,840,0.213929,0,0,0,1032,600,0.397148,1088,752,0.241719,0,0,0
2330,77.7443,808,320,0.194375,824,312,0.17669,816,320,0.174096,824,400,0.203809,832,496,0.297835,816,568,0.138786,944,376,0.339417,1016,440,0.662123,872,424,0.501421,912,632,0.448035,1000,832,0.161347,0,0,0,1024,584,0.365565,1088,768,0.187149,0,0,0
2335,77.9112,864,384,0.12898,872,360,0.103173,864,392,0.138956,880,400,0.20258,808,464,0.24976,816,552,0.136281,976,384,0.420462,1016,440,0.675213,888,424,0.484206,912,632,0.536358,992,816,0.265891,0,0,0,1024,584,0.448768,1088,752,0.374034,0,0,0
2340,78.078,0,0,0,0,0,0,0,0,0,872,512,0.123619,848,480,0.138127,0,0,0,992,440,0.158541,1016,448,0.36894,952,472,0.115102,920,640,0.379189,968,744,0.173379,1024,872,0.139863,1024,608,0.232633,1080,752,0.125938,0,0,0
2345,78.2448,968,376,0.141625,976,368,0.122107,960,384,0.157086,0,0,0,848,496,0.181834,0,0,0,0,0,0,0,0,0,0,0,0,928,680,0.259599,848,464,0.269506,1024,872,0.138481,0,0,0,0,0,0,0,0,0
2350,78.4117,1032,256,0.210722,1048,240,0.239707,1024,240,0.23655,992,296,0.140485,936,344,0.179787,912,408,0.119948,1032,320,0.17185,1024,416,0.244814,888,400,0.240964,0,0,0,0,0,0,0,0,0,0,0,0,0,0,0,0,0,0
2355,78.5785,888,288,0.360197,896,280,0.305905,872,280,0.389833,856,344,0.519683,832,312,0.257066,848,320,0.121349,976,368,0.664485,1016,440,0.778489,872,416,0.70333,920,648,0.391191,0,0,0,0,0,0,1024,608,0.347121,1080,744,0.252241,0,0,0
2360,78.7453,928,408,0.173603,1008,408,0.176795,1008,400,0.18567,880,464,0.27171,832,528,0.272908,880,408,0.140415,1000,408,0.419544,1016,432,0.67935,880,416,0.575988,936,688,0.412627,0,0,0,0,0,0,1032,632,0.398243,1088,752,0.290006,0,0,0
2365,78.9122,872,352,0.134826,1016,392,0.117077,1016,392,0.146262,864,328,0.216154,840,512,0.247536,0,0,0,992,384,0.430364,1016,432,0.674803,880,424,0.532185,920,664,0.410927,0,0,0,0,0,0,1032,624,0.39402,1080,744,0.310373,0,0,0
2370,79.079,928,400,0.193945,952,400,0.161339,904,400,0.190153,896,392,0.302684,840,520,0.272308,888,408,0.192871,992,384,0.482235,1016,432,0.730995,888,424,0.542958,928,672,0.388929,0,0,0,0,0,0,1032,616,0.308198,1088,744,0.184327,0,0,0
2375,79.2458,904,304,0.323886,904,296,0.269184,888,296,0.325883,864,368,0.413069,840,504,0.321753,888,392,0.113787,984,360,0.715316,1024,440,0.841805,880,416,0.705486,904,632,0.450223,976,744,0.135418,0,0,0,1024,576,0.479509,1080,728,0.416309,0,0,0
2380,79.4127,872,280,0.202315,880,272,0.15357,872,288,0.179562,864,448,0.281796,832,496,0.245773,888,400,0.119843,984,368,0.566521,1016,432,0.820633,880,416,0.631833,928,680,0.398162,0,0,0,0,0,0,1040,624,0.284306,1088,744,0.207316,0,0,0
2385,79.5795,880,336,0.311113,896,328,0.232349,872,336,0.282865,872,400,0.317459,824,544,0.266624,0,0,0,976,368,0.62903,1024,432,0.846752,880,416,0.645672,928,672,0.340603,0,0,0,0,0,0,1032,608,0.301242,0,0,0,0,0,0
2390,79.7463,928,368,0.154564,1008,376,0.137567,984,376,0.162191,904,384,0.27823,840,512,0.259853,888,408,0.180119,992,384,0.437068,1024,432,0.671391,888,424,0.385514,936,680,0.318017,0,0,0,0,0,0,1032,624,0.185434,0,0,0,0,0,0
2395,79.9132,904,352,0.107069,0,0,0,0,0,0,880,368,0.188247,840,352,0.174477,0,0,0,1000,408,0.270165,1016,456,0.351655,920,440,0.104162,936,680,0.178419,840,472,0.142242,0,0,0,0,0,0,0,0,0,0,0,0
2400,80.08,920,352,0.171172,928,344,0.133464,928,360,0.151608,888,376,0.162419,864,424,0.196648,872,400,0.128637,984,384,0.179582,1024,448,0.159188,0,0,0,920,640,0.166313,840,472,0.122889,0,0,0,0,0,0,0,0,0,0,0,0
2405,80.2468,912,352,0.143338,920,352,0.116768,912,344,0.11132,0,0,0,832,336,0.106481,0,0,0,952,376,0.110922,928,344,0.158923,0,0,0,0,0,0,0,0,0,0,0,0,0,0,0,0,0,0,0,0,0
2410,80.4137,896,376,0.242261,896,376,0.236355,888,376,0.241296,880,424,0.237109,824,536,0.244635,0,0,0,992,416,0.422614,1016,456,0.488023,920,448,0.235733,920,656,0.241976,832,480,0.120968,0,0,0,1032,600,0.149875,0,0,0,0,0,0
2415,80.5805,912,376,0.35864,928,360,0.342055,904,368,0.39105,888,408,0.387729,832,536,0.355283,888,400,0.12182,1000,408,0.566497,1024,456,0.552158,912,448,0.276147,928,664,0.358247,832,472,0.199392,0,0,0,1032,592,0.279452,0,0,0,0,0,0
2420,80.7473,944,368,0.278918,936,360,0.218863,936,368,0.304809,904,400,0.413673,824,536,0.268579,888,408,0.194562,1008,416,0.399506,1024,448,0.387839,888,408,0.200577,928,664,0.432015,848,456,0.129251,0,0,0,1032,600,0.277101,1080,752,0.15606,0,0,0
2425,80.9142,968,352,0.306603,976,344,0.264297,952,360,0.294934,920,400,0.351068,840,520,0.254014,1024,352,0.141493,1016,400,0.292889,1048,456,0.214075,1056,360,0.195719,920,656,0.449185,832,472,0.274158,0,0,0,1032,608,0.262055,1072,752,0.166054,0,0,0
2430,81.081,792,296,0.206362,800,288,0.191372,792,296,0.184955,824,360,0.248348,832,520,0.24122,824,448,0.127385,976,368,0.367115,1008,416,0.491371,952,432,0.313702,920,648,0.410934,840,480,0.245113,0,0,0,1024,576,0.357427,1072,744,0.186433,0,0,0
2435,81.2478,800,336,0.825733,808,312,0.801925,784,328,0.844219,760,392,0.651791,744,448,0.152159,0,0,0,920,360,0.674778,1016,440,0.698388,896,416,0.644017,888,600,0.615579,952,736,0.428077,1024,864,0.227238,1016,560,0.680284,1072,720,0.42555,1120,848,0.105077
2440,81.4147,800,336,0.843693,808,312,0.837723,784,320,0.842168,752,392,0.821012,744,456,0.280129,768,512,0.24587,912,360,0.773092,1024,440,0.767395,880,416,0.777009,888,600,0.670929,960,736,0.478803,1040,872,0.308005,1016,552,0.725917,1080,712,0.534233,1144,848,0.171964
2445,81.5815,944,384,0.105331,936,384,0.111864,928,384,0.104094,912,392,0.166418,824,480,0.204287,896,416,0.124303,984,408,0.235074,1008,448,0.461352,904,416,0.426274,912,640,0.398518,960,752,0.12176,0,0,0,1016,592,0.220217,0,0,0,0,0,0
2450,81.7483,0,0,0,0,0,0,0,0,0,904,368,0.217368,848,456,0.245849,896,408,0.126462,968,376,0.322749,1016,440,0.486995,896,416,0.442148,904,600,0.293492,0,0,0,0,0,0,1000,544,0.269306,0,0,0,0,0,0
2455,81.9152,872,336,0.132213,0,0,0,864,368,0.109422,864,368,0.245795,840,464,0.341738,800,488,0.266189,960,368,0.405306,1016,440,0.563137,888,416,0.559418,904,616,0.403209,952,760,0.111072,0,0,0,1008,560,0.356883,0,0,0,0,0,0
2460,82.082,832,328,0.227791,832,304,0.222198,832,320,0.203032,832,384,0.311938,808,480,0.318282,776,496,0.360114,952,360,0.584137,1016,432,0.638889,888,416,0.67448,904,592,0.502563,960,752,0.229592,1048,880,0.104357,1024,568,0.496874,1072,728,0.326621,0,0,0
2465,82.2488,872,328,0.141799,864,328,0.105797,864,328,0.120199,864,384,0.237998,824,472,0.302217,776,496,0.286645,960,368,0.431809,1016,440,0.521713,896,416,0.48863,904,616,0.390369,960,752,0.180853,0,0,0,1016,552,0.36414,1072,736,0.21947,0,0,0
2470,82.4157,848,360,0.183317,856,344,0.163207,848,336,0.15032,832,392,0.246044,808,496,0.326417,784,496,0.214376,952,368,0.405443,1016,440,0.531495,896,416,0.569497,904,592,0.454986,960,752,0.231582,1032,864,0.125056,1008,544,0.41095,1080,736,0.236923,0,0,0
2475,82.5825,792,344,0.812801,808,320,0.803548,776,328,0.827847,760,384,0.819893,744,488,0.408897,768,496,0.479378,928,352,0.758083,1024,448,0.758458,888,416,0.831958,888,592,0.603647,952,720,0.447994,1032,872,0.269603,1008,552,0.65546,1064,704,0.413395,1120,848,0.16982
2480,82.7493,792,344,0.621814,800,328,0.607399,776,336,0.650921,768,384,0.523698,752,464,0.331721,768,496,0.364427,928,352,0.565707,1008,416,0.447829,880,416,0.577548,888,576,0.506691,952,720,0.339844,1024,864,0.250006,1000,536,0.490347,1072,720,0.302652,1104,848,0.123193
2485,82.9162,792,336,0.77898,808,320,0.747502,776,328,0.797417,768,384,0.588743,752,448,0.329898,776,496,0.27417,936,352,0.693183,1024,440,0.709111,880,416,0.826921,904,592,0.596527,952,728,0.411481,1032,872,0.305629,1016,560,0.62036,1080,728,0.533644,1120,848,0.201917
2490,83.083,792,328,0.796939,800,312,0.79135,768,328,0.830016,768,400,0.706746,760,496,0.4051,752,496,0.517416,936,352,0.742949,1024,440,0.663598,880,416,0.781512,912,616,0.647498,976,744,0.342876,1040,880,0.282514,1032,576,0.682933,1080,728,0.569431,1128,848,0.161088
2495,83.2498,792,320,0.821521,800,304,0.816446,768,312,0.835505,768,384,0.645803,752,472,0.343618,752,488,0.425096,904,352,0.669288,1016,424,0.472593,880,416,0.560744,888,576,0.635503,952,720,0.449203,1032,872,0.29688,1000,536,0.594164,1072,720,0.407429,1104,848,0.13233
2500,83.4167,784,328,0.845969,800,304,0.849833,768,320,0.841822,760,400,0.79917,744,512,0.439556,752,480,0.630977,928,352,0.717228,1024,440,0.702588,880,416,0.795795,904,608,0.671605,968,736,0.3623,1040,872,0.263563,1016,560,0.658659,1080,728,0.513178,1128,848,0.138478
2505,83.5835,792,320,0.967848,800,296,0.889584,768,312,0.881747,760,408,0.864378,736,560,0.55309,752,488,0.688751,936,344,0.777038,1024,440,0.648454,880,416,0.732855,904,608,0.668577,968,728,0.372524,1040,872,0.257963,1024,560,0.671068,1080,728,0.491952,1136,848,0.134912
2510,83.7503,784,328,0.909796,800,304,0.876539,768,320,0.875799,760,400,0.814812,760,536,0.461561,752,488,0.561099,928,352,0.750801,1032,448,0.743809,880,424,0.809129,912,616,0.615301,968,736,0.302008,1024,864,0.214814,1024,568,0.642453,1080,728,0.485054,1104,848,0.129129
2515,83.9172,792,336,0.858525,800,312,0.856784,768,328,0.832192,768,408,0.828115,760,528,0.496592,752,496,0.654213,944,352,0.767357,1032,448,0.743479,888,424,0.831352,912,616,0.636366,824,488,0.31901,1032,872,0.198667,1024,568,0.676828,1088,736,0.533619,1104,848,0.136082
2520,84.084,784,328,0.822586,792,304,0.791037,768,320,0.805853,776,400,0.725482,752,456,0.39412,752,472,0.505267,936,344,0.642099,1024,440,0.632537,888,424,0.737843,904,600,0.640177,944,728,0.287198,1016,864,0.189411,1008,544,0.641019,1080,728,0.436469,1096,848,0.101596
2525,84.2508,784,328,0.886588,792,304,0.846562,760,312,0.850592,768,408,0.745792,744,552,0.355189,752,496,0.489309,928,352,0.663135,1024,448,0.658459,880,424,0.808391,904,608,0.702839,952,728,0.334114,1016,872,0.346686,1016,552,0.662799,1080,728,0.491558,1112,856,0.138685
2530,84.4177,784,320,0.841768,792,304,0.806139,768,312,0.808938,768,400,0.67321,744,464,0.306266,744,472,0.525777,936,352,0.629259,1024,432,0.639983,888,424,0.756507,904,592,0.684191,944,712,0.406328,1000,872,0.320963,1008,536,0.657244,1080,712,0.320661,0,0,0
2535,84.5845,792,344,0.850378,800,320,0.817791,768,336,0.870712,768,400,0.800563,760,536,0.413076,752,472,0.572572,944,352,0.734077,1024,440,0.742899,880,424,0.828229,904,592,0.712403,944,704,0.436638,1000,872,0.392343,1008,536,0.664929,1080,712,0.390104,1080,848,0.124904
2540,84.7513,792,344,0.889986,800,320,0.842347,776,328,0.877201,768,400,0.815504,736,552,0.465329,744,472,0.631444,936,352,0.758504,1024,440,0.772573,880,424,0.842623,904,592,0.724257,936,688,0.563095,1000,864,0.417717,1000,544,0.665376,1072,712,0.315489,1064,848,0.135787
2545,84.9182,792,344,0.896565,808,320,0.843372,776,328,0.876814,760,400,0.840509,744,544,0.53205,744,488,0.59143,936,352,0.804645,1032,448,0.779733,888,416,0.801341,904,600,0.695768,936,704,0.436016,1000,864,0.413154,1016,560,0.635795,1072,720,0.322655,1064,848,0.119513
2550,85.085,792,336,0.875794,800,312,0.854603,768,328,0.872265,768,392,0.754495,752,448,0.273783,752,472,0.228793,936,352,0.697255,1032,440,0.723144,896,416,0.747781,904,584,0.683664,936,696,0.438674,1000,864,0.339446,1016,544,0.596406,1072,720,0.269538,0,0,0
2555,85.2518,792,336,0.910469,800,312,0.865017,768,328,0.885643,776,408,0.763819,784,536,0.395806,760,496,0.356518,944,352,0.774982,1032,440,0.75541,888,416,0.805299,912,600,0.697589,936,696,0.538285,1000,872,0.418422,1024,560,0.65641,1080,728,0.440769,1096,848,0.115091
2560,85.4187,792,328,0.904708,800,304,0.868036,768,328,0.854397,776,416,0.786846,784,544,0.393369,776,520,0.348583,936,352,0.769497,1032,440,0.747244,888,424,0.757722,912,600,0.679398,936,696,0.547402,1000,872,0.44371,1024,560,0.645126,1080,728,0.478634,1112,848,0.124538
2565,85.5855,784,328,0.938874,800,304,0.886238,768,320,0.889241,768,400,0.755721,752,392,0.18356,760,456,0.176915,896,352,0.703669,1024,432,0.523162,896,416,0.610472,896,584,0.630475,936,688,0.605991,1000,872,0.458217,1008,536,0.565505,1080,720,0.298475,0,0,0
2570,85.7523,784,320,0.953904,800,296,0.888116,768,312,0.894538,760,392,0.797024,768,496,0.263423,760,480,0.340914,904,352,0.748396,1032,440,0.701993,896,416,0.739098,904,592,0.666366,936,696,0.624073,1000,864,0.474145,1016,552,0.610601,1080,728,0.37673,1096,856,0.101893
2575,85.9192,792,320,0.955434,800,296,0.891055,768,312,0.875607,768,408,0.826684,776,544,0.432858,768,496,0.361365,912,352,0.743755,1032,448,0.762571,896,416,0.765294,912,600,0.680236,936,704,0.504808,1000,864,0.420109,1024,560,0.655105,1080,728,0.463734,1096,856,0.139506
2580,86.086,792,344,0.882274,800,320,0.820507,768,336,0.866168,776,400,0.816741,760,496,0.420029,752,480,0.593913,904,360,0.73452,1024,440,0.670277,904,416,0.762687,896,584,0.65485,936,704,0.478395,1000,872,0.335209,1000,536,0.601422,1080,728,0.325736,0,0,0
2585,86.2528,784,336,0.911588,800,312,0.848505,768,328,0.870835,768,400,0.803024,752,472,0.378873,760,488,0.34083,904,352,0.76357,1024,440,0.683966,904,416,0.791201,904,584,0.660627,936,704,0.419767,1008,872,0.275845,1008,544,0.585003,1080,736,0.348915,0,0,0
2590,86.4197,792,344,0.885591,800,320,0.822235,768,336,0.877908,776,400,0.819463,760,480,0.406474,760,488,0.509032,904,352,0.750405,1024,432,0.720987,896,416,0.76147,896,584,0.666478,936,712,0.478605,1008,872,0.416739,1000,536,0.650771,1080,728,0.380492,1104,848,0.129611
2595,86.5865,784,336,0.870249,800,312,0.806195,768,328,0.874279,768,392,0.763136,760,472,0.426823,776,496,0.351761,904,352,0.706032,1032,448,0.706458,896,424,0.742194,896,576,0.684313,936,712,0.451111,1008,872,0.398407,1016,552,0.600712,1080,736,0.469742,1112,848,0.165247
2600,86.7533,792,336,0.865661,800,312,0.83315,768,328,0.847237,768,408,0.848673,760,504,0.552129,768,512,0.563427,912,352,0.730082,1032,440,0.774515,904,416,0.802925,896,584,0.685131,936,720,0.515567,1008,872,0.472728,1016,552,0.664898,1080,728,0.526641,1120,848,0.244037
2605,86.9202,792,344,0.853673,808,320,0.819031,768,328,0.855915,760,400,0.839955,752,504,0.521283,768,512,0.667053,936,360,0.709154,1040,448,0.815641,888,424,0.774097,896,592,0.70745,944,720,0.526428,1008,872,0.533156,1024,560,0.759731,1088,736,0.70456,1128,856,0.290566
2610,87.087,792,336,0.847471,808,320,0.824808,776,328,0.853051,768,400,0.751755,744,496,0.477642,760,520,0.446643,944,360,0.683213,1040,448,0.796871,888,424,0.773949,904,592,0.694784,952,720,0.483535,1008,872,0.475563,1032,568,0.736664,1088,736,0.700043,1120,856,0.215275
2615,87.2538,792,352,0.894018,808,328,0.836005,768,336,0.844304,752,392,0.859482,736,488,0.608929,744,528,0.647696,944,352,0.716493,1040,448,0.847726,888,424,0.781853,880,576,0.685942,936,704,0.562061,1008,872,0.484881,1024,560,0.735315,1080,728,0.650428,1112,856,0.227889
2620,87.4207,800,368,0.89103,816,336,0.848479,776,352,0.887082,752,392,0.866344,752,504,0.616271,784,544,0.767946,936,344,0.73222,1032,440,0.825914,888,424,0.798479,888,584,0.717095,936,688,0.73202,1008,864,0.573326,1024,544,0.745405,1080,728,0.650983,1120,856,0.246043
2625,87.5875,800,328,0.200081,808,312,0.192945,792,320,0.177775,912,400,0.220902,824,496,0.321929,832,552,0.4572,976,376,0.314077,1032,432,0.665227,904,424,0.607821,912,584,0.529464,944,704,0.361586,1000,856,0.335706,1024,568,0.479412,1064,728,0.234555,1064,856,0.146133
2630,87.7543,952,384,0.197124,944,360,0.191035,936,368,0.193577,928,392,0.301247,888,448,0.2533,896,416,0.280311,1008,416,0.318682,1032,440,0.542974,912,424,0.525448,920,608,0.378526,0,0,0,0,0,0,1024,592,0.325145,0,0,0,0,0,0
2635,87.9212,960,376,0.221091,944,336,0.200148,936,336,0.21907,912,392,0.313057,872,440,0.226431,896,416,0.174066,1008,416,0.335214,1024,432,0.407475,904,416,0.348967,920,608,0.487994,952,704,0.359883,1008,864,0.281646,1040,592,0.32587,1072,728,0.184282,0,0,0
2640,88.088,992,424,0.189972,984,408,0.155801,944,384,0.164851,920,400,0.205893,872,424,0.2149,888,416,0.26805,960,384,0.175097,1016,424,0.24201,912,416,0.206458,920,632,0.356725,952,712,0.314207,1008,832,0.223529,1016,608,0.204751,0,0,0,0,0,0
2645,88.2548,944,392,0.160114,944,392,0.151179,936,384,0.167066,928,400,0.12235,888,424,0.204169,888,416,0.22335,0,0,0,1008,424,0.129245,0,0,0,912,672,0.257998,0,0,0,0,0,0,984,664,0.121933,0,0,0,0,0,0
2650,88.4217,952,392,0.22827,960,392,0.192047,936,384,0.236905,920,424,0.159476,880,440,0.200663,936,552,0.147553,976,440,0.129886,1016,496,0.168266,0,0,0,912,672,0.197358,0,0,0,0,0,0,976,656,0.101143,0,0,0,0,0,0
2655,88.5885,800,344,0.911347,816,320,0.87266,784,328,0.893492,752,392,0.831073,760,480,0.332871,928,544,0.358759,888,352,0.703423,1016,432,0.448641,896,416,0.686412,896,592,0.629331,952,720,0.454994,1016,864,0.323057,992,568,0.457051,1080,720,0.159128,0,0,0
2660,88.7553,800,328,0.936725,816,296,0.885849,776,312,0.879099,744,392,0.861491,736,536,0.574631,800,512,0.407337,912,336,0.741388,1048,440,0.836187,888,416,0.545107,880,600,0.658885,952,736,0.448011,1016,864,0.312449,1024,576,0.727432,1080,736,0.58651,1112,856,0.236491
2665,88.9222,800,320,0.938487,816,296,0.899867,776,312,0.90628,744,392,0.885088,744,504,0.393229,776,496,0.390512,904,344,0.738398,1024,432,0.588059,912,416,0.506737,896,616,0.659204,952,736,0.463393,1008,864,0.354514,1016,576,0.688963,1080,736,0.553673,1104,856,0.269201
2670,89.089,792,320,0.793409,792,304,0.796771,776,312,0.809766,784,384,0.647171,784,464,0.421433,768,496,0.386776,888,344,0.630001,992,424,0.300017,896,432,0.171712,896,600,0.4974,952,720,0.411815,1008,864,0.43164,1016,568,0.456708,1072,728,0.457223,1104,848,0.227157
2675,89.2558,784,320,0.898088,792,304,0.933919,776,312,0.955997,776,384,0.723271,744,560,0.446328,768,480,0.48242,896,352,0.657573,1008,424,0.374958,896,424,0.226209,912,616,0.604091,848,488,0.491459,0,0,0,1040,576,0.608076,1096,744,0.494781,0,0,0
2680,89.4227,912,424,0.206077,920,416,0.203384,904,416,0.231477,888,464,0.198996,848,480,0.267032,880,416,0.228187,976,448,0.190771,1016,416,0.202077,896,432,0.134393,920,640,0.429881,928,696,0.126499,1008,848,0.193886,1032,608,0.249181,0,0,0,0,0,0
2685,89.5895,0,0,0,0,0,0,0,0,0,880,488,0.125494,832,496,0.147104,0,0,0,0,0,0,0,0,0,0,0,0,920,648,0.390484,0,0,0,0,0,0,1024,632,0.142619,0,0,0,0,0,0
2690,89.7563,0,0,0,0,0,0,0,0,0,0,0,0,0,0,0,0,0,0,0,0,0,0,0,0,0,0,0,0,0,0,0,0,0,0,0,0,0,0,0,0,0,0,0,0,0
2695,89.9232,960,424,0.198557,992,408,0.201911,928,400,0.227062,888,480,0.429084,840,536,0.262611,0,0,0,1024,440,0.422079,1024,424,0.40594,904,416,0.292798,928,664,0.348487,0,0,0,0,0,0,1048,624,0.188794,0,0,0,0,0,0
2700,90.09,984,408,0.299345,1000,400,0.3185,968,384,0.27604,888,480,0.491897,840,512,0.448683,864,544,0.221409,1024,432,0.54607,1040,432,0.685452,912,416,0.478957,936,664,0.501267,984,816,0.125144,0,0,0,1056,624,0.381523,1088,760,0.201619,0,0,0
2705,90.2568,960,448,0.195865,976,448,0.173327,944,448,0.190305,896,512,0.144553,856,520,0.143221,0,0,0,1016,464,0.112815,1040,440,0.10223,0,0,0,928,672,0.213256,0,0,0,0,0,0,0,0,0,0,0,0,0,0,0
2710,90.4237,968,448,0.213748,984,440,0.206151,960,448,0.210904,896,504,0.111045,856,520,0.112649,0,0,0,1016,472,0.104918,0,0,0,0,0,0,928,672,0.2062,0,0,0,0,0,0,0,0,0,0,0,0,0,0,0
2715,90.5905,976,448,0.28272,984,448,0.286754,960,456,0.291182,912,520,0.218708,864,544,0.143773,0,0,0,1016,504,0.156313,0,0,0,0,0,0,928,696,0.366357,0,0,0,0,0,0,1016,672,0.132643,0,0,0,0,0,0
2720,90.7573,1008,432,0.130364,1008,440,0.139015,1000,432,0.123979,0,0,0,864,448,0.100164,0,0,0,0,0,0,0,0,0,0,0,0,928,680,0.175031,0,0,0,0,0,0,0,0,0,0,0,0,0,0,0
2725,90.9242,1000,416,0.135564,1000,416,0.115168,984,408,0.125818,0,0,0,864,448,0.137167,880,416,0.128476,960,416,0.111166,928,368,0.105886,896,416,0.15038,920,672,0.205129,0,0,0,0,0,0,0,0,0,0,0,0,0,0,0
2730,91.091,0,0,0,0,0,0,0,0,0,0,0,0,0,0,0,880,416,0.108262,0,0,0,936,384,0.114865,904,416,0.151947,920,672,0.119953,0,0,0,0,0,0,0,0,0,0,0,0,0,0,0
2735,91.2578,0,0,0,0,0,0,0,0,0,0,0,0,0,0,0,0,0,0,0,0,0,0,0,0,0,0,0,0,0,0,0,0,0,0,0,0,0,0,0,0,0,0,0,0,0
2740,91.4247,0,0,0,0,0,0,0,0,0,0,0,0,0,0,0,0,0,0,0,0,0,0,0,0,0,0,0,0,0,0,0,0,0,0,0,0,0,0,0,0,0,0,0,0,0
2745,91.5915,840,320,0.13293,840,304,0.109348,856,408,0.1146,840,384,0.160858,832,480,0.206278,832,448,0.18819,976,384,0.242589,1032,440,0.393189,912,416,0.418888,920,640,0.404992,976,816,0.161986,1024,872,0.142347,1032,584,0.28549,1080,744,0.248043,0,0,0
2750,91.7583,864,416,0.244122,880,408,0.185075,864,408,0.27404,872,392,0.268659,840,496,0.319106,872,520,0.159646,984,392,0.515726,1032,432,0.580937,904,424,0.504388,920,632,0.619797,976,760,0.305701,1024,872,0.26954,1040,584,0.589464,1088,744,0.483423,1112,848,0.118483
2755,91.9252,832,336,0.142988,840,328,0.122758,832,328,0.120565,840,376,0.190956,824,456,0.262189,864,424,0.100397,968,376,0.191592,1024,440,0.304817,912,416,0.236878,912,608,0.43443,952,728,0.23381,1016,872,0.299098,1024,576,0.302058,1080,744,0.306236,0,0,0
2760,92.092,808,312,0.81957,816,296,0.835264,792,304,0.858292,768,384,0.728538,760,504,0.398308,760,544,0.237532,896,336,0.726783,1016,416,0.477048,896,416,0.58683,896,576,0.589828,944,696,0.447075,1008,872,0.38011,1008,528,0.604381,1088,720,0.360951,1128,848,0.141164
2765,92.2588,808,312,0.817489,816,296,0.844338,784,304,0.847587,760,384,0.773596,752,496,0.484674,800,456,0.330961,896,328,0.771367,1032,424,0.606521,896,416,0.589477,904,592,0.622297,944,712,0.378575,1024,872,0.267686,1016,536,0.624158,1088,728,0.408397,1144,856,0.117677
2770,92.4257,808,320,0.797042,816,296,0.844898,792,312,0.841181,776,376,0.630207,768,456,0.34735,768,512,0.384111,896,336,0.714379,1032,440,0.656432,896,416,0.609191,912,600,0.631791,944,712,0.385622,1008,864,0.296291,1024,552,0.612801,1088,728,0.446813,1112,856,0.130519
2775,92.5925,800,320,0.74613,808,304,0.766217,784,312,0.800324,784,376,0.525107,776,440,0.270933,0,0,0,896,336,0.648708,1024,432,0.454466,912,416,0.289187,896,568,0.561144,944,712,0.309661,1016,856,0.20782,1008,528,0.569033,1088,736,0.365828,1152,856,0.124531
2780,92.7593,800,328,0.646985,808,304,0.661503,784,320,0.698872,808,376,0.448758,776,440,0.31904,792,512,0.243737,928,352,0.493448,1032,440,0.60335,904,424,0.572719,896,576,0.580806,960,728,0.214539,1024,856,0.118961,1016,536,0.594751,1088,736,0.358091,1152,856,0.115475
2785,92.9262,800,320,0.75826,808,304,0.774782,784,312,0.82776,784,376,0.555567,776,440,0.295548,784,496,0.239653,904,336,0.617873,1032,432,0.674443,896,424,0.627654,912,600,0.621386,952,720,0.296174,1000,864,0.343275,1024,552,0.622364,1080,720,0.404446,1104,856,0.186788
2790,93.093,928,352,0.149269,952,352,0.117177,920,352,0.157739,880,368,0.149348,848,456,0.263069,840,512,0.102294,984,360,0.157757,1032,432,0.241645,0,0,0,912,552,0.3095,848,472,0.183127,0,0,0,1024,544,0.23888,1080,736,0.105585,0,0,0
2795,93.2598,920,360,0.143203,936,352,0.106528,920,360,0.158337,896,376,0.140135,856,448,0.245575,0,0,0,984,360,0.114637,1032,432,0.1924,0,0,0,904,536,0.238322,0,0,0,0,0,0,0,0,0,0,0,0,0,0,0
2800,93.4267,808,320,0.470181,808,312,0.461579,792,320,0.482467,792,376,0.499536,800,464,0.279696,808,496,0.18292,896,352,0.449706,1040,432,0.561688,912,424,0.55044,904,568,0.480441,944,704,0.246983,1000,864,0.258424,1024,544,0.446754,1072,720,0.20656,0,0,0
2805,93.5935,800,320,0.865078,816,296,0.891986,784,312,0.892949,760,392,0.81163,760,496,0.381341,800,504,0.622081,920,352,0.823011,1048,440,0.819566,896,424,0.74464,904,592,0.632521,936,704,0.468424,1008,872,0.390549,1032,568,0.717008,1088,728,0.477981,1128,856,0.151514
2810,93.7603,808,320,0.553863,816,312,0.57095,800,320,0.56478,816,368,0.445396,848,496,0.22517,816,456,0.13393,928,352,0.633938,1048,440,0.755293,904,424,0.664624,920,600,0.540527,944,728,0.261701,1000,864,0.278376,1032,568,0.597094,1080,744,0.309433,0,0,0
2815,93.9272,808,320,0.695335,816,312,0.717153,792,320,0.718222,808,376,0.551921,784,424,0.250503,808,472,0.217445,920,352,0.718559,1048,432,0.789069,896,424,0.680773,912,600,0.596075,952,736,0.315972,1008,864,0.301441,1032,568,0.672366,1080,736,0.450028,1112,856,0.131019
