frame,time_sec,kp0_x,kp0_y,kp0_c,kp1_x,kp1_y,kp1_c,kp2_x,kp2_y,kp2_c,kp3_x,kp3_y,kp3_c,kp4_x,kp4_y,kp4_c,kp5_x,kp5_y,kp5_c,kp6_x,kp6_y,kp6_c,kp7_x,kp7_y,kp7_c,kp8_x,kp8_y,kp8_c,kp9_x,kp9_y,kp9_c,kp10_x,kp10_y,kp10_c,kp11_x,kp11_y,kp11_c,kp12_x,kp12_y,kp12_c,kp13_x,kp13_y,kp13_c,kp14_x,kp14_y,kp14_c
1,0.0333667,712,408,0.941208,736,384,0.895554,704,384,0.946407,656,520,0.605669,592,656,0.354897,616,656,0.443844,896,488,0.775957,984,648,0.500607,928,576,0.506774,744,768,0.505423,0,0,0,0,0,0,888,752,0.51235,0,0,0,0,0,0
5,0.166833,712,408,0.939998,736,384,0.894385,704,392,0.908468,664,520,0.535498,608,648,0.338596,640,648,0.430781,896,488,0.719793,960,624,0.426381,976,688,0.264129,744,768,0.45981,0,0,0,0,0,0,888,736,0.509417,0,0,0,0,0,0
10,0.333667,712,408,0.780287,736,384,0.768609,704,392,0.738652,680,504,0.257274,624,624,0.168943,648,688,0.20184,880,488,0.392434,960,640,0.196755,960,688,0.135076,744,736,0.248453,0,0,0,0,0,0,888,720,0.298498,0,0,0,0,0,0
15,0.5005,720,408,0.940541,744,384,0.911018,704,384,0.940313,680,504,0.450989,624,608,0.143721,0,0,0,896,488,0.764642,984,648,0.701797,904,576,0.456795,736,744,0.268904,0,0,0,0,0,0,896,736,0.443369,0,0,0,0,0,0
20,0.667333,712,416,0.968385,744,384,0.90947,696,392,0.946373,664,520,0.632605,616,624,0.331806,624,680,0.327357,896,488,0.754166,984,648,0.609472,896,576,0.344624,720,736,0.356414,0,0,0,0,0,0,888,736,0.373376,0,0,0,0,0,0
25,0.834167,712,416,0.97551,744,384,0.910368,696,392,0.946121,656,520,0.692934,600,648,0.400041,624,688,0.486613,896,488,0.776137,992,648,0.746855,904,584,0.376507,720,728,0.499286,752,872,0.108587,0,0,0,896,744,0.528639,0,0,0,0,0,0
30,1.001,712,416,0.904778,744,384,0.896505,696,392,0.858096,696,504,0.305653,616,616,0.140067,0,0,0,896,488,0.693797,992,648,0.689867,896,584,0.382305,752,752,0.141132,0,0,0,0,0,0,888,736,0.241441,0,0,0,0,0,0
35,1.16783,720,400,0.81748,736,384,0.843912,712,384,0.778403,712,512,0.212139,656,448,0.141406,0,0,0,904,496,0.587243,992,640,0.621248,880,568,0.270005,736,752,0.157963,0,0,0,0,0,0,880,752,0.287022,0,0,0,0,0,0
40,1.33467,720,408,0.907035,744,384,0.920285,712,384,0.915089,672,504,0.421842,624,608,0.262483,640,680,0.36106,896,496,0.697973,992,640,0.630043,896,568,0.288289,736,728,0.489487,0,0,0,0,0,0,896,736,0.620763,912,944,0.116434,0,0,0
45,1.5015,720,400,0.782329,744,384,0.826399,720,384,0.788126,696,456,0.260549,656,448,0.172778,648,696,0.217354,872,480,0.36159,984,648,0.156178,0,0,0,0,0,0,0,0,0,0,0,0,0,0,0,0,0,0,0,0,0
50,1.66833,720,400,0.842076,736,384,0.857967,712,384,0.823216,688,480,0.355983,600,624,0.202153,664,688,0.468755,880,488,0.527355,968,640,0.283013,0,0,0,736,720,0.255466,0,0,0,0,0,0,880,704,0.336707,0,0,0,0,0,0
55,1.83517,720,400,0.813878,736,384,0.813287,712,384,0.763999,680,496,0.297846,600,632,0.249816,656,688,0.464157,880,488,0.468164,976,640,0.345326,944,560,0.114055,728,728,0.244644,0,0,0,0,0,0,888,728,0.314532,0,0,0,0,0,0
60,2.002,720,400,0.935465,744,376,0.896861,704,384,0.892721,656,520,0.634573,608,640,0.463279,664,680,0.61372,896,488,0.791897,992,632,0.743821,888,560,0.493171,736,736,0.461805,736,832,0.104106,0,0,0,896,736,0.556205,0,0,0,0,0,0
65,2.16883,720,400,0.877953,736,376,0.846242,712,384,0.815893,672,512,0.399218,624,624,0.268358,656,688,0.335617,888,488,0.646206,984,624,0.470634,912,576,0.256073,728,728,0.228966,0,0,0,0,0,0,896,720,0.260916,0,0,0,0,0,0
70,2.33567,720,392,0.472899,736,384,0.466639,720,392,0.37935,0,0,0,608,624,0.152742,656,688,0.306821,880,488,0.13994,0,0,0,0,0,0,0,0,0,0,0,0,0,0,0,0,0,0,0,0,0,0,0,0
75,2.5025,720,392,0.403293,736,376,0.401274,720,384,0.312928,0,0,0,624,624,0.109405,680,688,0.223999,872,488,0.125546,0,0,0,0,0,0,0,0,0,0,0,0,0,0,0,0,0,0,0,0,0,0,0,0
80,2.66933,720,400,0.901513,736,376,0.897969,712,384,0.860758,656,520,0.62886,608,624,0.538801,680,680,0.741151,864,480,0.557571,928,536,0.275661,832,552,0.210105,720,704,0.240208,0,0,0,0,0,0,848,672,0.106375,0,0,0,0,0,0
85,2.83617,720,400,0.762224,736,376,0.76983,720,384,0.698228,704,488,0.255852,624,624,0.180378,664,680,0.294159,888,496,0.378698,976,640,0.207881,0,0,0,752,720,0.151602,0,0,0,0,0,0,880,744,0.106358,0,0,0,0,0,0
90,3.003,720,400,0.8267,736,384,0.800562,712,392,0.750917,696,496,0.374199,608,608,0.30447,688,648,0.696104,896,488,0.618303,984,624,0.504979,832,552,0.381321,752,680,0.287949,888,568,0.336108,848,744,0.140741,880,656,0.122805,0,0,0,824,704,0.18047
95,3.16983,712,400,0.942021,744,376,0.904631,704,376,0.990373,648,520,0.753758,616,632,0.666872,696,624,0.748231,912,488,0.791578,984,632,0.678767,960,608,0.336571,728,704,0.427482,888,568,0.415547,856,752,0.148115,880,688,0.240231,880,584,0.125789,824,728,0.240263
100,3.33667,712,400,0.954123,736,376,0.885113,704,384,0.982147,656,520,0.718536,608,640,0.515006,696,592,0.680837,904,496,0.805369,976,632,0.580712,832,544,0.344777,736,752,0.346724,888,560,0.134185,0,0,0,904,736,0.458981,0,0,0,0,0,0
105,3.5035,712,400,0.956768,736,376,0.888127,696,384,0.9881,664,520,0.690805,592,640,0.417322,616,664,0.635984,912,496,0.819456,992,640,0.79965,888,560,0.381705,736,768,0.464144,0,0,0,0,0,0,912,768,0.543148,0,0,0,0,0,0
110,3.67033,712,400,0.95275,744,376,0.901756,696,384,0.937162,672,520,0.584755,608,624,0.374913,680,592,0.217919,896,488,0.769178,984,648,0.74695,912,560,0.404444,744,760,0.428031,0,0,0,0,0,0,904,744,0.450278,0,0,0,0,0,0
115,3.83717,720,400,0.928805,744,376,0.908293,704,384,0.897344,688,480,0.480161,640,576,0.208852,672,440,0.14084,896,488,0.763896,984,632,0.836098,896,552,0.683901,744,704,0.321205,0,0,0,0,0,0,896,728,0.429256,0,0,0,0,0,0
120,4.004,720,400,0.928172,744,376,0.916053,704,376,0.918338,680,504,0.479161,624,608,0.292186,688,592,0.305088,896,488,0.715111,976,632,0.679693,896,552,0.360428,736,752,0.46719,0,0,0,0,0,0,896,744,0.489628,0,0,0,0,0,0
125,4.17083,720,400,0.862203,736,384,0.87394,704,384,0.795112,696,496,0.375629,648,408,0.169981,624,608,0.223738,904,496,0.685168,976,640,0.705213,904,560,0.496758,736,752,0.33368,0,0,0,0,0,0,904,736,0.452638,0,0,0,0,0,0
130,4.33767,720,408,0.922405,736,384,0.906375,704,392,0.880811,688,488,0.496127,632,600,0.239156,656,592,0.104539,896,496,0.789212,976,640,0.835188,904,560,0.592179,728,760,0.471341,0,0,0,0,0,0,896,752,0.567665,0,0,0,0,0,0
135,4.5045,720,400,0.778082,744,384,0.815368,720,384,0.726961,712,488,0.274964,664,520,0.208459,0,0,0,896,496,0.606673,976,640,0.774231,904,568,0.515598,736,752,0.289105,0,0,0,0,0,0,896,744,0.373918,0,0,0,0,0,0
140,4.67133,712,400,0.855329,736,384,0.863931,704,384,0.805918,688,496,0.39657,632,584,0.210055,616,616,0.108256,896,496,0.639699,968,640,0.664796,896,560,0.40164,736,760,0.331128,0,0,0,0,0,0,896,752,0.407687,0,0,0,0,0,0
145,4.83817,728,400,0.36123,744,384,0.38118,712,392,0.313157,0,0,0,520,688,0.210763,616,624,0.261373,0,0,0,952,624,0.110744,0,0,0,0,0,0,0,0,0,0,0,0,0,0,0,0,0,0,0,0,0
150,5.005,720,408,0.950182,744,384,0.918626,704,392,0.918216,672,504,0.494622,528,688,0.325342,632,632,0.471594,896,496,0.706519,976,640,0.792397,896,560,0.660392,736,776,0.372672,0,0,0,0,0,0,896,752,0.493303,0,0,0,0,0,0
155,5.17183,728,416,0.944261,752,384,0.959939,712,392,0.928403,664,520,0.560125,528,680,0.386244,624,640,0.597967,888,488,0.74813,968,640,0.623312,912,568,0.483699,712,768,0.455418,760,944,0.100757,0,0,0,896,760,0.536693,936,912,0.106466,0,0,0
160,5.33867,736,424,0.90372,752,392,0.903677,712,400,0.865862,680,512,0.550976,608,640,0.287354,600,656,0.478048,896,496,0.761416,976,640,0.624127,920,568,0.469394,728,768,0.556424,760,936,0.137145,0,0,0,888,752,0.674184,928,936,0.216112,0,0,0
165,5.5055,736,416,0.790117,752,392,0.815919,720,400,0.722775,688,504,0.429007,632,616,0.263074,608,648,0.472889,896,496,0.63047,968,632,0.448411,984,704,0.178297,720,768,0.460054,824,944,0.110307,0,0,0,888,752,0.570674,928,928,0.163517,0,0,0
170,5.67233,736,400,0.749147,752,384,0.725011,720,392,0.702326,672,520,0.402475,528,688,0.267579,608,648,0.414783,896,496,0.614125,960,640,0.427797,912,576,0.441592,736,768,0.429008,0,0,0,0,0,0,888,752,0.583244,920,936,0.115532,0,0,0
175,5.83917,736,400,0.625299,752,384,0.654773,720,392,0.577301,664,536,0.514561,584,656,0.327416,608,648,0.555851,896,496,0.555964,960,640,0.468835,904,552,0.495812,728,768,0.557805,816,944,0.101596,0,0,0,888,752,0.59756,904,912,0.115612,0,0,0
180,6.006,728,400,0.940579,752,368,0.944569,712,376,0.97348,648,536,0.781373,536,680,0.628357,616,640,0.739309,896,488,0.82657,968,648,0.758107,912,552,0.626051,728,784,0.612713,808,944,0.188731,0,0,0,896,760,0.702539,936,936,0.218338,0,0,0
185,6.17283,728,400,0.92819,752,376,0.951546,712,384,0.934584,656,528,0.677849,536,680,0.453129,608,648,0.61094,896,488,0.787108,968,640,0.630468,904,560,0.665128,736,776,0.632605,840,952,0.129514,0,0,0,888,744,0.670779,928,944,0.121034,0,0,0
190,6.33967,720,400,0.965952,752,376,0.950482,704,384,0.939633,656,528,0.780304,528,680,0.556953,608,656,0.634837,896,496,0.795214,968,640,0.622137,920,568,0.399301,736,784,0.65903,824,952,0.23216,0,0,0,896,760,0.700549,936,936,0.281466,0,0,0
195,6.5065,728,408,0.959639,752,384,0.953987,704,384,0.957224,648,536,0.737999,528,680,0.624575,608,648,0.742899,896,496,0.813642,976,648,0.851414,912,552,0.706466,728,792,0.620144,824,952,0.19063,0,0,0,896,768,0.741757,944,936,0.273707,0,0,0
200,6.67333,720,424,0.995818,744,400,0.946866,696,392,0.953135,648,520,0.678637,528,680,0.575776,616,656,0.700626,888,488,0.755721,976,640,0.755515,904,560,0.604059,728,784,0.644194,824,952,0.204399,0,0,0,896,760,0.703122,944,936,0.238378,0,0,0
205,6.84017,720,424,1.00851,744,400,0.964778,696,400,0.936423,656,528,0.717624,528,680,0.545919,616,656,0.680149,888,488,0.737519,976,640,0.747558,912,552,0.545998,728,776,0.613205,832,952,0.217053,0,0,0,896,752,0.662715,936,912,0.225058,0,0,0
210,7.007,720,424,0.993008,744,400,0.925991,696,400,0.922403,664,520,0.698844,528,672,0.392242,600,664,0.450272,880,488,0.772732,984,640,0.790941,896,552,0.686954,728,768,0.574687,824,952,0.170587,0,0,0,896,752,0.653723,928,944,0.175396,0,0,0
215,7.17383,736,408,0.553359,744,392,0.545141,720,400,0.621509,704,496,0.445798,640,592,0.242573,680,568,0.327306,888,488,0.664099,976,632,0.69373,896,552,0.679149,728,752,0.357669,0,0,0,0,0,0,896,752,0.456365,0,0,0,0,0,0
220,7.34067,728,392,0.594322,744,384,0.640721,720,384,0.60261,720,472,0.322441,672,520,0.210928,664,568,0.169342,888,488,0.537543,952,568,0.425131,896,552,0.566329,728,744,0.298917,0,0,0,0,0,0,896,744,0.418755,0,0,0,0,0,0
225,7.5075,728,400,0.782225,744,384,0.779068,720,384,0.758147,712,488,0.446165,664,536,0.207605,680,568,0.270945,888,488,0.708843,960,616,0.496968,896,552,0.680688,728,744,0.400503,0,0,0,0,0,0,896,744,0.506468,0,0,0,0,0,0
230,7.67433,720,400,0.903488,744,376,0.833822,712,384,0.92597,696,488,0.495107,640,576,0.207853,704,576,0.336497,896,496,0.793758,968,624,0.627002,896,552,0.739401,736,768,0.454426,840,952,0.104663,0,0,0,896,752,0.592382,0,0,0,0,0,0
235,7.84117,720,400,0.889257,736,376,0.810965,712,384,0.893058,704,480,0.471385,656,536,0.200988,704,576,0.287888,896,496,0.76237,968,624,0.636073,896,552,0.746849,736,744,0.378472,0,0,0,0,0,0,896,736,0.509319,0,0,0,0,0,0
240,8.008,720,400,0.888887,744,376,0.81894,712,384,0.914872,704,480,0.477053,648,576,0.197633,704,576,0.268421,896,496,0.738146,976,624,0.621621,888,552,0.718073,736,744,0.310174,0,0,0,0,0,0,896,736,0.417654,0,0,0,0,0,0
245,8.17483,720,400,0.829694,744,384,0.820469,712,384,0.795637,696,480,0.431789,648,592,0.229332,704,584,0.137214,896,496,0.644986,976,632,0.623754,880,552,0.670798,728,752,0.359249,0,0,0,0,0,0,896,744,0.462309,0,0,0,0,0,0
250,8.34167,720,400,0.887169,744,376,0.843144,712,384,0.872002,696,488,0.451267,648,600,0.244894,720,584,0.11901,896,496,0.669716,976,640,0.605549,880,552,0.647925,728,744,0.345887,0,0,0,0,0,0,896,744,0.358861,0,0,0,0,0,0
255,8.5085,720,400,0.557511,736,384,0.543784,712,392,0.500112,720,480,0.265844,672,584,0.233021,704,584,0.320011,896,496,0.455408,976,640,0.480036,880,544,0.617768,728,736,0.323362,0,0,0,0,0,0,888,744,0.351585,0,0,0,0,0,0
260,8.67533,720,392,0.809878,744,376,0.793734,712,376,0.760999,712,488,0.33925,664,592,0.255036,712,576,0.352586,896,496,0.68633,976,624,0.55544,888,552,0.675319,736,760,0.386416,0,0,0,0,0,0,896,752,0.489115,0,0,0,0,0,0
265,8.84217,728,384,0.536197,744,376,0.527757,720,376,0.450967,752,480,0.245899,680,584,0.220447,712,576,0.343964,888,488,0.519922,976,616,0.448854,880,552,0.589426,744,768,0.288798,0,0,0,0,0,0,896,744,0.390693,0,0,0,0,0,0
270,9.009,728,384,0.475321,744,376,0.459299,728,384,0.405899,752,480,0.176331,704,528,0.213776,696,584,0.186379,888,496,0.356064,968,608,0.328424,888,552,0.497199,728,752,0.2177,0,0,0,0,0,0,888,736,0.239234,0,0,0,0,0,0
275,9.17583,720,408,0.60295,736,392,0.558473,720,400,0.507771,720,488,0.36838,680,576,0.219382,696,584,0.240223,896,496,0.588313,984,632,0.640576,888,552,0.668739,736,736,0.338257,0,0,0,0,0,0,896,752,0.521527,0,0,0,0,0,0
280,9.34267,720,408,0.675353,736,384,0.632764,720,392,0.570547,712,488,0.399794,672,592,0.242843,696,584,0.303946,896,496,0.595455,984,632,0.736548,896,552,0.659834,736,728,0.340087,0,0,0,0,0,0,896,744,0.489949,0,0,0,0,0,0
285,9.5095,720,408,0.908413,744,384,0.849321,712,392,0.863195,696,488,0.529147,656,600,0.281893,600,656,0.231698,904,496,0.749151,984,632,0.819891,888,552,0.714158,752,744,0.340374,0,0,0,0,0,0,896,752,0.499933,0,0,0,0,0,0
290,9.67633,728,392,0.32312,736,384,0.333323,720,392,0.282784,768,496,0.160542,712,528,0.179412,0,0,0,888,496,0.306545,976,632,0.547843,888,552,0.452358,760,752,0.226554,0,0,0,0,0,0,888,736,0.372611,0,0,0,0,0,0
295,9.84317,728,392,0.306391,744,384,0.318699,728,392,0.280164,768,480,0.170338,712,520,0.154839,0,0,0,896,496,0.376659,976,632,0.656722,888,552,0.538207,752,744,0.185683,0,0,0,0,0,0,896,736,0.374639,0,0,0,0,0,0
300,10.01,0,0,0,0,0,0,0,0,0,0,0,0,0,0,0,0,0,0,0,0,0,976,640,0.350504,888,552,0.253049,0,0,0,0,0,0,0,0,0,888,744,0.104633,0,0,0,0,0,0
305,10.1768,728,392,0.357491,744,384,0.369607,720,384,0.327228,784,496,0.135779,680,480,0.101703,0,0,0,896,504,0.298664,976,632,0.418669,888,552,0.27826,752,744,0.209711,0,0,0,0,0,0,896,744,0.382527,0,0,0,0,0,0
310,10.3437,720,408,0.725284,736,384,0.711327,712,384,0.706823,680,528,0.371111,592,664,0.211796,680,688,0.514568,896,496,0.62318,976,648,0.610398,944,560,0.249923,744,760,0.426389,0,0,0,0,0,0,896,752,0.593186,0,0,0,0,0,0
315,10.5105,712,408,0.886747,744,384,0.862569,696,384,0.873779,648,528,0.598749,584,656,0.429943,680,688,0.726756,896,496,0.705743,984,648,0.670909,904,560,0.409062,728,752,0.462126,0,0,0,0,0,0,896,752,0.585738,0,0,0,0,0,0
320,10.6773,720,408,0.726996,736,392,0.721335,712,392,0.709086,656,528,0.475626,560,664,0.504725,680,688,0.707329,888,496,0.587845,976,632,0.392059,976,656,0.192644,720,744,0.450066,0,0,0,0,0,0,896,752,0.474567,0,0,0,0,0,0
325,10.8442,720,408,0.711933,744,392,0.737632,712,392,0.718211,640,536,0.70498,576,664,0.774198,680,688,0.807659,896,496,0.593775,976,648,0.561853,936,560,0.365458,720,752,0.5642,0,0,0,0,0,0,888,752,0.587467,0,0,0,0,0,0
330,11.011,720,408,0.474788,736,392,0.477141,712,400,0.436624,664,528,0.199604,568,656,0.366025,680,688,0.545724,888,504,0.217779,968,632,0.220135,968,632,0.190606,744,752,0.293207,0,0,0,0,0,0,880,752,0.373685,0,0,0,0,0,0
335,11.1778,720,408,0.393582,736,392,0.373773,712,400,0.349652,664,528,0.117281,568,656,0.300406,688,696,0.592488,888,488,0.166007,984,632,0.441066,944,568,0.292681,744,744,0.257552,0,0,0,0,0,0,888,744,0.407433,0,0,0,0,0,0
340,11.3447,728,392,0.279876,744,384,0.285573,728,392,0.23072,0,0,0,0,0,0,0,0,0,0,0,0,944,544,0.16161,1000,632,0.297543,0,0,0,0,0,0,0,0,0,0,0,0,0,0,0,0,0,0
345,11.5115,0,0,0,0,0,0,0,0,0,0,0,0,0,0,0,0,0,0,0,0,0,0,0,0,0,0,0,0,0,0,0,0,0,0,0,0,0,0,0,0,0,0,0,0,0
350,11.6783,728,400,0.42581,744,384,0.427166,720,384,0.370024,0,0,0,0,0,0,0,0,0,0,0,0,944,632,0.118727,0,0,0,0,0,0,0,0,0,0,0,0,0,0,0,0,0,0,0,0,0
355,11.8452,728,392,0.217793,744,384,0.224821,728,384,0.183554,0,0,0,592,592,0.118315,0,0,0,0,0,0,952,584,0.11896,0,0,0,736,768,0.17149,0,0,0,0,0,0,904,776,0.17744,0,0,0,0,0,0
360,12.012,728,416,0.630878,752,400,0.69376,720,400,0.637236,656,536,0.606983,520,632,0.560056,592,600,0.339921,872,488,0.456303,968,560,0.416537,1096,560,0.675855,728,776,0.391377,0,0,0,0,0,0,928,776,0.244661,0,0,0,0,0,0
365,12.1788,744,400,0.53184,760,392,0.585633,736,392,0.542357,664,528,0.327264,520,640,0.329812,616,576,0.280225,872,472,0.343831,984,568,0.212608,0,0,0,728,760,0.147121,864,560,0.299159,0,0,0,0,0,0,0,0,0,0,0,0
370,12.3457,736,432,0.582652,752,416,0.574624,728,432,0.607347,664,536,0.576822,528,640,0.417981,608,576,0.360073,856,472,0.320405,984,568,0.307629,1096,560,0.278666,728,760,0.452503,880,552,0.155178,0,0,0,944,784,0.164135,0,0,0,0,0,0
375,12.5125,744,424,0.421039,752,408,0.457216,736,416,0.426682,720,520,0.26141,656,528,0.184435,0,0,0,912,512,0.290777,1000,576,0.288547,0,0,0,728,760,0.243777,0,0,0,0,0,0,936,776,0.105477,0,0,0,0,0,0
380,12.6793,736,424,0.903465,752,400,0.936138,720,400,0.959224,680,520,0.586672,512,632,0.349866,616,584,0.368537,912,496,0.699546,1016,552,0.671182,1152,528,0.690453,736,768,0.464334,0,0,0,0,0,0,944,784,0.256651,0,0,0,0,0,0
385,12.8462,728,416,0.899673,752,384,0.936527,720,400,0.936382,680,520,0.52998,528,624,0.210571,608,568,0.368546,904,488,0.74479,1008,544,0.539265,1032,544,0.261306,736,752,0.506768,0,0,0,0,0,0,952,776,0.15504,0,0,0,0,0,0
390,13.013,728,416,0.938829,752,384,0.95199,712,392,0.977634,680,528,0.567492,592,608,0.237033,608,576,0.334332,912,488,0.747556,1008,552,0.453483,912,568,0.131516,744,776,0.468322,0,0,0,0,0,0,952,776,0.245373,0,0,0,0,0,0
395,13.1798,736,416,0.923592,760,384,0.949454,712,392,0.982931,664,528,0.728741,560,632,0.467238,608,584,0.412549,904,488,0.78204,992,560,0.557441,1008,544,0.257442,728,760,0.654474,840,952,0.18555,0,0,0,936,760,0.47692,944,952,0.133184,0,0,0
400,13.3467,736,424,0.9146,760,392,0.924292,712,400,0.933821,656,544,0.745093,544,648,0.6222,608,584,0.510098,904,496,0.80364,1000,560,0.678503,1104,552,0.430853,736,776,0.616196,832,952,0.171971,0,0,0,928,768,0.535973,960,952,0.124567,0,0,0
405,13.5135,736,424,0.917554,760,400,0.918618,720,408,0.944453,664,536,0.691375,544,648,0.573164,616,592,0.456268,904,496,0.809823,1000,560,0.630797,1064,552,0.21498,728,768,0.635438,824,944,0.148923,0,0,0,928,768,0.492679,960,952,0.131295,0,0,0
410,13.6803,736,416,0.947968,760,392,0.972732,720,392,1.00051,672,528,0.742313,528,640,0.627297,632,568,0.421576,912,496,0.820882,1000,560,0.692405,1120,536,0.259288,736,768,0.721679,816,944,0.233896,0,0,0,912,760,0.615604,944,928,0.215562,0,0,0
415,13.8472,744,416,0.908357,760,392,0.867867,728,400,0.903554,672,536,0.708624,528,640,0.64663,632,560,0.475686,904,496,0.782136,1000,560,0.454553,1024,552,0.118582,736,776,0.697084,832,952,0.220766,0,0,0,912,768,0.618635,944,928,0.188457,0,0,0
420,14.014,752,416,0.773868,760,400,0.790968,736,408,0.786193,680,536,0.730137,528,632,0.614902,632,568,0.49838,912,496,0.769766,984,560,0.569738,1040,552,0.1899,744,776,0.660366,816,944,0.172754,0,0,0,920,768,0.547583,944,936,0.136954,0,0,0
425,14.1808,768,416,0.820707,784,392,0.843755,752,400,0.847624,688,528,0.662438,528,640,0.366091,600,576,0.45659,928,512,0.567195,1016,560,0.387706,1144,528,0.149851,736,752,0.541449,880,552,0.109562,0,0,0,960,752,0.190006,0,0,0,0,0,0
430,14.3477,776,416,0.638935,792,400,0.654195,760,408,0.613272,720,528,0.566376,520,640,0.293221,608,576,0.370103,920,504,0.531695,984,544,0.300884,1008,560,0.156081,744,760,0.435945,0,0,0,0,0,0,928,760,0.276601,0,0,0,0,0,0
435,14.5145,952,552,0.122625,952,544,0.107478,944,544,0.112707,0,0,0,528,640,0.109888,0,0,0,0,0,0,0,0,0,0,0,0,0,0,0,0,0,0,0,0,0,0,0,0,0,0,0,0,0,0
440,14.6813,0,0,0,0,0,0,0,0,0,0,0,0,0,0,0,0,0,0,0,0,0,0,0,0,0,0,0,0,0,0,0,0,0,0,0,0,0,0,0,0,0,0,0,0,0
445,14.8482,0,0,0,0,0,0,0,0,0,0,0,0,0,0,0,0,0,0,0,0,0,0,0,0,0,0,0,0,0,0,0,0,0,0,0,0,0,0,0,0,0,0,0,0,0
450,15.015,0,0,0,0,0,0,0,0,0,0,0,0,0,0,0,0,0,0,0,0,0,0,0,0,0,0,0,0,0,0,0,0,0,0,0,0,0,0,0,0,0,0,0,0,0
455,15.1818,0,0,0,0,0,0,0,0,0,0,0,0,528,616,0.265766,600,552,0.209319,0,0,0,0,0,0,0,0,0,0,0,0,0,0,0,0,0,0,0,0,0,0,0,0,0,0,0
460,15.3487,0,0,0,0,0,0,0,0,0,0,0,0,0,0,0,0,0,0,0,0,0,0,0,0,0,0,0,0,0,0,0,0,0,0,0,0,0,0,0,0,0,0,0,0,0
465,15.5155,784,408,0.136225,792,392,0.143464,776,392,0.1206,0,0,0,0,0,0,0,0,0,0,0,0,0,0,0,0,0,0,0,0,0,0,0,0,0,0,0,0,0,0,0,0,0,0,0,0
470,15.6823,768,408,0.197629,784,400,0.193301,760,400,0.188392,0,0,0,0,0,0,0,0,0,928,520,0.13984,0,0,0,0,0,0,0,0,0,0,0,0,0,0,0,0,0,0,0,0,0,0,0,0
475,15.8492,776,400,0.271316,792,384,0.295565,760,392,0.262605,0,0,0,0,0,0,0,0,0,936,520,0.214981,992,536,0.227975,0,0,0,0,0,0,0,0,0,0,0,0,0,0,0,0,0,0,0,0,0
480,16.016,880,536,0.186673,800,392,0.153489,856,496,0.180323,824,528,0.329219,800,608,0.157908,0,0,0,936,528,0.446794,992,544,0.292262,0,0,0,800,744,0.181342,0,0,0,0,0,0,928,744,0.232092,0,0,0,0,0,0
485,16.1828,768,400,0.894408,792,376,0.920341,752,384,0.890644,712,512,0.468304,696,608,0.144273,0,0,0,904,496,0.800297,992,560,0.755342,1144,536,0.589125,824,784,0.449346,880,944,0.237559,0,0,0,960,744,0.524871,1016,888,0.167049,0,0,0
490,16.3497,768,400,0.868628,784,384,0.890537,752,392,0.86102,720,512,0.568518,712,616,0.144823,0,0,0,912,496,0.831999,984,560,0.683947,1064,552,0.265183,800,760,0.502146,880,936,0.214045,784,888,0.246164,944,744,0.494402,1032,888,0.186755,0,0,0
495,16.5165,768,400,0.648653,784,392,0.705923,760,392,0.656737,736,512,0.483682,696,544,0.178617,0,0,0,912,496,0.785453,992,560,0.550304,1112,552,0.481626,792,728,0.477047,784,760,0.541473,760,896,0.483104,912,728,0.455592,0,0,0,0,0,0
500,16.6833,744,400,0.863263,768,376,0.855086,728,384,0.884099,688,512,0.803635,672,632,0.262633,720,672,0.120671,896,488,0.863426,992,560,0.818852,1120,544,0.697057,768,752,0.704745,832,936,0.274603,760,888,0.153846,920,736,0.720605,968,904,0.200672,0,0,0
505,16.8502,744,400,0.884035,760,376,0.876154,728,384,0.908809,680,528,0.777866,664,640,0.40043,696,672,0.311098,896,488,0.859777,1000,552,0.760215,1112,464,0.670398,760,744,0.696873,808,928,0.361138,0,0,0,920,736,0.689218,976,912,0.289945,0,0,0
510,17.017,752,392,0.883726,768,376,0.923506,728,376,0.891547,656,520,0.705985,624,616,0.469072,656,672,0.352295,888,488,0.884783,992,552,0.763078,1120,440,0.88503,728,744,0.687345,792,936,0.258438,0,0,0,888,728,0.758407,936,904,0.168711,0,0,0
515,17.1838,736,392,0.936307,760,368,0.91158,712,376,1.00211,640,528,0.827901,568,640,0.454296,640,696,0.358871,896,488,0.854894,1008,544,0.718782,1120,448,0.786747,720,768,0.678602,776,944,0.178976,728,896,0.159944,912,752,0.661736,944,928,0.172665,0,0,0
520,17.3507,728,392,0.926455,760,368,0.923847,712,368,0.992379,640,536,0.859599,576,656,0.623107,656,720,0.402623,904,496,0.822411,1008,568,0.805521,1120,448,0.64075,720,776,0.727864,776,944,0.270344,0,0,0,904,752,0.695605,936,936,0.24207,0,0,0
525,17.5175,736,392,0.921104,760,368,0.918864,712,376,0.968159,648,536,0.812936,568,624,0.48439,496,624,0.143146,896,496,0.815705,1000,592,0.58356,960,712,0.29594,720,776,0.571484,768,928,0.149666,0,0,0,904,760,0.544714,944,912,0.142123,0,0,0
530,17.6843,728,400,0.913726,752,376,0.900091,712,384,0.896085,648,528,0.850403,576,624,0.443282,0,0,0,896,496,0.842457,984,592,0.443527,992,544,0.185707,720,776,0.549531,768,944,0.162365,0,0,0,904,760,0.624361,968,880,0.136691,0,0,0
535,17.8512,728,400,0.899166,752,376,0.882044,712,376,0.870894,656,520,0.706294,552,624,0.417029,608,568,0.366159,888,488,0.83594,944,576,0.375858,984,552,0.124494,736,800,0.381593,784,944,0.132452,0,0,0,920,768,0.501554,984,872,0.119104,0,0,0
540,18.018,728,392,0.962255,752,368,0.93474,712,376,0.946126,648,528,0.847853,584,624,0.309403,624,576,0.192122,880,488,0.885443,936,600,0.394031,928,656,0.114696,728,792,0.49856,800,952,0.173479,0,0,0,912,768,0.61037,984,864,0.168105,0,0,0
545,18.1848,728,400,0.949507,752,368,0.956784,712,376,0.949413,648,528,0.856117,568,616,0.38448,440,648,0.231127,872,488,0.875856,936,576,0.339927,944,568,0.152235,720,776,0.585175,784,944,0.176589,0,0,0,904,744,0.686341,968,880,0.233944,0,0,0
550,18.3517,728,392,0.95521,752,368,0.950476,712,376,0.953131,640,528,0.879274,600,656,0.506358,656,680,0.205749,880,504,0.801086,992,592,0.425669,1112,560,0.22791,728,768,0.663362,800,944,0.276889,0,0,0,904,752,0.693885,976,872,0.276627,0,0,0
555,18.5185,728,400,0.951757,752,376,0.961098,712,376,0.946933,648,520,0.867597,536,648,0.675234,656,712,0.414183,888,520,0.85008,1000,568,0.77129,1072,552,0.240846,720,760,0.731659,760,928,0.276546,0,0,0,896,744,0.706212,944,912,0.230176,0,0,0
560,18.6853,728,400,0.94268,744,376,0.911563,712,384,0.914427,648,520,0.865828,560,632,0.581994,616,696,0.274415,888,512,0.849136,984,568,0.653999,1112,536,0.323189,720,744,0.772207,800,952,0.181034,728,896,0.252557,896,736,0.718145,960,896,0.282844,0,0,0
565,18.8522,728,400,0.961589,752,376,0.912062,704,384,0.892648,656,512,0.867252,576,608,0.623825,624,624,0.190035,880,504,0.85023,984,560,0.738363,1112,536,0.221581,720,744,0.782483,768,920,0.283404,752,912,0.105201,880,728,0.751941,944,904,0.325582,0,0,0
570,19.019,728,408,0.882141,752,384,0.835434,712,392,0.805159,680,512,0.733783,648,584,0.335044,680,656,0.274773,864,512,0.785831,976,536,0.760879,1032,464,0.764228,752,728,0.773512,792,896,0.32693,848,992,0.132181,888,720,0.825491,904,880,0.260421,0,0,0
575,19.1858,728,392,0.639957,744,376,0.637644,712,376,0.598162,688,472,0.218458,672,512,0.156783,0,0,0,880,520,0.245228,976,552,0.314461,896,576,0.105734,760,712,0.491929,808,872,0.105016,0,0,0,888,720,0.552237,0,0,0,0,0,0
580,19.3527,728,384,0.376636,744,368,0.367477,712,368,0.355711,0,0,0,0,0,0,0,0,0,0,0,0,872,560,0.101411,0,0,0,760,696,0.25665,0,0,0,0,0,0,872,704,0.289568,0,0,0,0,0,0
585,19.5195,720,384,0.492191,744,376,0.438554,704,368,0.465157,0,0,0,0,0,0,0,0,0,840,480,0.115895,0,0,0,0,0,0,760,712,0.180521,0,0,0,0,0,0,872,712,0.171146,0,0,0,0,0,0
590,19.6863,0,0,0,0,0,0,0,0,0,0,0,0,0,0,0,0,0,0,0,0,0,0,0,0,0,0,0,0,0,0,0,0,0,0,0,0,0,0,0,0,0,0,0,0,0
595,19.8532,0,0,0,0,0,0,0,0,0,0,0,0,0,0,0,0,0,0,0,0,0,0,0,0,0,0,0,0,0,0,0,0,0,0,0,0,0,0,0,0,0,0,0,0,0
600,20.02,0,0,0,0,0,0,0,0,0,0,0,0,0,0,0,0,0,0,0,0,0,0,0,0,0,0,0,0,0,0,0,0,0,0,0,0,0,0,0,0,0,0,0,0,0
605,20.1868,712,392,0.201051,720,384,0.187015,712,392,0.186389,0,0,0,0,0,0,0,0,0,0,0,0,0,0,0,0,0,0,0,0,0,0,0,0,0,0,0,0,0,0,0,0,0,0,0,0
610,20.3537,720,432,0.74089,728,416,0.726632,704,424,0.747505,664,528,0.679949,608,592,0.549404,544,632,0.354029,800,488,0.417457,824,456,0.189569,0,0,0,720,688,0.502657,0,0,0,0,0,0,824,640,0.231038,0,0,0,0,0,0
615,20.5205,720,440,0.688075,728,424,0.652774,704,432,0.751407,664,528,0.717038,600,608,0.508825,592,608,0.337252,800,488,0.446126,832,448,0.221697,832,464,0.102704,728,696,0.543745,824,600,0.166786,856,896,0.208706,840,632,0.239289,840,592,0.217827,912,688,0.112613
620,20.6873,712,432,0.760929,728,408,0.737498,704,424,0.824921,664,536,0.813984,592,608,0.602132,496,640,0.53767,832,488,0.710402,880,440,0.321658,928,656,0.457112,728,728,0.76131,800,616,0.184242,840,864,0.222623,880,680,0.503496,840,592,0.498364,888,896,0.687216
625,20.8542,728,440,0.639136,736,432,0.598581,712,440,0.737177,688,520,0.623563,600,600,0.272547,552,632,0.115252,832,480,0.647044,904,512,0.338453,920,632,0.538428,736,680,0.606745,824,592,0.260745,0,0,0,856,640,0.486395,840,600,0.450155,880,848,0.106115
630,21.021,720,440,0.600538,728,432,0.546819,704,440,0.633945,688,520,0.379153,664,440,0.179495,0,0,0,808,488,0.221894,0,0,0,0,0,0,752,664,0.246487,0,0,0,0,0,0,856,632,0.188774,832,616,0.147274,0,0,0
635,21.1878,720,432,0.853542,744,408,0.801979,704,424,0.824255,680,536,0.642839,616,592,0.337485,552,624,0.163877,848,480,0.439591,896,560,0.147949,0,0,0,760,696,0.348148,824,624,0.151806,0,0,0,872,648,0.311065,856,616,0.131787,0,0,0
640,21.3547,0,0,0,0,0,0,0,0,0,0,0,0,0,0,0,0,0,0,0,0,0,0,0,0,0,0,0,0,0,0,0,0,0,0,0,0,0,0,0,0,0,0,0,0,0
645,21.5215,0,0,0,0,0,0,0,0,0,0,0,0,0,0,0,0,0,0,0,0,0,0,0,0,0,0,0,0,0,0,0,0,0,0,0,0,0,0,0,0,0,0,0,0,0
650,21.6883,704,432,0.251612,720,424,0.255001,696,432,0.224768,0,0,0,0,0,0,0,0,0,0,0,0,0,0,0,0,0,0,0,0,0,0,0,0,0,0,0,0,0,0,0,0,0,0,0,0
655,21.8552,712,448,0.254288,720,424,0.235677,696,440,0.233579,0,0,0,0,0,0,0,0,0,0,0,0,0,0,0,0,0,0,0,0,0,0,0,0,0,0,0,0,0,0,0,0,0,0,0,0
660,22.022,0,0,0,0,0,0,0,0,0,0,0,0,0,0,0,0,0,0,0,0,0,0,0,0,0,0,0,0,0,0,0,0,0,0,0,0,0,0,0,0,0,0,0,0,0
665,22.1888,704,456,0.814655,720,432,0.821466,688,448,0.80683,648,560,0.708375,608,656,0.671102,528,656,0.325664,808,512,0.417646,832,488,0.106629,0,0,0,808,760,0.521878,872,848,0.101319,0,0,0,888,712,0.228674,0,0,0,0,0,0
670,22.3557,712,448,0.745905,720,432,0.801021,696,440,0.753172,664,560,0.540994,600,656,0.468168,528,664,0.359397,800,512,0.339524,816,496,0.103417,0,0,0,776,744,0.243288,0,0,0,0,0,0,856,672,0.117279,0,0,0,0,0,0
675,22.5225,704,448,0.840602,720,432,0.875458,688,440,0.860727,656,560,0.699436,600,640,0.626388,512,672,0.528206,824,512,0.422334,912,568,0.135077,0,0,0,800,768,0.460737,0,0,0,0,0,0,920,712,0.233339,0,0,0,0,0,0
680,22.6893,720,448,0.277942,736,432,0.286173,712,456,0.274926,688,568,0.246431,608,624,0.153698,0,0,0,792,520,0.103721,0,0,0,0,0,0,808,720,0.162445,0,0,0,0,0,0,0,0,0,0,0,0,0,0,0
685,22.8562,712,432,0.217018,728,424,0.224348,712,432,0.199855,0,0,0,0,0,0,0,0,0,0,0,0,0,0,0,0,0,0,0,0,0,0,0,0,0,0,0,0,0,0,0,0,0,0,0,0
690,23.023,0,0,0,0,0,0,0,0,0,0,0,0,0,0,0,0,0,0,0,0,0,0,0,0,0,0,0,0,0,0,0,0,0,0,0,0,0,0,0,0,0,0,0,0,0
695,23.1898,0,0,0,0,0,0,0,0,0,0,0,0,0,0,0,0,0,0,0,0,0,0,0,0,0,0,0,0,0,0,0,0,0,0,0,0,0,0,0,0,0,0,0,0,0
700,23.3567,720,448,0.373067,728,432,0.361464,712,448,0.401591,720,528,0.102972,688,432,0.126116,0,0,0,768,496,0.101227,0,0,0,0,0,0,0,0,0,0,0,0,0,0,0,0,0,0,0,0,0,0,0,0
705,23.5235,712,464,0.886349,728,432,0.923779,688,448,0.925638,656,568,0.756355,600,640,0.176296,0,0,0,864,496,0.498046,920,536,0.154001,944,552,0.121692,768,816,0.118632,0,0,0,0,0,0,928,808,0.174573,0,0,0,0,0,0
710,23.6903,696,464,0.125966,712,448,0.10769,688,456,0.12846,0,0,0,0,0,0,0,0,0,0,0,0,0,0,0,0,0,0,0,0,0,0,0,0,0,0,0,0,0,0,0,0,0,0,0,0
715,23.8572,712,472,0.247947,720,456,0.200791,696,464,0.233786,0,0,0,0,0,0,0,0,0,0,0,0,0,0,0,0,0,0,0,0,0,0,0,0,0,0,0,0,0,0,0,0,0,0,0,0
720,24.024,704,472,0.271095,720,456,0.227924,696,464,0.265367,704,544,0.114201,0,0,0,0,0,0,760,520,0.115807,0,0,0,0,0,0,0,0,0,0,0,0,0,0,0,0,0,0,0,0,0,0,0,0
725,24.1908,0,0,0,0,0,0,0,0,0,0,0,0,0,0,0,0,0,0,0,0,0,0,0,0,0,0,0,0,0,0,0,0,0,0,0,0,0,0,0,0,0,0,0,0,0
730,24.3577,0,0,0,0,0,0,0,0,0,0,0,0,0,0,0,0,0,0,0,0,0,0,0,0,0,0,0,0,0,0,0,0,0,0,0,0,0,0,0,0,0,0,0,0,0
735,24.5245,0,0,0,720,416,0.113013,0,0,0,0,0,0,688,408,0.133921,0,0,0,0,0,0,0,0,0,0,0,0,0,0,0,0,0,0,0,0,0,0,0,0,0,0,0,0,0,0
740,24.6913,0,0,0,720,424,0.125318,712,424,0.100571,0,0,0,0,0,0,0,0,0,0,0,0,0,0,0,0,0,0,0,0,0,504,808,0.243831,0,0,0,0,0,0,0,0,0,0,0,0
745,24.8582,760,528,0.103147,776,528,0.102164,0,0,0,0,0,0,0,0,0,0,0,0,0,0,0,0,0,0,0,0,0,0,0,0,496,808,0.3186,0,0,0,0,0,0,0,0,0,0,0,0
750,25.025,0,0,0,0,0,0,0,0,0,0,0,0,0,0,0,0,0,0,0,0,0,0,0,0,0,0,0,0,0,0,496,808,0.348721,0,0,0,0,0,0,0,0,0,0,0,0
755,25.1918,800,496,0.150825,800,496,0.158912,800,488,0.12623,864,528,0.158535,0,0,0,0,0,0,912,560,0.22207,928,624,0.128852,0,0,0,872,776,0.132692,0,0,0,0,0,0,952,728,0.356108,0,0,0,0,0,0
760,25.3587,728,456,0.803123,744,424,0.811753,712,440,0.83269,704,536,0.372302,632,592,0.440375,512,656,0.435524,848,488,0.721254,936,544,0.562115,800,544,0.234759,800,736,0.237423,512,792,0.225601,0,0,0,936,704,0.274404,0,0,0,0,0,0
765,25.5255,736,448,0.866472,752,424,0.90072,712,440,0.894103,696,544,0.500748,632,600,0.368888,552,656,0.285563,856,488,0.752639,944,536,0.614093,880,560,0.160966,792,744,0.417072,512,792,0.553931,648,840,0.121514,928,704,0.381138,0,0,0,0,0,0
770,25.6923,728,440,0.91261,744,416,0.94173,704,432,0.881498,672,560,0.688505,584,632,0.67856,464,664,0.494736,880,496,0.654137,952,544,0.389103,920,552,0.206583,800,776,0.385596,512,800,0.489738,648,848,0.150765,952,728,0.429453,0,0,0,896,832,0.157032
775,25.8592,728,448,0.943499,744,416,0.934828,704,432,0.901001,672,560,0.666568,568,632,0.626424,456,664,0.388084,872,496,0.5919,944,544,0.339613,912,560,0.154535,800,760,0.371542,888,536,0.1159,872,856,0.117772,960,736,0.251453,888,552,0.129757,0,0,0
780,26.026,720,448,0.943844,744,424,0.86956,704,432,0.907541,664,552,0.644853,608,648,0.560859,616,600,0.540124,888,504,0.567147,936,584,0.3208,928,568,0.165325,768,768,0.242459,512,776,0.516038,656,840,0.179005,0,0,0,904,552,0.353565,888,712,0.28242
785,26.1928,728,432,0.939397,752,408,0.941341,704,416,0.932737,656,560,0.808843,592,664,0.817086,488,664,0.550079,896,528,0.695236,952,608,0.308788,944,712,0.120498,680,752,0.415306,520,776,0.759535,696,832,0.225082,952,760,0.190812,0,0,0,0,0,0
790,26.3597,736,456,0.903092,760,432,0.923114,720,440,0.89891,656,560,0.832771,568,648,0.648746,496,664,0.38648,880,528,0.678478,936,592,0.417891,952,576,0.218848,696,744,0.409027,528,760,0.729224,712,872,0.183302,952,752,0.164751,912,552,0.146807,912,704,0.107048
795,26.5265,752,480,0.710802,760,448,0.67537,728,464,0.683993,664,560,0.861013,608,656,0.408508,600,640,0.411147,880,528,0.719746,944,616,0.417128,0,0,0,776,792,0.386173,544,752,0.188501,0,0,0,960,752,0.34559,920,544,0.468702,920,720,0.174629
800,26.6933,752,440,0.908983,776,416,0.929289,728,424,0.897742,656,552,0.832032,592,672,0.708548,528,672,0.412759,872,512,0.615342,896,592,0.215565,952,552,0.162295,752,760,0.468039,896,536,0.106945,896,696,0.111512,952,760,0.180303,920,552,0.680009,952,704,0.463671
805,26.8602,744,440,0.935854,768,416,0.917901,720,424,0.924122,656,560,0.86557,592,688,0.541161,632,728,0.317821,888,504,0.814252,944,600,0.442862,944,712,0.221206,760,776,0.558194,784,816,0.153069,888,888,0.352792,896,736,0.335274,920,592,0.376504,920,888,0.728935
810,27.027,752,448,0.922003,776,424,0.912156,728,424,0.868738,656,560,0.839689,608,664,0.562682,640,728,0.414057,856,544,0.757615,896,640,0.463881,880,632,0.180016,720,760,0.441727,688,784,0.158607,808,952,0.268858,832,752,0.475071,896,872,0.144479,912,920,0.173569
815,27.1938,752,448,0.285338,776,424,0.273955,736,432,0.263688,0,0,0,0,0,0,0,0,0,0,0,0,872,624,0.130401,0,0,0,0,0,0,0,0,0,0,0,0,0,0,0,0,0,0,0,0,0
820,27.3607,0,0,0,0,0,0,0,0,0,0,0,0,0,0,0,0,0,0,0,0,0,0,0,0,0,0,0,0,0,0,0,0,0,0,0,0,0,0,0,0,0,0,0,0,0
825,27.5275,0,0,0,0,0,0,0,0,0,0,0,0,0,0,0,0,0,0,0,0,0,0,0,0,0,0,0,0,0,0,0,0,0,0,0,0,0,0,0,0,0,0,0,0,0
830,27.6943,784,464,0.926705,808,456,0.917925,760,448,0.929048,688,592,0.720559,568,680,0.50171,608,624,0.275244,888,576,0.887184,936,656,0.379978,952,728,0.264208,728,816,0.497314,0,0,0,0,0,0,880,776,0.499512,1104,624,0.398766,1032,760,0.264694
835,27.8612,784,464,0.649164,816,456,0.631378,768,448,0.617557,736,584,0.171475,568,672,0.185561,608,624,0.203966,888,568,0.368435,920,584,0.105916,0,0,0,776,768,0.175639,0,0,0,0,0,0,904,736,0.269258,1104,592,0.233915,1048,720,0.259568
840,28.028,784,464,0.439694,808,456,0.448626,776,456,0.415512,696,584,0.343453,584,664,0.276519,608,632,0.397967,856,560,0.119822,0,0,0,0,0,0,752,728,0.275778,0,0,0,0,0,0,0,0,0,0,0,0,0,0,0
845,28.1948,824,472,0.911869,848,456,0.962289,800,448,0.845604,688,576,0.726738,536,688,0.586249,640,600,0.591821,904,576,0.782063,952,656,0.36812,984,688,0.154994,776,816,0.292046,0,0,0,0,0,0,912,776,0.211286,0,0,0,0,0,0
850,28.3617,816,472,0.914154,848,456,0.938903,792,448,0.887745,704,560,0.794318,592,656,0.536697,648,584,0.554316,888,560,0.78158,960,592,0.25062,992,552,0.242474,744,728,0.624532,920,616,0.226176,880,896,0.134085,856,720,0.614596,944,624,0.879864,880,896,0.405426
855,28.5285,792,472,0.89141,824,456,0.878138,776,448,0.897776,688,568,0.724765,552,664,0.652405,648,576,0.661734,896,560,0.802836,952,616,0.338337,856,640,0.297288,712,752,0.579843,0,0,0,792,864,0.132571,864,720,0.615437,944,624,0.834238,888,896,0.518008
860,28.6953,808,472,0.920236,824,464,0.879776,784,456,0.976497,672,576,0.786984,536,664,0.598304,560,560,0.400446,880,552,0.758755,944,592,0.387598,984,616,0.374756,728,744,0.507295,0,0,0,0,0,0,848,712,0.542936,944,624,0.704105,872,912,0.110115
865,28.8622,784,480,0.798752,800,472,0.831746,776,472,0.864316,712,560,0.799908,624,608,0.272043,784,424,0.145619,872,552,0.76158,952,608,0.281477,976,624,0.155538,768,712,0.516151,936,624,0.233449,880,880,0.122221,872,696,0.533654,944,632,0.755877,904,856,0.207356
870,29.029,792,488,0.847695,808,480,0.860274,776,480,0.897803,712,552,0.789282,640,616,0.405903,704,576,0.249161,864,552,0.880038,928,608,0.46702,856,624,0.302771,744,720,0.623169,856,680,0.114674,816,864,0.120309,856,704,0.674096,960,632,0.886896,872,880,0.386882
875,29.1958,704,560,0.209472,712,552,0.201083,704,552,0.262413,688,616,0.458017,672,608,0.459912,680,496,0.433085,776,608,0.23074,864,616,0.121499,0,0,0,752,736,0.437394,0,0,0,960,816,0.110259,816,712,0.35356,976,640,0.524024,984,784,0.120897
880,29.3627,696,496,0.208853,728,496,0.192995,712,488,0.203324,720,552,0.406996,688,552,0.706677,744,472,0.637806,808,544,0.242693,856,568,0.111394,0,0,0,776,704,0.354776,0,0,0,0,0,0,848,688,0.344059,976,640,0.350994,0,0,0
885,29.5295,784,464,0.368279,784,464,0.441389,768,472,0.421417,688,552,0.508906,696,504,0.477759,752,440,0.654133,840,552,0.589664,896,608,0.21258,880,624,0.131981,752,720,0.540282,968,632,0.180344,0,0,0,840,704,0.516818,976,632,0.696406,952,792,0.272813
890,29.6963,816,480,0.874994,824,464,0.873381,800,464,0.827426,696,520,0.757944,784,432,0.861363,904,408,0.85975,856,544,0.776448,904,584,0.343909,888,592,0.139722,768,696,0.67107,952,624,0.306057,864,920,0.313186,872,664,0.655885,952,624,0.783746,936,792,0.28472
895,29.8632,816,480,0.888736,824,480,0.908044,800,480,0.868513,744,544,0.723639,768,432,0.71256,896,408,0.696844,864,552,0.719969,896,600,0.403763,888,616,0.17567,768,688,0.495776,928,624,0.357027,920,784,0.157581,872,664,0.414038,928,624,0.421088,920,728,0.143505
900,30.03,816,488,0.785929,824,480,0.833624,800,480,0.808825,728,544,0.653919,776,432,0.70405,880,408,0.758034,856,544,0.508051,888,576,0.220678,0,0,0,776,680,0.374852,920,608,0.146101,0,0,0,872,640,0.288601,896,608,0.164261,0,0,0
905,30.1968,800,472,0.583768,800,464,0.619854,784,464,0.561558,696,528,0.624123,768,440,0.706716,872,416,0.640937,832,504,0.385097,880,568,0.151431,0,0,0,752,728,0.312268,0,0,0,0,0,0,856,624,0.210721,0,0,0,0,0,0
910,30.3637,768,464,0.718817,768,448,0.709808,736,448,0.810871,680,528,0.706304,744,440,0.490501,872,400,0.392134,800,520,0.59023,872,528,0.280216,704,472,0.132613,768,664,0.332802,848,584,0.446645,888,720,0.168341,840,640,0.321788,856,584,0.355507,880,744,0.136629
915,30.5305,736,456,0.318645,744,448,0.29276,712,448,0.376561,704,560,0.257008,696,544,0.570802,752,416,0.438187,808,512,0.20903,856,552,0.134248,0,0,0,944,760,0.155035,864,808,0.499696,856,944,0.390065,952,784,0.129261,880,784,0.162114,0,0,0
920,30.6973,664,496,0.103499,680,488,0.131575,664,488,0.118325,696,544,0.122924,664,576,0.435878,696,480,0.304907,0,0,0,0,0,0,0,0,0,784,656,0.115152,0,0,0,0,0,0,0,0,0,0,0,0,0,0,0
925,30.8642,864,544,0.117877,864,536,0.102581,0,0,0,856,560,0.159836,0,0,0,0,0,0,896,560,0.144929,944,568,0.137592,0,0,0,856,696,0.232962,872,744,0.228815,904,888,0.514984,952,752,0.138269,0,0,0,0,0,0
930,31.031,736,464,0.158692,752,456,0.204381,720,456,0.197517,0,0,0,0,0,0,0,0,0,0,0,0,0,0,0,0,0,0,0,0,0,0,0,0,0,0,0,0,0,0,0,0,0,0,0,0
935,31.1978,0,0,0,0,0,0,0,0,0,0,0,0,0,0,0,0,0,0,0,0,0,0,0,0,0,0,0,0,0,0,0,0,0,0,0,0,0,0,0,0,0,0,0,0,0
940,31.3647,0,0,0,0,0,0,0,0,0,0,0,0,0,0,0,0,0,0,0,0,0,0,0,0,0,0,0,0,0,0,0,0,0,0,0,0,0,0,0,0,0,0,0,0,0
945,31.5315,0,0,0,0,0,0,0,0,0,672,648,0.113822,0,0,0,0,0,0,736,624,0.111255,792,632,0.166857,0,0,0,744,744,0.368548,0,0,0,0,0,0,800,704,0.283703,912,696,0.110973,0,0,0
950,31.6983,664,504,0.686575,664,480,0.703631,640,496,0.73871,632,608,0.625587,0,0,0,720,544,0.10571,808,520,0.841226,896,632,0.64211,1024,656,0.709404,752,792,0.59225,824,936,0.205277,0,0,0,864,744,0.631444,952,760,0.132344,0,0,0
955,31.8652,664,512,0.755914,672,496,0.701132,648,504,0.757628,632,592,0.52895,584,592,0.139812,0,0,0,784,528,0.804253,840,568,0.354893,824,576,0.127064,728,752,0.475707,792,864,0.136889,0,0,0,840,712,0.615879,0,0,0,0,0,0
960,32.032,712,512,0.55187,712,504,0.565992,704,512,0.575248,672,584,0.559031,648,608,0.180281,688,528,0.147268,784,544,0.608665,800,520,0.336509,848,576,0.553576,736,712,0.512169,816,824,0.140903,0,0,0,824,696,0.6704,0,0,0,0,0,0
965,32.1988,624,456,0.371288,632,440,0.389074,616,448,0.371447,648,568,0.233226,0,0,0,0,0,0,776,488,0.423337,832,552,0.296356,848,584,0.13265,768,744,0.111819,0,0,0,0,0,0,832,672,0.10757,0,0,0,0,0,0
970,32.3657,0,0,0,0,0,0,0,0,0,0,0,0,0,0,0,488,504,0.114865,0,0,0,0,0,0,0,0,0,0,0,0,0,0,0,0,0,0,0,0,0,0,0,0,0,0,0
975,32.5325,632,392,0.208024,632,368,0.195506,632,392,0.262298,640,496,0.407078,584,536,0.171624,656,488,0.204009,744,456,0.561534,792,496,0.353888,816,536,0.318168,688,632,0.310199,0,0,0,0,0,0,792,608,0.260208,0,0,0,0,0,0
980,32.6993,848,544,0.110641,864,536,0.119334,856,528,0.100071,0,0,0,0,0,0,0,0,0,0,0,0,0,0,0,0,0,0,0,0,0,0,0,0,0,0,0,0,0,0,0,0,0,0,0,0
985,32.8662,616,496,0.289075,632,488,0.291292,608,496,0.279823,584,536,0.254106,544,536,0.156697,0,0,0,688,520,0.355151,736,592,0.441141,624,504,0.129548,624,680,0.471284,704,736,0.115159,0,0,0,712,648,0.383471,0,0,0,0,0,0
990,33.033,608,560,0.169619,616,544,0.142857,576,576,0.190748,568,584,0.161027,536,592,0.389786,568,640,0.235567,0,0,0,728,584,0.130483,0,0,0,624,688,0.363436,0,0,0,0,0,0,696,664,0.224853,0,0,0,0,0,0
995,33.1998,936,504,0.229648,952,496,0.222626,928,488,0.218015,0,0,0,0,0,0,0,0,0,0,0,0,0,0,0,0,0,0,0,0,0,0,0,0,0,0,0,0,0,0,0,0,0,0,0,0
1000,33.3667,640,576,0.177805,640,576,0.148404,640,568,0.227056,640,568,0.144534,680,608,0.116101,376,816,0.147845,656,568,0.10709,0,0,0,0,0,0,608,672,0.329465,0,0,0,0,0,0,672,656,0.216248,728,696,0.154859,752,664,0.140436
1005,33.5335,600,424,0.530204,608,416,0.560411,584,416,0.537605,520,520,0.588153,408,640,0.371577,0,0,0,656,504,0.441525,688,520,0.203124,0,0,0,600,672,0.591012,472,512,0.757618,760,632,0.171266,696,640,0.469617,792,688,0.103287,776,648,0.245342
1010,33.7003,592,432,0.559819,600,416,0.567365,576,432,0.576792,496,520,0.599242,416,632,0.408358,752,632,0.103288,672,488,0.717971,752,480,0.374318,712,544,0.153395,600,680,0.546918,600,560,0.435017,728,608,0.282843,736,632,0.62726,792,656,0.361091,848,784,0.147569
1015,33.8672,592,424,0.584066,608,416,0.590757,576,424,0.579592,520,520,0.56826,464,560,0.220315,464,552,0.118032,664,488,0.677304,752,480,0.452167,816,488,0.157146,600,680,0.588495,480,512,0.407704,720,624,0.190808,704,640,0.579839,784,688,0.182712,0,0,0
1020,34.034,640,576,0.260484,664,584,0.195766,616,560,0.338892,552,592,0.610587,544,608,0.230712,600,624,0.166215,680,576,0.317523,728,568,0.260165,760,600,0.366286,672,704,0.457147,456,544,0.168845,856,880,0.144761,720,664,0.331491,888,448,0.116587,0,0,0
1025,34.2008,592,432,0.470462,600,416,0.49445,576,424,0.461614,576,544,0.328698,496,552,0.145629,0,0,0,680,528,0.401237,736,576,0.225816,0,0,0,664,688,0.683231,736,816,0.135215,0,0,0,736,648,0.496542,840,640,0.181378,0,0,0
1030,34.3677,600,440,0.493187,608,424,0.480037,592,432,0.496238,576,560,0.562725,600,600,0.308472,656,520,0.482765,696,552,0.56346,752,584,0.274354,656,488,0.159167,664,696,0.620055,776,768,0.165269,0,0,0,728,680,0.531598,0,0,0,0,0,0
1035,34.5345,600,448,0.415133,600,440,0.344714,584,440,0.394852,592,560,0.400302,616,624,0.210538,656,496,0.222098,712,560,0.713361,760,616,0.659288,792,656,0.594064,688,728,0.555287,792,784,0.186537,0,0,0,752,696,0.423367,880,720,0.102752,0,0,0
1040,34.7013,616,488,0.670988,632,472,0.712403,608,472,0.66382,592,584,0.451695,528,528,0.287134,656,520,0.351127,704,552,0.674802,760,488,0.381533,640,472,0.464623,664,728,0.544097,816,800,0.168956,752,688,0.272723,744,688,0.597992,864,752,0.176536,0,0,0
1045,34.8682,640,512,0.384652,640,480,0.361633,632,496,0.370536,568,600,0.701089,648,680,0.454999,776,776,0.408864,696,544,0.359439,696,456,0.142894,624,520,0.402163,704,744,0.317441,568,592,0.349841,920,728,0.243916,768,656,0.437512,976,520,0.235643,944,752,0.266327
1050,35.035,616,488,0.610573,624,480,0.645933,600,496,0.612877,576,576,0.561802,568,664,0.374867,616,680,0.23452,712,528,0.599807,784,528,0.329389,784,592,0.207968,656,704,0.393471,560,608,0.676703,680,776,0.1424,784,688,0.424851,984,520,0.102208,0,0,0
1055,35.2018,608,512,0.514304,624,488,0.530886,600,504,0.54871,592,560,0.457313,568,632,0.326719,600,672,0.233384,704,536,0.504495,768,488,0.272655,624,504,0.268676,648,688,0.547788,568,592,0.69559,648,720,0.13281,768,688,0.490584,856,808,0.11681,0,0,0
1060,35.3687,1072,720,0.343854,1080,688,0.26354,1056,712,0.267169,632,552,0.259886,592,616,0.378357,632,528,0.318944,728,520,0.228854,1080,704,0.330325,1136,776,0.312542,664,672,0.444276,600,584,0.569921,720,792,0.163773,752,680,0.254252,752,608,0.491342,800,776,0.211351
1065,35.5355,1088,712,0.704059,1096,688,0.657867,1064,696,0.649677,616,552,0.481342,584,544,0.283814,648,536,0.385665,736,528,0.428532,1088,696,0.329794,680,424,0.131604,672,672,0.532755,760,616,0.369406,768,784,0.253504,792,656,0.409405,768,616,0.228962,816,784,0.20243
1070,35.7023,792,496,0.335883,800,488,0.334179,784,488,0.397114,712,528,0.294212,704,472,0.147657,0,0,0,816,520,0.282438,840,576,0.166347,0,0,0,728,672,0.256254,0,0,0,0,0,0,832,656,0.245777,0,0,0,0,0,0
1075,35.8692,824,656,0.246728,824,648,0.210971,792,656,0.216856,0,0,0,0,0,0,0,0,0,0,0,0,0,0,0,0,0,0,768,744,0.133644,1128,536,0.156653,0,0,0,0,0,0,1128,552,0.235099,0,0,0
1080,36.036,744,456,0.173657,768,440,0.149715,736,448,0.233251,704,536,0.14106,648,560,0.105308,0,0,0,0,0,0,0,0,0,0,0,0,776,760,0.29134,0,0,0,0,0,0,872,744,0.102009,0,0,0,0,0,0
1085,36.2028,960,576,0.658005,992,576,0.637904,976,552,0.67961,856,544,0.233299,0,0,0,0,0,0,992,656,0.229365,1048,624,0.204076,1024,792,0.142985,720,776,0.104724,0,0,0,0,0,0,0,0,0,0,0,0,0,0,0
1090,36.3697,696,464,0.397173,696,432,0.402684,688,464,0.414415,664,552,0.28352,624,552,0.507943,648,616,0.138439,840,480,0.288326,952,528,0.137782,0,0,0,760,808,0.438784,1064,464,0.143224,0,0,0,928,736,0.140987,1064,448,0.549029,1064,704,0.246112
1095,36.5365,0,0,0,0,0,0,0,0,0,0,0,0,664,408,0.101309,0,0,0,0,0,0,0,0,0,1160,488,0.102536,0,0,0,1064,424,0.297288,0,0,0,0,0,0,0,0,0,0,0,0
1100,36.7033,680,528,0.149703,664,528,0.156136,672,520,0.208411,680,560,0.122359,664,576,0.184629,0,0,0,0,0,0,0,0,0,0,0,0,0,0,0,1040,400,0.373691,0,0,0,0,0,0,1048,408,0.36812,1072,720,0.210065
1105,36.8702,984,456,0.258097,992,448,0.286744,984,448,0.169094,672,512,0.167616,688,568,0.149307,0,0,0,0,0,0,0,0,0,0,0,0,0,0,0,0,0,0,0,0,0,0,0,0,0,0,0,0,0,0
1110,37.037,952,480,0.286547,968,480,0.304481,952,472,0.264074,0,0,0,0,0,0,0,0,0,0,0,0,0,0,0,0,0,0,0,0,0,0,0,0,0,0,0,0,0,0,0,0,0,0,0,0
1115,37.2038,656,368,0.71878,656,352,0.713572,632,360,0.820078,648,448,0.687038,624,376,0.392466,720,392,0.108004,776,368,0.69091,880,376,0.536077,944,472,0.152346,784,688,0.531538,856,816,0.180847,0,0,0,896,616,0.713443,992,616,0.3918,0,0,0
1120,37.3707,632,360,0.463252,640,352,0.496405,624,360,0.525099,640,456,0.332248,600,368,0.201896,0,0,0,744,416,0.29418,872,544,0.135574,0,0,0,776,720,0.515079,832,816,0.163398,0,0,0,880,648,0.452709,0,0,0,0,0,0
1125,37.5375,616,368,0.112479,624,360,0.111454,608,368,0.112597,0,0,0,0,0,0,0,0,0,0,0,0,0,0,0,0,0,0,0,0,0,0,0,0,0,0,0,0,0,0,0,0,0,0,0,0
1130,37.7043,0,0,0,0,0,0,0,0,0,0,0,0,0,0,0,0,0,0,0,0,0,0,0,0,0,0,0,0,0,0,0,0,0,0,0,0,0,0,0,0,0,0,0,0,0
1135,37.8712,0,0,0,0,0,0,0,0,0,0,0,0,0,0,0,0,0,0,0,0,0,0,0,0,0,0,0,0,0,0,0,0,0,0,0,0,0,0,0,0,0,0,0,0,0
1140,38.038,0,0,0,0,0,0,0,0,0,0,0,0,0,0,0,0,0,0,0,0,0,888,872,0.119981,0,0,0,0,0,0,0,0,0,0,0,0,0,0,0,0,0,0,0,0,0
1145,38.2048,0,0,0,0,0,0,0,0,0,0,0,0,0,0,0,0,0,0,0,0,0,0,0,0,0,0,0,0,0,0,0,0,0,0,0,0,0,0,0,0,0,0,0,0,0
1150,38.3717,0,0,0,0,0,0,0,0,0,0,0,0,0,0,0,0,0,0,0,0,0,0,0,0,0,0,0,0,0,0,0,0,0,0,0,0,0,0,0,0,0,0,0,0,0
1155,38.5385,0,0,0,0,0,0,0,0,0,0,0,0,0,0,0,0,0,0,0,0,0,0,0,0,0,0,0,0,0,0,0,0,0,0,0,0,0,0,0,0,0,0,0,0,0
1160,38.7053,0,0,0,0,0,0,0,0,0,0,0,0,0,0,0,0,0,0,0,0,0,0,0,0,0,0,0,0,0,0,0,0,0,0,0,0,0,0,0,0,0,0,0,0,0
1165,38.8722,0,0,0,0,0,0,0,0,0,0,0,0,0,0,0,0,0,0,0,0,0,0,0,0,0,0,0,0,0,0,0,0,0,0,0,0,0,0,0,0,0,0,0,0,0
1170,39.039,0,0,0,0,0,0,0,0,0,0,0,0,0,0,0,0,0,0,0,0,0,0,0,0,0,0,0,0,0,0,0,0,0,0,0,0,0,0,0,0,0,0,0,0,0
1175,39.2058,0,0,0,0,0,0,0,0,0,0,0,0,0,0,0,0,0,0,0,0,0,0,0,0,0,0,0,0,0,0,0,0,0,0,0,0,0,0,0,0,0,0,0,0,0
1180,39.3727,0,0,0,0,0,0,0,0,0,0,0,0,0,0,0,0,0,0,0,0,0,0,0,0,0,0,0,0,0,0,0,0,0,0,0,0,0,0,0,0,0,0,0,0,0
1185,39.5395,0,0,0,0,0,0,584,912,0.106487,0,0,0,0,0,0,0,0,0,0,0,0,0,0,0,0,0,0,0,0,0,0,0,0,0,0,0,0,0,0,0,0,0,0,0,0
1190,39.7063,720,488,0.470307,728,480,0.443398,704,488,0.520776,696,568,0.634533,640,632,0.220202,592,616,0.147192,808,504,0.428684,912,552,0.246906,936,592,0.108104,792,728,0.641576,856,864,0.181514,0,0,0,904,672,0.409007,952,792,0.115558,0,0,0
1195,39.8732,712,488,0.648251,720,472,0.633111,704,480,0.701512,680,576,0.676389,632,648,0.405107,592,608,0.271473,816,504,0.443149,880,544,0.118407,0,0,0,776,736,0.625424,848,856,0.112506,0,0,0,912,672,0.350399,0,0,0,0,0,0
1200,40.04,704,504,0.226743,704,496,0.198173,688,488,0.229667,696,560,0.266233,0,0,0,696,720,0.107913,752,520,0.147821,896,544,0.167464,0,0,0,800,696,0.372525,904,784,0.167363,0,0,0,920,624,0.409827,1000,712,0.312064,0,0,0
1205,40.2068,680,504,0.660879,688,496,0.648302,664,504,0.704479,656,568,0.636381,608,568,0.22988,616,528,0.160866,768,520,0.494798,864,528,0.200691,0,0,0,776,736,0.492298,840,792,0.11757,0,0,0,840,672,0.231136,0,0,0,0,0,0
1210,40.3737,688,520,0.198724,688,504,0.158574,680,512,0.229857,648,584,0.235168,656,592,0.116351,0,0,0,744,528,0.127551,0,0,0,0,0,0,760,744,0.117853,0,0,0,0,0,0,768,616,0.104388,0,0,0,0,0,0
1215,40.5405,0,0,0,0,0,0,0,0,0,0,0,0,0,0,0,0,0,0,0,0,0,0,0,0,0,0,0,760,488,0.109577,0,0,0,0,0,0,0,0,0,0,0,0,0,0,0
1220,40.7073,624,888,0.112794,0,0,0,616,896,0.127,0,0,0,0,0,0,0,0,0,0,0,0,0,0,0,0,0,0,0,0,0,0,0,0,0,0,0,0,0,0,0,0,0,0,0,0
1225,40.8742,728,464,0.14412,736,464,0.146257,728,472,0.134751,760,456,0.213916,712,472,0.168251,0,0,0,848,432,0.192263,872,432,0.185826,0,0,0,768,568,0.127666,0,0,0,0,0,0,864,560,0.17005,0,0,0,0,0,0
1230,41.041,0,0,0,728,464,0.109891,0,0,0,0,0,0,656,536,0.100636,0,0,0,0,0,0,0,0,0,0,0,0,0,0,0,0,0,0,0,0,0,0,0,0,0,0,0,0,0,0
1235,41.2078,704,544,0.207494,712,536,0.178041,696,544,0.217964,720,544,0.182468,688,600,0.240663,720,456,0.150493,0,0,0,0,0,0,0,0,0,728,648,0.228117,0,0,0,0,0,0,856,584,0.130538,0,0,0,0,0,0
1240,41.3747,704,528,0.241991,720,512,0.207192,688,536,0.291376,656,584,0.356501,664,560,0.254485,680,536,0.135757,744,536,0.226696,0,0,0,0,0,0,744,720,0.218772,0,0,0,0,0,0,808,656,0.100876,0,0,0,0,0,0
1245,41.5415,664,528,0.295059,664,504,0.283256,672,504,0.299206,656,608,0.31635,688,496,0.184511,688,464,0.131036,704,552,0.256507,752,520,0.159767,0,0,0,0,0,0,0,0,0,0,0,0,0,0,0,0,0,0,0,0,0
1250,41.7083,864,648,0.565277,872,616,0.468091,848,632,0.519007,784,672,0.260467,664,616,0.112007,0,0,0,944,608,0.421509,992,624,0.116171,0,0,0,0,0,0,0,0,0,1264,984,0.157903,0,0,0,0,0,0,0,0,0
1255,41.8752,0,0,0,0,0,0,0,0,0,0,0,0,0,0,0,0,0,0,936,632,0.110844,0,0,0,0,0,0,960,768,0.164621,0,0,0,1264,992,0.264418,984,768,0.131745,1096,880,0.261522,1232,984,0.117016
1260,42.042,856,640,0.58457,856,608,0.56372,824,624,0.58616,752,664,0.584506,808,696,0.1918,856,664,0.199273,904,616,0.505141,968,616,0.193176,1000,624,0.204207,912,808,0.131099,984,776,0.214061,1248,984,0.506339,968,776,0.168598,992,760,0.148363,1224,992,0.125095
1265,42.2088,0,0,0,0,0,0,0,0,0,0,0,0,0,0,0,0,0,0,0,0,0,0,0,0,0,0,0,0,0,0,1120,888,0.136453,1264,984,0.528357,0,0,0,0,0,0,0,0,0
1270,42.3757,0,0,0,0,0,0,0,0,0,0,0,0,0,0,0,0,0,0,0,0,0,0,0,0,0,0,0,0,0,0,0,0,0,0,0,0,0,0,0,0,0,0,0,0,0
1275,42.5425,0,0,0,0,0,0,0,0,0,0,0,0,0,0,0,0,0,0,0,0,0,0,0,0,0,0,0,0,0,0,0,0,0,0,0,0,0,0,0,0,0,0,0,0,0
1280,42.7093,0,0,0,0,0,0,0,0,0,648,624,0.147124,632,616,0.145571,0,0,0,808,520,0.137116,872,592,0.121797,0,0,0,0,0,0,0,0,0,1304,984,0.115463,0,0,0,0,0,0,0,0,0
1285,42.8762,0,0,0,0,0,0,0,0,0,0,0,0,0,0,0,0,0,0,0,0,0,0,0,0,0,0,0,0,0,0,0,0,0,0,0,0,0,0,0,0,0,0,0,0,0
1290,43.043,840,632,0.117387,0,0,0,800,632,0.117198,656,592,0.49614,600,600,0.250316,0,0,0,880,584,0.559032,976,712,0.529906,992,656,0.442084,776,792,0.198265,0,0,0,1272,984,0.153368,944,808,0.243224,0,0,0,0,0,0
1295,43.2098,880,480,0.127751,880,464,0.153061,848,464,0.108935,0,0,0,552,576,0.102171,0,0,0,0,0,0,0,0,0,0,0,0,0,0,0,0,0,0,0,0,0,0,0,0,0,0,0,0,0,0
1300,43.3767,0,0,0,0,0,0,0,0,0,0,0,0,0,0,0,0,0,0,0,0,0,0,0,0,0,0,0,0,0,0,0,0,0,0,0,0,0,0,0,0,0,0,0,0,0
1305,43.5435,640,512,0.485128,640,496,0.460786,624,512,0.445685,640,624,0.519925,512,592,0.732567,488,512,0.614368,720,528,0.371584,0,0,0,0,0,0,808,720,0.189874,0,0,0,0,0,0,808,616,0.153819,0,0,0,0,0,0
1310,43.7103,648,520,0.646892,648,504,0.648435,632,520,0.623172,648,624,0.659501,536,608,0.508503,488,536,0.502574,776,528,0.739093,880,576,0.228874,976,664,0.151274,872,752,0.433272,1040,792,0.422302,1144,912,0.252574,944,680,0.406554,1032,760,0.2394,0,0,0
1315,43.8772,616,504,0.843821,624,488,0.865821,592,504,0.824136,640,624,0.645748,536,600,0.39869,480,544,0.403471,768,528,0.745632,896,584,0.362787,864,648,0.274583,856,736,0.531948,1040,784,0.570189,1168,936,0.241768,928,680,0.637617,1048,776,0.636886,1208,952,0.481691
1320,44.044,616,520,0.86304,624,496,0.912881,592,520,0.850555,648,632,0.756507,496,576,0.743274,624,584,0.347229,784,520,0.891995,864,504,0.383168,920,584,0.104901,840,784,0.479811,0,0,0,1256,984,0.102711,928,688,0.496127,1040,824,0.250167,1208,952,0.151022
1325,44.2108,608,512,0.902792,616,488,0.943995,584,520,0.918437,632,632,0.735142,520,600,0.581672,440,528,0.350613,776,520,0.88293,880,528,0.368373,920,616,0.19916,840,776,0.483658,888,872,0.165248,0,0,0,920,680,0.538159,976,792,0.250746,0,0,0
1330,44.3777,608,512,0.859675,616,496,0.919364,584,520,0.841187,632,632,0.730897,536,608,0.715184,448,528,0.476784,776,528,0.842107,888,552,0.438946,760,536,0.253908,848,760,0.690941,920,864,0.248344,0,0,0,928,680,0.640385,1008,816,0.392094,1136,920,0.19613
1335,44.5445,608,512,0.915946,616,488,0.9553,584,512,0.87013,632,632,0.751598,496,584,0.733232,400,520,0.365819,792,520,0.871663,904,584,0.425812,936,616,0.290706,848,768,0.705653,904,920,0.158087,1280,992,0.293097,944,696,0.698956,1024,816,0.675303,1160,928,0.177417
1340,44.7113,608,520,0.927779,616,496,0.920549,584,520,0.882499,632,624,0.712062,512,592,0.664718,448,504,0.576251,784,520,0.876715,888,576,0.406177,904,608,0.289595,848,760,0.683305,904,912,0.206503,1280,992,0.293309,928,680,0.66905,1024,816,0.62189,1160,928,0.179337
1345,44.8782,608,520,0.932687,616,496,0.929513,584,520,0.901923,632,624,0.685915,520,600,0.654684,464,504,0.749623,784,520,0.879022,896,528,0.42461,912,592,0.147092,840,760,0.62553,976,840,0.121121,1272,992,0.328665,928,672,0.609089,1008,808,0.511157,1136,912,0.193649
1350,45.045,616,520,0.746804,616,504,0.807369,600,520,0.681307,648,624,0.709444,528,616,0.761315,440,512,0.600929,800,528,0.851314,896,536,0.370481,912,600,0.166209,840,760,0.557001,928,848,0.140557,1264,992,0.222759,936,680,0.475228,1016,424,0.608618,1088,576,0.339653
1355,45.2118,608,520,0.755653,616,504,0.800988,592,520,0.685796,648,624,0.714708,520,608,0.766762,464,504,0.749913,800,528,0.869968,904,576,0.362902,936,616,0.187592,848,760,0.645123,912,856,0.199009,1264,992,0.131048,936,680,0.635,1008,808,0.393229,1152,928,0.146605
1360,45.3787,616,512,0.54521,624,504,0.578081,608,512,0.526653,656,616,0.699086,520,616,0.744676,456,504,0.759985,792,528,0.798971,888,560,0.305585,920,600,0.176181,840,752,0.683954,936,840,0.159315,1256,992,0.204799,928,688,0.618805,1016,816,0.439773,1136,920,0.147732
1365,45.5455,608,512,0.959752,616,488,0.970985,584,520,0.880026,632,624,0.688172,520,608,0.772443,456,496,0.754863,784,520,0.851716,896,576,0.505286,944,632,0.193523,848,752,0.687095,1008,824,0.336802,1264,992,0.266515,928,680,0.600117,1024,816,0.427067,1128,920,0.15199
1370,45.7123,608,520,0.954867,616,488,0.99527,584,520,0.898088,640,624,0.713509,520,608,0.743102,472,504,0.752885,776,520,0.84649,888,568,0.490125,952,624,0.211752,848,752,0.674856,1016,832,0.3336,1256,992,0.281936,936,688,0.589801,1032,824,0.414375,1128,920,0.12165
1375,45.8792,608,512,0.963794,616,488,0.996102,576,520,0.915652,640,624,0.718225,520,608,0.720062,464,504,0.774829,784,520,0.856351,896,576,0.508656,936,608,0.208075,848,752,0.659467,1024,832,0.472715,1256,992,0.350433,936,688,0.595383,1040,824,0.405435,0,0,0
1380,46.046,608,520,0.96099,616,488,0.98139,576,520,0.936148,648,624,0.708722,520,616,0.710412,464,504,0.743931,784,520,0.881433,928,504,0.437547,920,616,0.220423,848,752,0.714528,1032,832,0.633228,1272,992,0.38997,944,688,0.533856,1024,424,0.634159,1120,624,0.228992
1385,46.2128,608,520,0.967253,616,488,0.99271,576,520,0.937517,640,624,0.726477,520,608,0.714607,464,496,0.679209,784,520,0.846047,896,536,0.420222,912,624,0.174423,848,752,0.677164,1024,824,0.608345,1264,992,0.338547,944,680,0.46625,1024,424,0.649862,1112,616,0.239392
1390,46.3797,608,520,0.976371,616,488,0.994014,576,520,0.935247,640,624,0.734443,520,608,0.698447,456,480,0.637145,784,520,0.864244,904,528,0.437272,912,616,0.187568,848,752,0.702529,1032,832,0.603728,1264,992,0.397109,936,672,0.484027,1024,424,0.690057,1128,632,0.399586
1395,46.5465,608,520,0.969061,616,488,0.999271,576,520,0.941547,632,624,0.761131,520,608,0.665483,456,480,0.643428,784,520,0.876975,904,536,0.394883,928,616,0.21067,848,752,0.680483,1032,832,0.600412,1264,992,0.4384,936,672,0.505337,1024,424,0.612366,1136,632,0.401426
1400,46.7133,608,520,0.967749,616,488,1.00422,584,520,0.925798,632,632,0.772723,512,600,0.609739,448,480,0.550179,776,520,0.870306,904,528,0.412334,920,616,0.216387,848,744,0.663783,1024,824,0.588518,1264,992,0.398919,936,680,0.475789,1024,424,0.664681,1136,632,0.461693
1405,46.8802,600,520,0.952421,616,488,0.978232,584,528,0.923868,632,632,0.775946,496,584,0.657887,448,496,0.424487,776,520,0.872052,904,536,0.418246,928,616,0.254742,848,752,0.704968,1024,832,0.531186,1264,992,0.421173,944,680,0.524656,1024,424,0.688743,1136,640,0.448714
1410,47.047,600,520,0.89243,616,496,0.965248,584,520,0.813607,632,632,0.747193,504,600,0.638547,456,480,0.497244,776,528,0.847594,880,536,0.432995,912,616,0.240208,856,752,0.6819,1032,832,0.545598,1264,992,0.282867,936,688,0.527449,1048,832,0.444592,0,0,0
1415,47.2138,600,520,0.893586,616,496,0.978669,576,528,0.829542,632,632,0.736681,512,600,0.637482,448,488,0.584441,776,528,0.820481,872,544,0.430303,912,624,0.206723,848,752,0.622529,1024,840,0.315693,1264,992,0.300509,928,696,0.559063,1040,832,0.543868,1128,920,0.14862
1420,47.3807,600,520,0.924958,616,496,0.998557,576,520,0.854295,632,632,0.720078,512,600,0.616634,448,496,0.586974,768,528,0.838226,864,536,0.435027,840,624,0.203098,840,760,0.597519,976,840,0.114209,1264,992,0.189854,928,688,0.561465,1032,824,0.422492,1128,920,0.145219
1425,47.5475,600,520,0.96605,616,488,0.964084,576,520,0.901286,624,632,0.699175,504,592,0.613645,448,480,0.64345,776,520,0.851111,896,552,0.43531,944,616,0.231768,840,760,0.568573,0,0,0,1264,992,0.216113,928,696,0.600016,1032,824,0.541311,1136,920,0.164456
1430,47.7143,600,520,0.959627,608,488,0.97055,576,520,0.903673,624,632,0.696638,512,600,0.640448,456,496,0.595523,776,528,0.861392,896,552,0.449522,832,632,0.237295,840,768,0.57031,912,920,0.111805,1256,992,0.184477,936,696,0.554866,1032,824,0.458378,1136,920,0.101024
1435,47.8812,600,520,0.951551,608,488,0.974162,576,520,0.895494,624,632,0.703837,504,592,0.619193,456,504,0.560946,776,528,0.867892,896,552,0.458715,832,632,0.226032,840,768,0.579976,0,0,0,1256,992,0.214607,936,696,0.558512,1032,824,0.4884,1128,920,0.109916
1440,48.048,600,528,0.949333,616,504,0.983316,576,528,0.888973,616,632,0.739806,488,584,0.762571,552,472,0.409434,776,528,0.87385,896,576,0.447621,816,648,0.38552,840,760,0.632715,1024,832,0.304108,1264,992,0.334874,928,672,0.592933,1040,824,0.481211,1152,920,0.129788
1445,48.2148,592,520,0.937052,608,496,0.999719,576,528,0.875298,624,632,0.743432,512,600,0.622792,456,496,0.44504,776,528,0.886579,896,568,0.447782,800,624,0.248151,848,752,0.663747,1024,824,0.548557,1264,992,0.40015,944,680,0.588086,1048,824,0.427499,1192,960,0.132749
1450,48.3817,600,520,0.928991,616,496,0.990772,576,528,0.882093,624,632,0.741589,512,600,0.649318,464,504,0.52721,776,528,0.879654,896,560,0.456404,800,624,0.214796,856,752,0.671708,1024,824,0.610337,1264,992,0.371983,944,672,0.608111,1024,432,0.348513,1104,640,0.15072
1455,48.5485,600,520,0.927765,608,488,0.964779,576,520,0.897065,616,632,0.73251,504,600,0.647776,464,480,0.518795,776,528,0.868303,896,568,0.474608,824,640,0.301646,848,760,0.601634,1024,832,0.456048,1264,992,0.413049,936,672,0.55852,1048,832,0.487562,1160,928,0.127325
1460,48.7153,600,520,0.927338,608,488,0.958358,576,528,0.895929,616,632,0.718189,504,600,0.681012,464,480,0.534469,776,528,0.870992,896,568,0.516277,824,640,0.336033,848,760,0.584554,1024,832,0.403975,1264,992,0.395274,936,680,0.56352,1048,832,0.502831,1160,928,0.134874
1465,48.8822,600,520,0.932304,608,496,0.973403,576,528,0.889228,624,632,0.697678,504,600,0.700025,456,480,0.460305,776,528,0.867811,896,568,0.47904,824,640,0.36649,848,760,0.569133,1032,832,0.45827,1264,992,0.396156,936,680,0.515216,1048,832,0.558678,1192,960,0.171819
1470,49.049,592,520,0.914318,608,496,0.973112,576,520,0.877866,624,632,0.691617,520,608,0.603316,464,504,0.502965,776,528,0.835603,896,552,0.508146,808,616,0.207983,864,760,0.531741,1040,832,0.659451,1264,992,0.412836,936,672,0.503094,1048,824,0.259359,0,0,0
1475,49.2158,592,520,0.909426,608,496,0.980045,576,520,0.855141,632,632,0.709003,528,616,0.584641,472,496,0.456294,776,528,0.844028,896,552,0.510963,888,616,0.166482,856,760,0.543972,1040,832,0.647225,1256,992,0.435714,944,672,0.443354,1056,824,0.234798,1048,752,0.107723
1480,49.3827,592,520,0.875005,608,496,0.985114,576,520,0.826716,616,624,0.693613,512,608,0.694401,504,488,0.458936,776,528,0.606145,912,528,0.344958,856,624,0.276463,864,752,0.632563,1032,832,0.632726,1256,992,0.348857,936,664,0.427161,1016,424,0.617602,1112,632,0.300497
1485,49.5495,592,520,0.87216,608,504,0.975961,576,520,0.861238,632,624,0.681589,512,600,0.616644,456,528,0.458865,768,528,0.56651,872,520,0.312878,752,560,0.23084,856,744,0.576267,1024,840,0.423064,1256,992,0.362068,920,640,0.382253,1016,416,0.748478,1112,640,0.306346
1490,49.7163,600,520,0.84838,608,504,0.974788,584,520,0.819872,632,624,0.676013,496,592,0.65242,536,504,0.282273,760,528,0.465929,840,504,0.29291,752,568,0.218187,856,736,0.480288,1024,832,0.37781,1136,912,0.282316,912,632,0.382145,1024,416,0.796145,1120,640,0.478013
1495,49.8832,600,520,0.872958,608,496,0.98944,584,520,0.857339,632,624,0.638665,504,608,0.630582,472,504,0.341789,768,528,0.4925,848,504,0.296899,752,560,0.256968,856,736,0.467137,1024,832,0.219671,1144,904,0.189527,920,640,0.404632,1024,416,0.814833,1120,640,0.510726
1500,50.05,592,520,0.866036,608,488,0.939735,576,520,0.843911,640,624,0.678493,512,600,0.648766,480,464,0.440639,776,520,0.717798,912,520,0.378683,888,616,0.162845,848,744,0.615518,1024,832,0.565587,1136,896,0.291609,928,640,0.485949,1024,416,0.788645,1128,640,0.468651
1505,50.2168,592,520,0.834882,600,496,0.939886,576,520,0.85482,632,624,0.721346,512,608,0.770752,504,472,0.552427,768,536,0.678753,904,576,0.60425,808,624,0.310103,856,760,0.602514,1032,840,0.473236,1264,992,0.304272,944,696,0.545046,1048,840,0.282762,1128,920,0.103343
1510,50.3837,592,520,0.851123,600,496,0.945006,576,520,0.884984,624,624,0.717867,520,624,0.765014,512,504,0.474395,776,528,0.748249,912,600,0.611492,768,568,0.443833,848,760,0.61427,1024,832,0.440447,1136,888,0.249856,936,688,0.643951,1032,832,0.269677,1136,920,0.184502
1515,50.5505,592,520,0.85926,600,496,0.9238,576,520,0.876837,632,624,0.714956,520,624,0.672531,504,520,0.231864,768,528,0.772381,896,584,0.504517,816,624,0.17582,848,760,0.524749,0,0,0,1264,992,0.111298,936,680,0.539458,1024,800,0.155017,1128,912,0.177806
1520,50.7173,592,520,0.859098,600,496,0.915105,576,520,0.884045,632,624,0.717372,520,624,0.588324,488,488,0.203761,768,528,0.755168,888,568,0.401803,888,624,0.170071,848,760,0.51977,0,0,0,1264,992,0.101926,928,672,0.469423,1032,424,0.290885,1112,640,0.125615
1525,50.8842,592,520,0.738284,600,504,0.793373,576,520,0.715925,640,624,0.68201,512,608,0.571727,480,464,0.481014,744,536,0.466553,896,600,0.344032,888,616,0.147426,840,768,0.459256,0,0,0,1264,992,0.110089,936,696,0.464668,0,0,0,0,0,0
1530,51.051,592,520,0.576234,600,504,0.634089,576,520,0.533207,656,616,0.531333,504,600,0.574957,488,488,0.268954,776,536,0.396623,800,536,0.289249,832,616,0.29396,848,760,0.496654,0,0,0,0,0,0,936,696,0.501887,0,0,0,0,0,0
1535,51.2178,720,568,0.325607,744,552,0.218807,712,568,0.38579,680,608,0.59711,584,640,0.278538,488,552,0.265221,800,560,0.363524,888,616,0.298924,824,648,0.201676,848,752,0.517832,1016,824,0.34609,1128,904,0.206607,920,688,0.454061,1024,664,0.225119,1032,760,0.104917
1540,51.3847,592,520,0.796486,608,504,0.829709,576,520,0.74744,648,632,0.684936,528,608,0.498766,520,496,0.397806,768,536,0.624313,840,512,0.388142,752,544,0.275805,856,752,0.561132,1056,408,0.287905,0,0,0,936,672,0.433923,1056,424,0.4721,1032,752,0.131685
1545,51.5515,712,576,0.36978,720,560,0.270706,696,576,0.404425,648,632,0.574857,544,632,0.535579,536,512,0.367027,792,576,0.239441,904,624,0.129722,0,0,0,864,776,0.235314,0,0,0,0,0,0,904,672,0.186637,0,0,0,0,0,0
1550,51.7183,584,512,0.709264,592,496,0.723681,568,512,0.673742,624,624,0.518392,496,576,0.417121,456,480,0.378989,744,552,0.368931,792,576,0.244207,840,624,0.126498,840,744,0.323333,696,616,0.152365,0,0,0,896,664,0.349549,0,0,0,0,0,0
1555,51.8852,728,568,0.440424,744,552,0.343135,704,568,0.51725,672,624,0.508617,544,640,0.480138,488,496,0.411913,808,576,0.315546,848,592,0.202824,840,648,0.120114,848,760,0.368611,0,0,0,0,0,0,920,672,0.324657,0,0,0,0,0,0
1560,52.052,600,520,0.921901,608,496,0.993907,576,520,0.901063,640,632,0.718127,544,640,0.600407,528,480,0.472799,752,528,0.745907,848,528,0.347862,0,0,0,848,760,0.58147,928,880,0.105371,0,0,0,928,672,0.62907,1032,616,0.196018,0,0,0
1565,52.2188,592,520,0.921809,608,488,0.989643,576,528,0.904349,640,632,0.747389,536,632,0.631077,488,464,0.51708,760,528,0.7682,856,536,0.416603,0,0,0,848,760,0.427149,0,0,0,0,0,0,936,672,0.539263,1024,696,0.17085,0,0,0
1570,52.3857,592,520,0.906431,608,496,1.0082,576,528,0.896767,640,632,0.726565,536,640,0.694285,480,464,0.749781,752,544,0.715561,840,536,0.316928,952,672,0.134432,856,760,0.52287,0,0,0,0,0,0,936,680,0.536749,0,0,0,0,0,0
1575,52.5525,600,520,0.817772,608,496,0.927134,584,520,0.810287,640,632,0.700964,536,632,0.741979,480,480,0.68213,752,536,0.543586,808,496,0.240523,768,520,0.154177,856,768,0.426746,0,0,0,1296,992,0.197897,952,712,0.336715,1104,832,0.296306,1272,992,0.409793
1580,52.7193,600,520,0.829545,608,496,0.958203,576,528,0.831717,632,640,0.723778,536,632,0.727916,480,520,0.6552,752,544,0.708492,824,520,0.327876,816,488,0.143434,848,768,0.409186,0,0,0,1296,992,0.161291,936,688,0.458945,1096,832,0.557734,1264,984,0.465501
1585,52.8862,600,520,0.866447,608,496,0.982324,584,528,0.866946,632,632,0.719919,528,624,0.742863,464,536,0.505773,752,528,0.774039,832,504,0.378784,752,584,0.119939,840,768,0.319657,0,0,0,1296,992,0.309207,936,696,0.369092,0,0,0,0,0,0
1590,53.053,592,520,0.849771,600,488,0.955759,576,520,0.866595,632,632,0.707406,528,632,0.646859,488,512,0.523357,760,528,0.825166,872,536,0.406747,912,632,0.227069,856,760,0.47608,1088,856,0.218892,1288,992,0.249673,928,672,0.511781,1088,856,0.393856,1224,960,0.125894
1595,53.2198,592,520,0.842391,600,496,0.930225,584,520,0.848046,632,632,0.747228,520,624,0.675734,496,512,0.493914,768,528,0.772301,872,528,0.406569,912,624,0.234161,856,760,0.548096,1080,848,0.417015,1288,992,0.283081,936,680,0.551594,1088,856,0.419702,1256,992,0.211922
1600,53.3867,592,520,0.841882,600,496,0.923608,576,520,0.877686,632,632,0.702106,520,624,0.628469,520,528,0.189027,760,528,0.741531,840,512,0.440475,872,616,0.13992,856,768,0.401077,0,0,0,0,0,0,936,696,0.402789,1064,840,0.556744,1232,960,0.367236
1605,53.5535,600,520,0.804179,608,504,0.907274,592,520,0.78187,640,632,0.754095,536,640,0.708519,488,512,0.479446,752,536,0.748433,832,512,0.413672,768,592,0.134239,848,768,0.475771,0,0,0,0,0,0,928,704,0.410705,1072,840,0.53529,1232,960,0.390634
1610,53.7203,600,520,0.800965,608,496,0.896749,584,520,0.842335,624,624,0.704782,520,616,0.62682,512,456,0.176929,760,528,0.801973,840,512,0.451926,840,616,0.254159,832,760,0.535609,1048,840,0.137798,1272,992,0.334203,904,680,0.498958,1056,832,0.340614,1248,976,0.11578
1615,53.8872,600,520,0.80901,608,496,0.925452,584,520,0.834173,632,624,0.746813,536,632,0.687344,496,464,0.192595,760,528,0.785538,840,528,0.383499,856,632,0.242676,840,760,0.523287,1056,832,0.295,1256,984,0.491544,920,704,0.513249,1064,840,0.602966,1232,968,0.226323
1620,54.054,600,528,0.771316,608,504,0.878663,584,528,0.800035,632,624,0.759934,544,640,0.605715,504,488,0.138301,760,536,0.808665,840,512,0.455424,848,624,0.298483,864,768,0.542976,1080,848,0.528175,1256,984,0.505145,936,696,0.594281,1080,848,0.418523,1232,976,0.163464
1625,54.2208,600,528,0.792682,608,504,0.884176,592,528,0.768462,640,632,0.779483,544,640,0.667456,512,464,0.514292,760,528,0.843905,840,504,0.491005,856,616,0.181355,848,760,0.618419,1080,848,0.52612,1256,984,0.517483,928,688,0.583125,1072,840,0.512914,1264,1000,0.18818
1630,54.3877,600,536,0.825434,608,504,0.913897,584,536,0.818037,640,632,0.772794,528,616,0.64,496,464,0.455182,760,528,0.838645,840,504,0.434189,856,616,0.15986,848,760,0.632424,1072,840,0.401631,1256,984,0.423661,928,688,0.624962,1072,840,0.584717,1240,984,0.212199
1635,54.5545,600,520,0.712989,608,504,0.813064,584,520,0.717614,640,624,0.694231,544,640,0.519868,488,464,0.39045,752,544,0.650394,824,512,0.408466,840,624,0.2002,856,776,0.44446,1064,840,0.371257,1248,984,0.537879,928,704,0.372818,1072,848,0.585266,1232,984,0.250721
1640,54.7213,600,520,0.717552,608,504,0.807513,592,520,0.693064,632,624,0.655037,544,640,0.453479,504,464,0.418257,744,544,0.561203,816,528,0.262149,832,648,0.232218,848,768,0.411624,1080,848,0.395057,1248,984,0.579294,904,688,0.353641,1072,848,0.446457,1248,992,0.202667
1645,54.8882,600,520,0.397197,608,504,0.454261,592,520,0.382998,648,624,0.582456,544,640,0.495493,824,664,0.170656,760,552,0.366174,840,528,0.236565,848,632,0.188277,864,768,0.398466,1080,848,0.519266,1256,976,0.562385,912,696,0.331724,1080,848,0.473459,1240,992,0.292459
1650,55.055,592,520,0.329181,600,512,0.377375,584,528,0.310272,672,608,0.392818,552,648,0.596898,520,544,0.349758,800,568,0.254901,912,624,0.218244,840,656,0.258824,848,760,0.349448,1088,856,0.400436,1256,984,0.587597,896,688,0.328658,1080,848,0.421895,1256,992,0.261403
1655,55.2218,720,568,0.20967,600,512,0.184248,712,576,0.228484,704,592,0.26405,552,656,0.574995,512,536,0.378266,848,600,0.215718,912,640,0.19622,840,672,0.172836,864,768,0.223353,1088,864,0.267744,1256,984,0.46402,936,744,0.177983,1080,856,0.401161,1240,984,0.25329
1660,55.3887,600,520,0.427839,600,512,0.47904,584,520,0.408132,648,616,0.579903,544,648,0.675328,488,504,0.54838,736,544,0.345895,800,576,0.214488,832,648,0.169478,872,776,0.32893,1088,856,0.385296,1256,984,0.553741,944,752,0.219248,1088,856,0.379257,1256,992,0.204035
1665,55.5555,600,520,0.485429,600,504,0.544281,584,520,0.466237,640,616,0.516368,544,640,0.672444,488,480,0.584155,736,552,0.364375,800,576,0.18741,824,648,0.147788,864,768,0.332261,1088,856,0.438028,1256,984,0.575443,912,696,0.22005,1088,856,0.268125,1256,984,0.158625
1670,55.7223,592,520,0.817156,600,504,0.892259,584,520,0.823066,624,624,0.680016,512,608,0.531068,488,512,0.358496,752,528,0.72085,840,504,0.561594,760,584,0.223521,864,760,0.471459,1080,856,0.621813,1248,984,0.612675,912,664,0.456786,1088,856,0.283479,1256,992,0.213302
1675,55.8892,592,520,0.820567,600,504,0.914558,576,520,0.818816,624,632,0.680192,512,616,0.559722,488,488,0.224812,744,544,0.749638,840,512,0.503041,840,616,0.204637,872,768,0.444407,1088,856,0.679465,1248,976,0.677983,912,664,0.428471,1088,856,0.261903,1256,992,0.206931
1680,56.056,600,536,0.888015,616,512,0.946933,584,536,0.836528,624,632,0.766424,512,616,0.632421,512,528,0.209292,752,552,0.843275,848,520,0.474715,856,616,0.104331,864,760,0.562002,1080,840,0.666182,1256,984,0.588057,928,680,0.512733,1080,840,0.292548,1232,984,0.11831
1685,56.2228,600,536,0.85703,608,512,0.916803,584,536,0.787639,624,632,0.733958,520,632,0.632003,488,528,0.284796,752,552,0.791083,848,512,0.486295,792,616,0.114694,872,752,0.499661,1080,848,0.675732,1256,984,0.57808,920,664,0.491785,1088,848,0.204503,0,0,0
1690,56.3897,600,536,0.822618,608,520,0.873818,592,536,0.777608,624,632,0.70095,512,616,0.568707,520,496,0.196631,752,552,0.740972,840,504,0.465078,752,584,0.121745,872,760,0.462319,1080,848,0.692143,1256,984,0.608154,920,664,0.424149,1088,856,0.224743,0,0,0
1695,56.5565,600,528,0.884727,608,512,0.977608,584,536,0.842214,624,632,0.702226,528,632,0.625445,472,536,0.473024,752,552,0.785892,840,512,0.510692,752,528,0.236242,872,760,0.490943,1080,848,0.762407,1256,984,0.608987,928,672,0.430733,1080,848,0.229097,1280,1016,0.102504
1700,56.7233,592,536,0.905592,608,512,1.01092,576,536,0.853749,624,632,0.723405,520,632,0.694063,472,528,0.482005,752,552,0.822999,848,520,0.464958,752,520,0.116605,880,760,0.532047,1080,848,0.789763,1256,984,0.598704,936,672,0.50074,1088,856,0.161266,0,0,0
1705,56.8902,592,528,0.910997,608,504,1.01073,584,536,0.860881,624,632,0.731277,512,632,0.704039,480,520,0.333607,752,544,0.816133,840,512,0.532857,848,616,0.136767,872,760,0.518883,1080,848,0.772128,1256,984,0.577943,928,672,0.499602,1088,848,0.173805,0,0,0
1710,57.057,592,520,0.875231,600,504,0.953274,576,520,0.849467,624,632,0.681159,528,640,0.60989,480,536,0.377831,752,544,0.708616,856,512,0.560917,760,584,0.176125,856,744,0.446768,1088,848,0.309756,1256,984,0.480073,904,640,0.487345,1008,576,0.138099,0,0,0
1715,57.2238,592,520,0.820495,608,504,0.920046,584,520,0.787623,624,632,0.653475,528,632,0.576338,472,536,0.47486,752,544,0.707625,840,504,0.51332,824,592,0.149283,856,744,0.445936,1088,848,0.313123,1256,984,0.508312,904,640,0.4518,1032,544,0.177665,1240,984,0.119523
1720,57.3907,592,528,0.842574,600,504,0.935028,584,528,0.850538,632,632,0.671398,520,632,0.563812,616,608,0.167033,768,536,0.761777,864,504,0.460984,808,592,0.19014,864,760,0.568817,1080,848,0.584973,1256,984,0.461656,928,656,0.481369,1056,520,0.318698,1248,984,0.306189
1725,57.5575,592,528,0.927178,600,504,0.980181,576,528,0.925,632,632,0.660234,520,632,0.579253,488,528,0.20471,768,528,0.80461,888,520,0.486578,872,624,0.210405,872,760,0.613301,1080,848,0.629601,1256,984,0.468039,936,656,0.492308,1048,528,0.305905,1248,992,0.310824
1730,57.7243,592,520,0.910971,600,496,0.99711,576,520,0.914562,632,632,0.724291,520,624,0.653729,488,528,0.264141,760,536,0.789926,864,512,0.486167,752,528,0.203103,864,760,0.583553,1080,848,0.466641,1256,984,0.482797,920,656,0.503071,1080,856,0.389795,1248,992,0.292348
1735,57.8912,584,520,0.91826,600,496,1.00175,568,520,0.92429,624,632,0.715816,520,624,0.611703,488,520,0.200013,760,536,0.771774,864,512,0.469838,752,528,0.175052,864,760,0.586442,1080,856,0.489992,1256,984,0.502625,920,656,0.513096,1080,856,0.332711,1248,992,0.249737
1740,58.058,600,536,0.843113,608,512,0.894275,584,536,0.832983,624,632,0.668323,520,616,0.502436,616,616,0.12499,760,560,0.778814,840,528,0.360627,768,520,0.184317,880,768,0.526634,1080,848,0.714992,1256,984,0.626738,952,696,0.410038,1088,856,0.197393,1256,1000,0.169526
1745,58.2248,600,536,0.821547,608,520,0.869922,584,536,0.805965,632,640,0.613564,528,616,0.502313,616,624,0.152787,768,560,0.778553,904,632,0.306,824,656,0.200266,888,776,0.548129,1088,856,0.704743,1256,984,0.596209,952,704,0.466033,1088,856,0.241438,1256,1000,0.191027
1750,58.3917,600,536,0.832923,608,520,0.880691,584,536,0.81507,632,632,0.615405,520,616,0.523582,616,616,0.130837,760,560,0.766295,840,536,0.266069,832,648,0.107233,880,776,0.51483,1088,856,0.650528,1256,984,0.58969,952,712,0.436783,1080,856,0.369608,1256,1000,0.20411
1755,58.5585,592,528,0.851735,600,504,0.950315,584,528,0.874949,632,632,0.671815,512,616,0.545965,496,520,0.184338,760,544,0.822309,864,536,0.366263,792,512,0.123443,872,768,0.527484,1088,856,0.596823,1264,984,0.62471,952,704,0.46304,1080,856,0.332996,1240,992,0.128179
1760,58.7253,592,528,0.859734,600,504,0.949774,584,528,0.88359,632,632,0.689742,520,616,0.535787,504,528,0.226089,760,544,0.815043,856,528,0.31846,0,0,0,872,776,0.524707,1088,856,0.591971,1264,984,0.624055,952,704,0.469863,1080,856,0.341932,1240,992,0.128849
1765,58.8922,592,528,0.854684,600,504,0.943108,584,528,0.866612,632,632,0.691549,512,616,0.589937,512,544,0.235619,760,552,0.817946,856,528,0.352726,0,0,0,872,776,0.473429,1088,856,0.540594,1264,984,0.591896,952,704,0.417736,1088,856,0.334267,1248,992,0.138236
1770,59.059,600,528,0.753296,608,512,0.820312,592,528,0.747436,640,616,0.558267,544,632,0.337454,512,552,0.15318,744,544,0.565322,816,512,0.295298,696,584,0.116032,840,760,0.326344,1088,856,0.245967,1264,984,0.548377,888,664,0.295095,0,0,0,1248,984,0.101735
1775,59.2258,720,552,0.403177,736,544,0.290567,712,552,0.439889,672,608,0.502867,576,632,0.308689,504,552,0.150055,792,560,0.366633,824,512,0.261645,856,624,0.100986,856,760,0.364733,1080,848,0.480708,1256,984,0.565777,904,688,0.277503,1080,856,0.183052,1256,992,0.184669
1780,59.3927,720,560,0.469046,736,544,0.375048,704,560,0.544092,680,608,0.553862,528,640,0.37155,488,544,0.227291,800,560,0.424544,832,504,0.3837,832,568,0.211203,864,760,0.415551,1080,848,0.486804,1256,984,0.578063,928,704,0.332995,1080,856,0.22521,1240,992,0.118695
1785,59.5595,728,560,0.599261,744,544,0.509569,712,560,0.648141,696,608,0.591122,672,576,0.242361,720,552,0.153964,808,568,0.46222,832,496,0.419033,800,536,0.251218,872,752,0.467923,1080,856,0.640391,1256,984,0.660623,944,696,0.388392,1088,856,0.146787,0,0,0
1790,59.7263,728,568,0.503417,736,560,0.437692,712,568,0.571723,696,616,0.524893,680,592,0.299253,712,560,0.152057,808,584,0.387438,832,528,0.283939,0,0,0,864,768,0.446656,1088,856,0.511932,1256,984,0.590458,944,712,0.358311,1080,856,0.210989,0,0,0
1795,59.8932,728,568,0.424966,744,552,0.360043,720,568,0.48583,704,616,0.445393,680,608,0.222246,720,552,0.103845,808,568,0.372234,832,520,0.331916,848,568,0.113603,872,752,0.540349,1088,848,0.708228,1256,984,0.671699,952,696,0.421879,0,0,0,0,0,0
1800,60.06,600,520,0.424575,608,504,0.475925,592,520,0.398845,664,616,0.419987,528,640,0.231147,504,456,0.229419,776,552,0.367123,816,504,0.305405,744,528,0.124876,872,752,0.610926,1080,848,0.699989,1264,992,0.610589,960,688,0.362637,0,0,0,0,0,0
1805,60.2268,728,560,0.157284,752,544,0.120835,616,520,0.111219,720,592,0.183302,800,528,0.116499,0,0,0,768,568,0.182525,832,544,0.204884,0,0,0,888,752,0.504714,1088,856,0.678141,1264,992,0.654426,960,728,0.277161,1088,864,0.214813,0,0,0
1810,60.3937,608,512,0.176049,616,512,0.169349,600,512,0.170769,656,568,0.10047,544,536,0.148132,0,0,0,696,560,0.119539,0,0,0,0,0,0,696,672,0.243627,512,624,0.117176,1264,992,0.367726,0,0,0,0,0,0,1256,984,0.170947
1815,60.5605,600,504,0.391789,616,496,0.392017,592,504,0.397833,632,600,0.222763,528,640,0.263332,624,624,0.134564,712,552,0.294859,816,544,0.161954,0,0,0,712,696,0.274031,1088,856,0.379032,1256,992,0.555897,768,664,0.150448,1080,864,0.170541,1240,992,0.108402
1820,60.7273,608,504,0.32077,624,504,0.335556,600,504,0.335099,656,592,0.220316,520,640,0.166853,512,456,0.11711,728,552,0.302727,816,528,0.21065,0,0,0,880,760,0.291664,1088,856,0.354184,1256,992,0.545755,904,696,0.168248,1080,864,0.190817,1232,992,0.115618
1825,60.8942,616,496,0.266819,632,496,0.256315,608,496,0.285496,656,584,0.181162,520,640,0.205639,632,640,0.118787,712,552,0.198071,808,536,0.156672,0,0,0,904,760,0.21829,1088,856,0.41181,1256,992,0.59622,944,752,0.146574,1088,856,0.101453,0,0,0
1830,61.061,592,512,0.831405,608,496,0.912114,584,520,0.735894,648,632,0.653987,504,624,0.756261,512,456,0.559458,768,528,0.637478,848,504,0.38653,880,616,0.162853,872,768,0.521791,1072,848,0.587289,1256,992,0.554882,952,680,0.556561,1032,640,0.203905,1232,1000,0.126167
1835,61.2278,592,520,0.821636,608,496,0.918065,576,520,0.852385,632,632,0.652765,512,624,0.667137,488,456,0.492072,768,528,0.678752,848,512,0.439072,800,600,0.248379,864,768,0.554389,1064,840,0.417687,1264,992,0.401863,944,688,0.586281,1040,656,0.313242,1232,992,0.219859
1840,61.3947,600,512,0.792925,608,488,0.87526,584,520,0.793362,656,632,0.628797,520,632,0.68663,512,552,0.51097,768,528,0.65102,856,512,0.373782,920,624,0.232161,872,768,0.586311,1080,856,0.563608,1248,984,0.436586,944,680,0.556066,1032,664,0.347817,0,0,0
1845,61.5615,600,512,0.841436,616,488,0.958562,584,512,0.82738,648,624,0.699378,520,632,0.655749,512,544,0.434491,760,528,0.734128,848,504,0.441031,824,600,0.25598,856,760,0.612436,1080,856,0.643999,1248,984,0.42159,936,680,0.621914,1040,672,0.352852,0,0,0
1850,61.7283,600,504,0.826053,616,488,0.942047,584,512,0.831475,640,632,0.715276,520,632,0.660084,496,448,0.451823,768,528,0.772833,864,512,0.452568,904,624,0.274637,864,760,0.663781,1072,848,0.554443,1240,984,0.392597,944,672,0.634707,1088,528,0.191105,1152,680,0.22412
1855,61.8952,616,504,0.69694,624,496,0.769523,608,512,0.674004,656,632,0.749565,520,632,0.689376,512,552,0.476981,768,536,0.67359,864,512,0.41372,848,608,0.32021,872,760,0.602887,1080,848,0.646202,1240,984,0.439778,944,672,0.633203,1088,528,0.196338,1152,680,0.1883
1860,62.062,632,512,0.334402,648,504,0.363983,632,520,0.358306,656,624,0.566723,504,632,0.523033,496,552,0.32935,768,568,0.385263,840,528,0.255145,856,600,0.101834,872,752,0.547366,1080,856,0.543678,1248,984,0.380344,928,680,0.459466,1032,656,0.215937,0,0,0
1865,62.2288,696,560,0.378529,688,544,0.330866,688,560,0.415774,672,616,0.568487,520,640,0.218819,520,576,0.176468,784,576,0.373479,848,528,0.252051,856,608,0.141514,864,752,0.558958,1080,856,0.415969,1248,984,0.305349,928,680,0.489859,1024,656,0.162664,1248,984,0.115867
1870,62.3957,736,576,0.341508,736,560,0.228384,720,568,0.412241,696,616,0.426374,688,632,0.29271,832,672,0.230617,808,576,0.233244,904,608,0.196147,0,0,0,872,752,0.517254,1080,848,0.419476,1248,984,0.357291,936,680,0.494281,1016,656,0.167055,1248,976,0.131386
1875,62.5625,704,576,0.342092,696,568,0.258791,704,576,0.394521,696,624,0.451666,712,680,0.21301,632,624,0.151181,816,568,0.271743,896,608,0.25573,0,0,0,872,760,0.440809,1080,864,0.122597,1256,992,0.227888,936,680,0.451114,1088,856,0.127888,1240,984,0.126298
1880,62.7293,744,576,0.335953,768,560,0.264114,736,568,0.42581,712,616,0.398043,688,648,0.285133,784,696,0.187494,824,576,0.275823,896,608,0.20666,0,0,0,872,752,0.386464,656,624,0.153945,1256,992,0.192799,936,680,0.406762,1080,856,0.123103,1248,976,0.12046
1885,62.8962,744,560,0.409194,760,544,0.306632,736,560,0.500147,712,608,0.472771,704,680,0.323381,800,696,0.234868,816,552,0.401674,856,520,0.233874,0,0,0,872,752,0.489464,664,632,0.253693,1256,984,0.193633,936,680,0.515509,1024,656,0.154196,1248,984,0.156354
1890,63.063,696,568,0.414045,688,552,0.329799,696,560,0.446004,688,624,0.550394,624,632,0.257183,688,632,0.251657,792,552,0.532935,840,504,0.267145,848,616,0.118571,872,752,0.591288,1056,848,0.379317,1240,984,0.321319,936,680,0.588559,1032,648,0.282111,1240,976,0.135063
1895,63.2298,728,592,0.381618,744,568,0.301317,736,576,0.432352,712,624,0.400223,672,624,0.291755,712,616,0.167531,816,592,0.300467,888,608,0.193424,0,0,0,880,752,0.480107,1064,840,0.39659,1248,984,0.350457,944,680,0.438567,1032,648,0.185598,0,0,0
1900,63.3967,736,584,0.347091,744,568,0.278177,728,576,0.392901,712,616,0.36275,632,616,0.262942,688,616,0.314063,816,584,0.256397,848,536,0.17509,0,0,0,880,752,0.420834,1056,840,0.284899,1248,984,0.399026,936,680,0.335253,0,0,0,0,0,0
1905,63.5635,728,576,0.383862,744,560,0.320155,728,568,0.440124,720,608,0.376128,672,608,0.267992,680,616,0.23248,816,584,0.306299,848,528,0.191998,0,0,0,880,744,0.40838,664,640,0.224648,1248,984,0.384554,920,672,0.33538,0,0,0,0,0,0
1910,63.7303,728,568,0.487091,736,552,0.423143,728,560,0.581857,720,608,0.527713,712,688,0.264271,680,616,0.203319,808,560,0.460934,864,504,0.284368,832,576,0.176425,872,752,0.398951,664,632,0.280645,1256,984,0.13143,936,680,0.405974,1032,640,0.139795,0,0,0
1915,63.8972,744,568,0.456648,752,552,0.414603,736,560,0.53743,728,608,0.425479,672,600,0.241023,672,624,0.219342,816,576,0.36114,864,520,0.207156,0,0,0,872,744,0.364679,664,640,0.192349,1256,984,0.144473,928,680,0.384272,1056,568,0.127334,0,0,0
1920,64.064,672,528,0.536944,672,512,0.538232,656,528,0.589835,672,624,0.700514,704,704,0.291862,672,632,0.294046,792,544,0.812833,856,512,0.473558,808,592,0.200616,872,752,0.559483,992,824,0.107607,0,0,0,944,672,0.566849,1040,640,0.232511,0,0,0
1925,64.2308,664,520,0.578183,664,512,0.563044,648,520,0.606297,672,624,0.62951,704,696,0.261351,672,632,0.293346,784,544,0.788075,848,512,0.377775,792,592,0.192262,872,744,0.544045,1048,832,0.224467,1256,992,0.121667,936,672,0.51213,1040,648,0.2372,0,0,0
1930,64.3977,712,552,0.292154,688,528,0.244893,712,552,0.322732,688,624,0.499132,608,632,0.210772,664,624,0.405881,792,552,0.436463,848,504,0.271386,848,592,0.120335,872,744,0.520914,1048,840,0.185653,1256,992,0.173079,936,680,0.448187,1040,648,0.199687,0,0,0
1935,64.5645,696,536,0.409102,688,520,0.356566,680,536,0.426945,680,624,0.592472,608,616,0.276578,672,624,0.383047,784,560,0.569369,848,504,0.281519,0,0,0,880,752,0.577259,1056,840,0.308382,1256,992,0.358287,944,680,0.510832,1040,648,0.249373,0,0,0
1940,64.7313,656,512,0.669602,664,496,0.686637,640,512,0.66865,656,624,0.691979,528,608,0.388625,656,624,0.438928,776,552,0.763198,848,496,0.409527,792,600,0.229326,872,752,0.667152,1072,848,0.672561,1240,984,0.607536,944,680,0.657834,1040,640,0.261742,0,0,0
1945,64.8982,664,512,0.589908,672,504,0.571973,648,512,0.585562,664,616,0.638025,576,616,0.265609,656,616,0.462193,776,552,0.686819,840,496,0.344747,784,560,0.16786,880,752,0.582584,1072,840,0.626719,1240,984,0.589885,944,680,0.527932,1040,640,0.224637,0,0,0
1950,65.065,760,560,0.281464,776,544,0.246705,752,552,0.324906,720,600,0.362752,672,616,0.281066,664,624,0.295957,816,576,0.319344,856,528,0.165639,0,0,0,888,752,0.475166,1080,848,0.643367,1240,984,0.626724,944,688,0.373598,1024,648,0.122213,0,0,0
1955,65.2318,744,560,0.293212,752,552,0.257332,744,560,0.333654,712,600,0.326938,672,608,0.22489,664,624,0.244384,816,576,0.318906,848,528,0.181467,0,0,0,880,744,0.413182,1080,848,0.635932,1240,984,0.608232,944,696,0.28477,1080,856,0.183596,0,0,0
1960,65.3987,752,576,0.210704,768,568,0.187745,752,568,0.232889,728,608,0.188664,688,624,0.176739,664,632,0.20683,816,592,0.188027,0,0,0,0,0,0,880,752,0.325242,1072,840,0.534033,1232,976,0.587932,952,744,0.217684,1072,848,0.382475,1224,992,0.119225
1965,65.5655,744,576,0.228561,752,560,0.167536,744,568,0.232482,712,608,0.269761,680,624,0.22924,664,624,0.125703,808,584,0.286952,856,536,0.139173,0,0,0,880,752,0.391246,1072,840,0.544324,1240,976,0.54476,952,720,0.233567,1080,848,0.408686,1224,992,0.133312
1970,65.7323,744,576,0.211681,752,560,0.154731,744,568,0.224858,704,608,0.308077,680,632,0.19019,656,624,0.199877,808,584,0.322682,856,584,0.112739,0,0,0,880,744,0.414948,1080,848,0.560139,1240,984,0.616031,944,696,0.297788,1080,848,0.263458,0,0,0
1975,65.8992,744,576,0.233164,760,560,0.170486,744,568,0.249523,712,608,0.290788,672,624,0.193493,656,624,0.148554,816,592,0.29437,0,0,0,0,0,0,880,752,0.434473,1072,840,0.612435,1240,984,0.620923,952,688,0.331706,1088,440,0.284213,1160,664,0.305126
1980,66.066,672,536,0.329898,680,528,0.297852,664,528,0.312938,688,616,0.367012,640,616,0.171521,712,608,0.153999,800,584,0.330493,856,576,0.115345,0,0,0,888,760,0.445473,1064,840,0.570417,1232,968,0.581369,944,696,0.329486,0,0,0,0,0,0
1985,66.2328,672,536,0.52986,680,528,0.506641,664,536,0.549642,688,624,0.533999,632,608,0.232701,672,616,0.18283,800,576,0.500955,840,512,0.2587,744,576,0.170997,888,760,0.444555,1072,848,0.461772,1240,976,0.449047,944,688,0.356256,1088,856,0.124813,0,0,0
1990,66.3997,672,536,0.553453,680,536,0.541692,664,536,0.580947,672,616,0.551509,680,680,0.192269,664,624,0.160095,792,560,0.57584,840,504,0.341603,760,568,0.369066,888,752,0.474502,1064,840,0.476853,1232,976,0.464964,944,680,0.436999,0,0,0,0,0,0
1995,66.5665,672,528,0.655916,680,520,0.629699,656,528,0.69859,672,608,0.567966,680,680,0.243796,640,616,0.187569,776,560,0.541788,840,504,0.302622,760,560,0.289003,872,744,0.329407,1056,832,0.233115,1232,976,0.343558,896,680,0.328308,0,0,0,0,0,0
2000,66.7333,672,528,0.764374,672,520,0.763838,656,528,0.838333,656,608,0.577044,672,688,0.214718,624,616,0.114101,768,552,0.682667,848,504,0.396418,760,560,0.416096,880,744,0.468152,664,640,0.28243,1208,952,0.215131,920,672,0.417647,0,0,0,1152,656,0.102431
2005,66.9002,664,528,0.718522,672,520,0.721502,656,528,0.768297,672,616,0.540558,712,688,0.18891,592,592,0.156257,776,560,0.620883,840,496,0.387777,784,560,0.275342,888,752,0.51574,1064,840,0.37807,1240,984,0.379697,936,672,0.429816,1088,472,0.321512,1160,672,0.498185
2010,67.067,672,536,0.494026,672,528,0.467935,656,536,0.52304,680,608,0.537571,728,664,0.246757,792,664,0.286068,792,576,0.484343,864,616,0.181662,696,584,0.110685,872,744,0.3631,0,0,0,0,0,0,904,680,0.26592,0,0,0,0,0,0
2015,67.2338,664,528,0.681135,664,520,0.68295,648,528,0.740373,664,608,0.514185,584,616,0.208046,800,656,0.290374,768,560,0.613218,856,568,0.203744,696,584,0.105313,864,736,0.451238,984,792,0.136948,0,0,0,912,664,0.294583,0,0,0,0,0,0
2020,67.4007,664,528,0.768214,672,512,0.78086,648,528,0.845587,656,608,0.591604,584,624,0.221362,592,592,0.17745,776,560,0.743949,848,528,0.345404,784,520,0.150567,856,744,0.360383,0,0,0,0,0,0,904,664,0.338657,0,0,0,0,0,0
2025,67.5675,672,528,0.617286,672,520,0.604273,656,528,0.630769,680,616,0.505268,584,608,0.193883,776,656,0.119169,784,552,0.637253,856,504,0.276797,824,608,0.201892,856,744,0.402402,992,800,0.158086,0,0,0,904,664,0.389567,1040,608,0.161866,0,0,0
2030,67.7343,672,536,0.439304,680,528,0.410975,672,544,0.44763,680,616,0.50644,704,688,0.2896,776,656,0.206941,808,560,0.48279,880,584,0.274071,760,600,0.133303,848,736,0.351803,656,600,0.191822,0,0,0,904,664,0.372604,1032,560,0.132926,0,0,0
2035,67.9012,664,512,0.345386,672,512,0.313501,640,512,0.339428,680,600,0.216185,576,512,0.163382,552,480,0.160929,776,560,0.281185,792,576,0.147491,0,0,0,680,648,0.220162,0,0,0,0,0,0,880,672,0.142275,0,0,0,0,0,0
2040,68.068,656,512,0.181121,672,504,0.15437,648,512,0.194749,760,616,0.149827,512,632,0.296548,584,616,0.121768,840,600,0.157495,0,0,0,0,0,0,680,664,0.295976,1056,832,0.203225,1232,984,0.326872,712,640,0.133448,1064,832,0.170912,0,0,0
2045,68.2348,672,520,0.6596,680,512,0.693813,656,520,0.705163,648,616,0.493535,520,640,0.379876,672,616,0.289702,768,560,0.660698,848,544,0.282439,728,592,0.130438,872,768,0.287457,1056,832,0.352273,1224,984,0.335061,920,680,0.249901,1024,616,0.114748,0,0,0
2050,68.4017,680,520,0.254236,688,504,0.268739,672,512,0.27993,696,608,0.278987,616,632,0.254152,688,616,0.139792,784,576,0.271366,920,480,0.108467,0,0,0,880,768,0.25895,1056,832,0.343781,1224,984,0.261389,896,672,0.107575,1096,424,0.4478,0,0,0
2055,68.5685,664,520,0.248934,664,504,0.231284,656,520,0.243364,696,616,0.30001,632,632,0.192431,712,616,0.120617,784,576,0.245881,0,0,0,0,0,0,912,752,0.114955,1104,416,0.137837,0,0,0,0,0,0,1096,416,0.211892,0,0,0
2060,68.7353,656,504,0.196688,656,496,0.169305,656,512,0.181241,696,616,0.200419,680,664,0.126114,0,0,0,800,584,0.166584,0,0,0,0,0,0,864,736,0.136618,672,608,0.187183,1232,984,0.146192,0,0,0,1088,416,0.140459,0,0,0
2065,68.9022,664,520,0.527525,664,512,0.529586,648,520,0.545747,680,624,0.475103,600,624,0.229186,720,624,0.162467,800,576,0.599821,888,616,0.330277,816,632,0.245997,896,760,0.34375,1056,832,0.44724,1224,976,0.265939,928,688,0.297003,1088,424,0.195821,0,0,0
2070,69.069,672,512,0.552572,672,504,0.548264,656,512,0.565516,672,624,0.468017,632,632,0.151625,760,648,0.154923,808,568,0.577723,888,616,0.246415,840,648,0.21157,888,768,0.291573,1048,832,0.159844,1248,992,0.315215,944,672,0.213455,1096,424,0.509747,1160,656,0.260471
2075,69.2358,672,528,0.47516,680,520,0.461186,664,528,0.469951,672,624,0.470942,632,632,0.20655,0,0,0,800,568,0.614685,896,624,0.226253,840,648,0.136204,888,760,0.42209,1048,832,0.399445,1240,984,0.270638,944,688,0.331293,1024,664,0.111681,0,0,0
2080,69.4027,664,520,0.706367,672,504,0.765855,648,520,0.742938,656,616,0.630174,576,640,0.22256,760,648,0.12398,800,560,0.751926,880,600,0.291545,832,632,0.189163,872,752,0.430482,1048,832,0.307576,1240,984,0.174182,928,688,0.373287,1024,656,0.152237,0,0,0
2085,69.5695,680,536,0.435148,680,520,0.43704,664,536,0.462696,672,632,0.579225,608,632,0.242443,728,656,0.11246,808,568,0.65406,864,568,0.242837,840,632,0.165292,880,760,0.380216,1048,832,0.304993,1240,984,0.23975,936,696,0.319711,0,0,0,0,0,0
2090,69.7363,672,528,0.620155,672,512,0.651293,656,528,0.651357,672,624,0.601874,664,680,0.18562,728,672,0.122522,800,568,0.782503,864,560,0.333125,816,624,0.213882,896,760,0.530083,1056,832,0.641044,1232,984,0.423418,952,680,0.468325,1048,640,0.120707,0,0,0
2095,69.9032,672,536,0.52473,680,520,0.53779,664,536,0.55087,672,632,0.631819,696,656,0.213088,776,664,0.198,808,576,0.647263,872,560,0.303182,856,632,0.132588,896,760,0.547016,1056,832,0.63012,1232,984,0.431072,952,680,0.441652,1048,632,0.138645,0,0,0
2100,70.07,664,528,0.673094,664,512,0.670773,648,528,0.707941,672,640,0.628154,592,624,0.230561,760,648,0.246529,808,568,0.775087,880,608,0.42793,912,648,0.148888,880,768,0.500794,1048,832,0.471709,1208,968,0.357609,936,680,0.400278,1032,632,0.15076,0,0,0
2105,70.2368,656,536,0.6894,664,512,0.710079,648,536,0.71936,672,640,0.665785,584,624,0.262813,752,632,0.363485,816,560,0.796783,936,560,0.546705,856,624,0.229061,896,760,0.514356,1040,832,0.571216,1216,976,0.357456,952,648,0.396193,1096,424,0.831085,1160,664,0.383037
2110,70.4037,664,528,0.573016,664,512,0.597384,656,528,0.578577,680,640,0.618919,592,640,0.206665,744,632,0.321976,824,560,0.740778,944,560,0.460169,952,624,0.220207,904,760,0.64737,1056,832,0.760397,1224,976,0.627418,968,640,0.418727,1104,424,0.753345,1160,680,0.562158
2115,70.5705,664,512,0.609269,672,496,0.661402,656,520,0.625278,672,632,0.643256,712,656,0.288744,760,632,0.407625,808,560,0.750427,936,560,0.469335,856,624,0.233266,896,752,0.622402,1056,832,0.653288,1232,984,0.569962,960,640,0.314502,1096,424,0.803984,1160,672,0.392167
2120,70.7373,656,512,0.667047,672,504,0.702142,648,520,0.696891,672,632,0.649095,712,656,0.228393,584,480,0.187874,808,560,0.798386,936,568,0.4774,856,616,0.126065,888,760,0.56641,1056,832,0.670479,1232,984,0.626386,952,640,0.267935,1096,424,0.867731,1160,672,0.297642
2125,70.9042,664,496,0.723826,672,488,0.788133,648,504,0.763195,672,632,0.609762,576,552,0.211119,584,472,0.353503,808,560,0.765018,936,560,0.516206,864,616,0.149001,896,760,0.604512,1048,832,0.675176,1224,976,0.535493,952,640,0.320703,1104,424,0.774491,1056,752,0.19435
2130,71.071,672,528,0.659303,680,512,0.657085,656,528,0.682979,680,632,0.556672,584,624,0.246396,624,624,0.263674,800,568,0.580135,936,568,0.423031,832,640,0.315032,880,760,0.461677,1056,832,0.618343,1232,984,0.601641,952,680,0.318369,1112,424,0.170982,1056,752,0.103322
2135,71.2378,672,536,0.451327,680,520,0.447426,656,536,0.457502,680,616,0.443157,592,640,0.235883,816,656,0.333317,768,576,0.513774,864,560,0.287461,0,0,0,872,744,0.480018,1048,840,0.422573,1248,984,0.412296,920,656,0.252481,1080,488,0.245938,1232,992,0.262991
2140,71.4047,688,560,0.386031,688,536,0.380272,680,568,0.392657,696,632,0.526739,720,664,0.311626,816,672,0.475496,808,576,0.367033,872,568,0.270772,720,592,0.102997,880,760,0.478834,1064,840,0.616449,1240,984,0.538851,952,680,0.287364,1080,488,0.194731,1056,752,0.110437
2145,71.5715,704,616,0.282358,704,600,0.249167,696,608,0.339947,736,656,0.232357,696,640,0.367408,816,672,0.621939,0,0,0,0,0,0,0,0,0,872,744,0.430546,1072,848,0.504578,1232,984,0.620666,936,664,0.150208,1088,480,0.247702,1048,760,0.15604
2150,71.7383,664,512,0.400727,664,496,0.433935,648,512,0.397934,664,608,0.415292,592,648,0.233641,808,672,0.192432,776,568,0.539065,848,568,0.33046,864,640,0.157802,872,760,0.506207,1056,840,0.466991,1232,984,0.543334,952,688,0.218566,1080,848,0.282273,1224,992,0.207542
2155,71.9052,664,536,0.252889,664,512,0.234133,648,536,0.215894,672,600,0.283692,680,656,0.254243,816,672,0.339648,768,576,0.367304,768,576,0.221496,0,0,0,864,752,0.429108,1056,832,0.392967,1240,984,0.506947,976,760,0.127883,1064,832,0.125833,0,0,0
2160,72.072,672,544,0.289452,672,528,0.262909,664,544,0.282762,680,608,0.435434,648,616,0.278035,608,616,0.184381,784,568,0.515798,872,568,0.31382,712,600,0.132684,888,768,0.563925,1064,840,0.553097,1240,992,0.367066,952,672,0.416694,1080,512,0.270718,1056,752,0.152393
2165,72.2388,664,528,0.665057,664,512,0.695661,648,536,0.69823,640,624,0.62262,560,664,0.493512,616,608,0.563898,776,568,0.760788,872,568,0.419226,848,624,0.334774,872,760,0.582279,1064,840,0.709413,1240,992,0.467825,920,648,0.311259,1080,520,0.256574,0,0,0
2170,72.4057,696,608,0.311408,680,528,0.253632,688,608,0.335855,688,632,0.519431,728,664,0.436703,816,664,0.537147,832,584,0.362397,880,608,0.283249,856,640,0.201009,872,760,0.46665,1072,840,0.6456,1240,992,0.485076,936,704,0.280799,0,0,0,0,0,0
2175,72.5725,656,520,0.419306,664,504,0.447789,648,520,0.433306,664,616,0.569268,560,672,0.330636,608,624,0.2655,792,568,0.537116,896,608,0.416173,832,632,0.330109,864,760,0.490944,1056,832,0.574291,1240,984,0.387515,920,672,0.393662,1040,584,0.209941,0,0,0
2180,72.7393,664,528,0.72233,672,512,0.766609,648,528,0.736032,648,616,0.59598,560,680,0.322386,600,624,0.33764,792,568,0.644494,888,600,0.36441,848,632,0.307928,848,760,0.443038,1056,840,0.42903,1232,984,0.259077,928,680,0.404298,1048,640,0.136239,0,0,0
2185,72.9062,664,536,0.385798,664,520,0.417925,656,536,0.376763,672,616,0.468782,688,680,0.313501,792,664,0.397254,800,576,0.391485,880,600,0.29369,848,632,0.181027,848,752,0.397272,1048,832,0.361573,1240,992,0.200452,904,664,0.337722,1048,640,0.168667,0,0,0
2190,73.073,680,576,0.267642,680,552,0.224577,680,576,0.300534,672,632,0.515676,544,696,0.245565,616,488,0.188103,808,584,0.320853,888,616,0.243101,864,624,0.167972,864,752,0.50399,1048,840,0.591152,1168,928,0.440496,928,672,0.416184,1048,576,0.151386,1048,744,0.103194
2195,73.2398,688,600,0.149903,688,592,0.135361,688,600,0.16418,720,600,0.21029,680,640,0.213577,784,664,0.117788,0,0,0,0,0,0,0,0,0,872,752,0.255175,1056,840,0.27683,1248,992,0.351175,0,0,0,0,0,0,0,0,0
2200,73.4067,664,544,0.373727,664,536,0.389005,648,544,0.364636,648,616,0.360388,592,648,0.195286,608,504,0.229394,768,576,0.403734,816,568,0.281799,752,584,0.104479,864,752,0.303781,1040,840,0.178108,1232,984,0.113543,904,656,0.235631,1056,824,0.155545,1224,984,0.130165
2205,73.5735,664,536,0.78441,672,512,0.838759,648,528,0.775898,616,624,0.790117,536,704,0.697905,600,504,0.622495,768,560,0.87809,864,552,0.570624,792,608,0.209675,840,752,0.351728,1040,832,0.34446,1248,984,0.394195,912,648,0.32793,1120,424,0.165684,0,0,0
2210,73.7403,656,520,0.699026,664,504,0.779649,640,520,0.765678,632,624,0.654728,544,704,0.4661,616,624,0.353932,784,560,0.838033,872,552,0.368517,800,616,0.208342,872,752,0.500409,1040,832,0.57991,1232,984,0.484164,936,640,0.357022,1112,432,0.314279,1040,736,0.110426
2215,73.9072,656,528,0.72106,656,504,0.786324,632,520,0.784077,624,632,0.731159,536,704,0.683936,616,624,0.426606,784,560,0.864292,896,552,0.490627,816,624,0.257629,864,768,0.439255,1048,840,0.338632,1240,984,0.352074,960,680,0.375043,1088,488,0.106474,0,0,0
2220,74.074,648,528,0.689923,648,512,0.754292,632,528,0.778196,640,624,0.628389,560,680,0.191178,584,512,0.201963,800,552,0.805793,944,552,0.465231,856,616,0.142589,880,760,0.525608,1040,840,0.458285,1208,968,0.447728,968,672,0.515256,1096,480,0.280959,1216,984,0.210561
2225,74.2408,656,528,0.75444,664,520,0.765925,648,536,0.775783,648,616,0.717788,688,712,0.290751,576,496,0.380716,776,560,0.834603,872,544,0.433355,800,616,0.219689,872,760,0.558882,1032,832,0.466774,1184,944,0.33651,952,672,0.432322,1048,648,0.195599,1224,984,0.170504
2230,74.4077,664,544,0.501895,664,536,0.462836,656,544,0.535172,672,616,0.56349,688,704,0.30465,808,664,0.268166,784,560,0.622857,848,544,0.285552,720,584,0.139075,872,752,0.600782,1048,832,0.593773,1232,984,0.478154,960,680,0.342598,1048,632,0.151491,0,0,0
2235,74.5745,664,536,0.62747,664,520,0.6437,648,536,0.680649,648,624,0.60142,552,688,0.266105,576,528,0.263324,776,560,0.751615,896,552,0.407776,920,624,0.170221,872,760,0.52787,1032,832,0.306954,1256,992,0.255664,960,680,0.389717,1048,640,0.192364,1064,792,0.187808
2240,74.7413,656,536,0.721344,664,512,0.721581,640,536,0.791846,632,624,0.669788,552,688,0.223618,584,632,0.145932,784,560,0.818061,880,560,0.412519,808,616,0.2197,864,768,0.430831,1024,832,0.216585,1248,992,0.200849,952,680,0.33765,1048,640,0.16003,1056,792,0.142519
2245,74.9082,648,528,0.677783,656,512,0.732319,640,528,0.751235,640,616,0.729572,568,672,0.45123,512,688,0.382781,776,560,0.832379,872,552,0.375487,800,616,0.2868,872,760,0.498652,1048,840,0.460166,1216,976,0.331018,944,680,0.381466,1096,464,0.148737,1200,960,0.178167
2250,75.075,672,552,0.529686,672,536,0.497778,656,544,0.600555,640,624,0.647766,560,696,0.42192,520,688,0.402535,800,568,0.656297,872,552,0.322834,832,640,0.300157,872,760,0.590959,1048,824,0.736932,1184,944,0.682572,960,696,0.406998,1048,648,0.184866,0,0,0
2255,75.2418,672,552,0.485271,680,544,0.462815,664,552,0.524703,664,616,0.548744,616,600,0.276713,704,600,0.189068,768,576,0.36974,888,608,0.178274,1192,712,0.123661,848,768,0.419679,1056,832,0.476361,1200,952,0.445565,944,744,0.223207,1072,848,0.350739,1216,968,0.129956
2260,75.4087,664,544,0.5242,672,536,0.542931,656,544,0.583844,680,624,0.555187,608,600,0.302385,696,624,0.204692,808,584,0.497353,864,584,0.298424,856,624,0.14186,880,768,0.570775,1040,824,0.620711,1208,968,0.462209,952,704,0.363199,0,0,0,0,0,0
2265,75.5755,688,568,0.367372,680,544,0.334872,664,560,0.404923,688,624,0.508787,600,592,0.234753,696,600,0.163359,816,576,0.475544,888,608,0.226849,848,648,0.107651,872,768,0.559649,1048,832,0.602541,1208,968,0.466562,952,712,0.412688,1048,832,0.168671,0,0,0
2270,75.7423,680,568,0.345569,680,552,0.281848,664,568,0.363005,672,624,0.467897,528,728,0.349243,560,648,0.326668,776,584,0.397997,856,584,0.218121,704,600,0.112576,856,768,0.408106,1040,824,0.239268,1176,928,0.218813,952,696,0.185857,0,0,0,0,0,0
2275,75.9092,792,608,0.215023,800,600,0.179199,784,608,0.242546,768,632,0.218016,752,648,0.123403,0,0,0,856,608,0.15077,0,0,0,0,0,0,856,768,0.277395,0,0,0,1160,920,0.158246,0,0,0,0,0,0,0,0,0
2280,76.076,0,0,0,0,0,0,0,0,0,744,600,0.105744,680,648,0.123504,0,0,0,0,0,0,0,0,0,0,0,0,832,736,0.103817,0,0,0,0,0,0,0,0,0,0,0,0,0,0,0
2285,76.2428,672,560,0.472969,680,552,0.427988,664,560,0.491336,672,624,0.474615,560,704,0.284193,512,704,0.399972,768,584,0.328623,800,568,0.247587,816,640,0.17115,872,768,0.406337,1056,832,0.439201,1224,984,0.274804,944,704,0.308452,0,0,0,0,0,0
2290,76.4097,664,560,0.43014,664,544,0.392542,648,560,0.472959,640,624,0.602109,560,696,0.368536,512,704,0.453689,784,568,0.385422,872,608,0.21236,832,632,0.158059,872,784,0.280235,1040,824,0.360451,1160,920,0.195385,944,712,0.287866,1048,824,0.133953,0,0,0
2295,76.5765,0,0,0,0,0,0,0,0,0,0,0,0,0,0,0,0,0,0,0,0,0,0,0,0,0,0,0,0,0,0,0,0,0,0,0,0,0,0,0,0,0,0,0,0,0
2300,76.7433,728,600,0.123334,720,592,0.10467,720,592,0.114615,0,0,0,640,632,0.154631,0,0,0,0,0,0,0,0,0,0,0,0,880,752,0.26582,1056,832,0.247521,1160,912,0.194481,0,0,0,0,0,0,0,0,0
2305,76.9102,672,544,0.488378,672,536,0.494639,664,544,0.525707,664,608,0.477888,584,672,0.215307,520,704,0.181642,760,576,0.416345,848,576,0.200978,696,592,0.122532,832,752,0.326381,0,0,0,0,0,0,912,696,0.134041,0,0,0,0,0,0
2310,77.077,672,552,0.305552,680,544,0.263459,664,552,0.307262,664,600,0.234595,592,680,0.166258,0,0,0,752,560,0.205203,728,584,0.104565,0,0,0,744,688,0.218258,0,0,0,0,0,0,0,0,0,0,0,0,0,0,0
2315,77.2438,808,608,0.231152,816,592,0.23274,800,600,0.253064,792,640,0.127584,776,664,0.137418,816,656,0.143365,888,616,0.16333,0,0,0,0,0,0,864,768,0.343094,0,0,0,0,0,0,944,752,0.152445,0,0,0,0,0,0
2320,77.4107,720,600,0.236856,712,584,0.214627,720,600,0.222706,728,632,0.173566,728,656,0.192814,776,672,0.198877,816,616,0.101346,0,0,0,0,0,0,856,768,0.325891,0,0,0,0,0,0,944,736,0.134328,0,0,0,0,0,0
2325,77.5775,736,608,0.27928,728,592,0.197229,728,608,0.304957,728,672,0.307734,736,688,0.145201,784,680,0.227077,840,600,0.115334,0,0,0,0,0,0,856,768,0.234447,0,0,0,0,0,0,912,744,0.10852,0,0,0,0,0,0
2330,77.7443,664,552,0.450807,672,544,0.460777,656,560,0.487731,672,632,0.525369,608,648,0.355054,816,664,0.254673,768,584,0.368925,920,600,0.316137,792,640,0.132392,880,768,0.600166,1072,832,0.829229,1168,928,0.324612,960,712,0.358631,1064,840,0.233289,0,0,0
2335,77.9112,728,608,0.184506,712,592,0.145862,736,600,0.211464,736,648,0.252287,680,632,0.140938,776,664,0.118257,0,0,0,0,0,0,0,0,0,848,752,0.271806,0,0,0,0,0,0,936,712,0.105301,0,0,0,0,0,0
2340,78.078,0,0,0,704,584,0.105044,0,0,0,0,0,0,0,0,0,0,0,0,0,0,0,0,0,0,0,0,0,720,688,0.139899,0,0,0,0,0,0,0,0,0,0,0,0,0,0,0
2345,78.2448,808,608,0.200704,824,600,0.19882,800,608,0.211568,784,672,0.146428,0,0,0,0,0,0,0,0,0,0,0,0,0,0,0,0,0,0,0,0,0,0,0,0,0,0,0,1072,832,0.197998,1184,936,0.369645
2350,78.4117,0,0,0,0,0,0,0,0,0,0,0,0,0,0,0,0,0,0,0,0,0,0,0,0,0,0,0,0,0,0,0,0,0,0,0,0,0,0,0,0,0,0,0,0,0
2355,78.5785,656,560,0.123739,800,592,0.123004,784,600,0.141666,0,0,0,624,632,0.182734,0,0,0,0,0,0,0,0,0,0,0,0,872,824,0.124495,0,0,0,0,0,0,0,0,0,0,0,0,0,0,0
2360,78.7453,0,0,0,0,0,0,0,0,0,0,0,0,0,0,0,0,0,0,0,0,0,0,0,0,0,0,0,0,0,0,0,0,0,0,0,0,0,0,0,0,0,0,0,0,0
2365,78.9122,0,0,0,0,0,0,0,0,0,0,0,0,0,0,0,0,0,0,0,0,0,0,0,0,0,0,0,0,0,0,0,0,0,0,0,0,0,0,0,0,0,0,0,0,0
2370,79.079,0,0,0,0,0,0,0,0,0,0,0,0,0,0,0,0,0,0,0,0,0,0,0,0,0,0,0,0,0,0,1080,832,0.192814,1184,928,0.24174,0,0,0,1088,832,0.113258,0,0,0
2375,79.2458,0,0,0,0,0,0,0,0,0,0,0,0,0,0,0,0,0,0,0,0,0,0,0,0,0,0,0,0,0,0,0,0,0,0,0,0,0,0,0,0,0,0,0,0,0
2380,79.4127,648,560,0.404731,656,544,0.367711,632,560,0.418456,648,624,0.438208,576,712,0.411892,520,688,0.350568,752,568,0.332892,0,0,0,0,0,0,792,744,0.273902,0,0,0,0,0,0,0,0,0,0,0,0,0,0,0
2385,79.5795,0,0,0,0,0,0,0,0,0,0,0,0,0,0,0,0,0,0,0,0,0,0,0,0,0,0,0,0,0,0,0,0,0,0,0,0,0,0,0,0,0,0,0,0,0
2390,79.7463,656,552,0.776957,664,544,0.729673,640,552,0.783635,632,640,0.677279,568,720,0.585544,496,696,0.563705,752,576,0.399073,760,560,0.131099,0,0,0,784,760,0.188229,0,0,0,0,0,0,840,720,0.11244,0,0,0,0,0,0
2395,79.9132,640,560,0.636426,648,544,0.594002,624,552,0.675067,624,640,0.609901,568,712,0.544018,496,712,0.507666,736,576,0.289356,0,0,0,0,0,0,752,736,0.265358,0,0,0,0,0,0,800,664,0.15933,0,0,0,0,0,0
2400,80.08,648,552,0.494961,656,536,0.44354,632,544,0.497464,624,640,0.396083,504,720,0.321057,520,704,0.240754,744,584,0.227562,0,0,0,0,0,0,760,752,0.139629,0,0,0,0,0,0,0,0,0,0,0,0,0,0,0
2405,80.2468,0,0,0,0,0,0,0,0,0,0,0,0,552,712,0.117952,0,0,0,0,0,0,0,0,0,0,0,0,0,0,0,0,0,0,0,0,0,0,0,0,0,0,0,0,0,0
2410,80.4137,648,560,0.354427,664,544,0.289217,640,560,0.352497,640,632,0.312677,608,664,0.273937,600,656,0.144629,752,576,0.142576,0,0,0,0,0,0,0,0,0,0,0,0,0,0,0,0,0,0,0,0,0,0,0,0
2415,80.5805,632,544,0.443066,632,520,0.415817,624,544,0.477214,632,640,0.463865,584,704,0.318912,576,680,0.207734,768,560,0.346594,0,0,0,0,0,0,0,0,0,1136,464,0.150061,0,0,0,0,0,0,0,0,0,0,0,0
2420,80.7473,0,0,0,0,0,0,0,0,0,0,0,0,0,0,0,0,0,0,0,0,0,0,0,0,0,0,0,0,0,0,0,0,0,0,0,0,0,0,0,0,0,0,0,0,0
2425,80.9142,648,544,0.689139,648,512,0.663224,624,536,0.731119,632,640,0.664065,584,696,0.271522,584,680,0.199985,792,560,0.768092,888,584,0.333471,800,624,0.197374,864,768,0.42291,1056,800,0.499348,1192,952,0.451069,936,736,0.446864,1056,808,0.312096,1216,960,0.200291
2430,81.081,0,0,0,0,0,0,0,0,0,0,0,0,0,0,0,0,0,0,0,0,0,0,0,0,0,0,0,0,0,0,0,0,0,0,0,0,0,0,0,0,0,0,0,0,0
2435,81.2478,664,576,0.117902,680,568,0.102688,656,576,0.109761,0,0,0,640,640,0.100278,0,0,0,0,0,0,0,0,0,0,0,0,0,0,0,0,0,0,0,0,0,0,0,0,0,0,0,0,0,0
2440,81.4147,664,560,0.180657,664,544,0.145766,656,560,0.145251,696,600,0.172807,0,0,0,0,0,0,784,568,0.182743,0,0,0,0,0,0,752,728,0.154624,688,640,0.157401,0,0,0,0,0,0,0,0,0,0,0,0
2445,81.5815,640,528,0.575766,640,504,0.581366,632,536,0.577993,640,640,0.624282,560,736,0.488636,592,672,0.312814,784,560,0.546011,864,600,0.176932,0,0,0,776,752,0.209061,0,0,0,0,0,0,832,656,0.119548,0,0,0,0,0,0
2450,81.7483,640,528,0.607362,640,504,0.642395,632,528,0.593751,648,640,0.606074,536,720,0.340448,616,664,0.340935,792,560,0.71876,896,576,0.332788,784,616,0.132838,816,760,0.141844,0,0,0,0,0,0,944,736,0.217746,1088,824,0.156818,1176,936,0.405276
2455,81.9152,616,528,0.399585,616,504,0.418295,616,528,0.376374,648,632,0.344056,600,688,0.260348,608,656,0.192637,752,560,0.220044,0,0,0,0,0,0,744,736,0.164476,0,0,0,0,0,0,0,0,0,0,0,0,0,0,0
2460,82.082,656,584,0.270819,672,576,0.214215,656,584,0.274475,656,624,0.218505,624,640,0.174945,608,680,0.187488,0,0,0,0,0,0,0,0,0,728,704,0.299782,800,712,0.14984,896,760,0.179664,784,664,0.177934,0,0,0,0,0,0
