frame,time_sec,status,seizure_signal,seizure_source,current_risk,cj_prob,cj_age_sec,alert_latched
1,0.0333667,INITIALISING,0,INITIALISING,0,,,0
2,0.0667333,INITIALISING,0,INITIALISING,0,,,0
3,0.1001,INITIALISING,0,INITIALISING,0,,,0
4,0.133467,INITIALISING,0,INITIALISING,0,,,0
5,0.166833,INITIALISING,0,INITIALISING,0,,,0
6,0.2002,INITIALISING,0,INITIALISING,0,,,0
7,0.233567,INITIALISING,0,INITIALISING,0,,,0
8,0.266933,INITIALISING,0,INITIALISING,0,,,0
9,0.3003,INITIALISING,0,INITIALISING,0,,,0
10,0.333667,INITIALISING,0,INITIALISING,0,,,0
11,0.367033,INITIALISING,0,INITIALISING,0,,,0
12,0.4004,INITIALISING,0,INITIALISING,0,,,0
13,0.433767,INITIALISING,0,INITIALISING,0,,,0
14,0.467133,INITIALISING,0,INITIALISING,0,,,0
15,0.5005,INITIALISING,0,INITIALISING,0,,,0
16,0.533867,INITIALISING,0,INITIALISING,0,,,0
17,0.567233,INITIALISING,0,INITIALISING,0,,,0
18,0.6006,INITIALISING,0,INITIALISING,0,,,0
19,0.633967,INITIALISING,0,INITIALISING,0,,,0
20,0.667333,INITIALISING,0,INITIALISING,0,,,0
21,0.7007,INITIALISING,0,INITIALISING,0,,,0
22,0.734067,INITIALISING,0,INITIALISING,0,,,0
23,0.767433,INITIALISING,0,INITIALISING,0,,,0
24,0.8008,INITIALISING,0,INITIALISING,0,,,0
25,0.834167,INITIALISING,0,INITIALISING,0,,,0
26,0.867533,INITIALISING,0,INITIALISING,0,,,0
27,0.9009,INITIALISING,0,INITIALISING,0,,,0
28,0.934267,INITIALISING,0,INITIALISING,0,,,0
29,0.967633,INITIALISING,0,INITIALISING,0,,,0
30,1.001,INITIALISING,0,INITIALISING,0,,,0
31,1.03437,INITIALISING,0,INITIALISING,0,,,0
32,1.06773,INITIALISING,0,INITIALISING,0,,,0
33,1.1011,INITIALISING,0,INITIALISING,0,,,0
34,1.13447,INITIALISING,0,INITIALISING,0,,,0
35,1.16783,INITIALISING,0,INITIALISING,0,,,0
36,1.2012,INITIALISING,0,INITIALISING,0,,,0
37,1.23457,INITIALISING,0,INITIALISING,0,,,0
38,1.26793,INITIALISING,0,INITIALISING,0,,,0
39,1.3013,INITIALISING,0,INITIALISING,0,,,0
40,1.33467,INITIALISING,0,INITIALISING,0,,,0
41,1.36803,INITIALISING,0,INITIALISING,0,,,0
42,1.4014,INITIALISING,0,INITIALISING,0,,,0
43,1.43477,INITIALISING,0,INITIALISING,0,,,0
44,1.46813,INITIALISING,0,INITIALISING,0,,,0
45,1.5015,INITIALISING,0,INITIALISING,0,,,0
46,1.53487,INITIALISING,0,INITIALISING,0,,,0
47,1.56823,INITIALISING,0,INITIALISING,0,,,0
48,1.6016,INITIALISING,0,INITIALISING,0,,,0
49,1.63497,INITIALISING,0,INITIALISING,0,,,0
50,1.66833,INITIALISING,0,INITIALISING,0,,,0
51,1.7017,INITIALISING,0,INITIALISING,0,,,0
52,1.73507,INITIALISING,0,INITIALISING,0,,,0
53,1.76843,INITIALISING,0,INITIALISING,0,,,0
54,1.8018,INITIALISING,0,INITIALISING,0,,,0
55,1.83517,INITIALISING,0,INITIALISING,0,,,0
56,1.86853,INITIALISING,0,INITIALISING,0,,,0
57,1.9019,INITIALISING,0,INITIALISING,0,,,0
58,1.93527,INITIALISING,0,INITIALISING,0,,,0
59,1.96863,INITIALISING,0,INITIALISING,0,,,0
60,2.002,INITIALISING,0,INITIALISING,0,,,0
61,2.03537,INITIALISING,0,INITIALISING,0,,,0
62,2.06873,INITIALISING,0,INITIALISING,0,,,0
63,2.1021,INITIALISING,0,INITIALISING,0,,,0
64,2.13547,INITIALISING,0,INITIALISING,0,,,0
65,2.16883,INITIALISING,0,INITIALISING,0,,,0
66,2.2022,INITIALISING,0,INITIALISING,0,,,0
67,2.23557,INITIALISING,0,INITIALISING,0,,,0
68,2.26893,INITIALISING,0,INITIALISING,0,,,0
69,2.3023,INITIALISING,0,INITIALISING,0,,,0
70,2.33567,INITIALISING,0,INITIALISING,0,,,0
71,2.36903,INITIALISING,0,INITIALISING,0,,,0
72,2.4024,INITIALISING,0,INITIALISING,0,,,0
73,2.43577,INITIALISING,0,INITIALISING,0,,,0
74,2.46913,INITIALISING,0,INITIALISING,0,,,0
75,2.5025,INITIALISING,0,INITIALISING,0,,,0
76,2.53587,INITIALISING,0,INITIALISING,0,,,0
77,2.56923,INITIALISING,0,INITIALISING,0,,,0
78,2.6026,INITIALISING,0,INITIALISING,0,,,0
79,2.63597,INITIALISING,0,INITIALISING,0,,,0
80,2.66933,INITIALISING,0,INITIALISING,0,,,0
81,2.7027,INITIALISING,0,INITIALISING,0,,,0
82,2.73607,INITIALISING,0,INITIALISING,0,,,0
83,2.76943,INITIALISING,0,INITIALISING,0,,,0
84,2.8028,INITIALISING,0,INITIALISING,0,,,0
85,2.83617,INITIALISING,0,INITIALISING,0,,,0
86,2.86953,INITIALISING,0,INITIALISING,0,,,0
87,2.9029,INITIALISING,0,INITIALISING,0,,,0
88,2.93627,INITIALISING,0,INITIALISING,0,,,0
89,2.96963,INITIALISING,0,INITIALISING,0,,,0
90,3.003,INITIALISING,0,INITIALISING,0,,,0
91,3.03637,INITIALISING,0,INITIALISING,0,,,0
92,3.06973,INITIALISING,0,INITIALISING,0,,,0
93,3.1031,INITIALISING,0,INITIALISING,0,,,0
94,3.13647,INITIALISING,0,INITIALISING,0,,,0
95,3.16983,INITIALISING,0,INITIALISING,0,,,0
96,3.2032,INITIALISING,0,INITIALISING,0,,,0
97,3.23657,INITIALISING,0,INITIALISING,0,,,0
98,3.26993,INITIALISING,0,INITIALISING,0,,,0
99,3.3033,INITIALISING,0,INITIALISING,0,,,0
100,3.33667,INITIALISING,0,INITIALISING,0,,,0
101,3.37003,INITIALISING,0,INITIALISING,0,,,0
102,3.4034,INITIALISING,0,INITIALISING,0,,,0
103,3.43677,INITIALISING,0,INITIALISING,0,,,0
104,3.47013,INITIALISING,0,INITIALISING,0,,,0
105,3.5035,INITIALISING,0,INITIALISING,0,,,0
106,3.53687,INITIALISING,0,INITIALISING,0,,,0
107,3.57023,INITIALISING,0,INITIALISING,0,,,0
108,3.6036,INITIALISING,0,INITIALISING,0,,,0
109,3.63697,INITIALISING,0,INITIALISING,0,,,0
110,3.67033,INITIALISING,0,INITIALISING,0,,,0
111,3.7037,INITIALISING,0,INITIALISING,0,,,0
112,3.73707,INITIALISING,0,INITIALISING,0,,,0
113,3.77043,INITIALISING,0,INITIALISING,0,,,0
114,3.8038,INITIALISING,0,INITIALISING,0,,,0
115,3.83717,INITIALISING,0,INITIALISING,0,,,0
116,3.87053,INITIALISING,0,INITIALISING,0,,,0
117,3.9039,INITIALISING,0,INITIALISING,0,,,0
118,3.93727,INITIALISING,0,INITIALISING,0,,,0
119,3.97063,INITIALISING,0,INITIALISING,0,,,0
120,4.004,INITIALISING,0,INITIALISING,0,,,0
121,4.03737,INITIALISING,0,INITIALISING,0,,,0
122,4.07073,INITIALISING,0,INITIALISING,0,,,0
123,4.1041,INITIALISING,0,INITIALISING,0,,,0
124,4.13747,INITIALISING,0,INITIALISING,0,,,0
125,4.17083,INITIALISING,0,INITIALISING,0,,,0
126,4.2042,INITIALISING,0,INITIALISING,0,,,0
127,4.23757,INITIALISING,0,INITIALISING,0,,,0
128,4.27093,INITIALISING,0,INITIALISING,0,,,0
129,4.3043,INITIALISING,0,INITIALISING,0,,,0
130,4.33767,INITIALISING,0,INITIALISING,0,,,0
131,4.37103,INITIALISING,0,INITIALISING,0,,,0
132,4.4044,INITIALISING,0,INITIALISING,0,,,0
133,4.43777,INITIALISING,0,INITIALISING,0,,,0
134,4.47113,INITIALISING,0,INITIALISING,0,,,0
135,4.5045,INITIALISING,0,INITIALISING,0,,,0
136,4.53787,INITIALISING,0,INITIALISING,0,,,0
137,4.57123,INITIALISING,0,INITIALISING,0,,,0
138,4.6046,INITIALISING,0,INITIALISING,0,,,0
139,4.63797,INITIALISING,0,INITIALISING,0,,,0
140,4.67133,INITIALISING,0,INITIALISING,0,,,0
141,4.7047,INITIALISING,0,INITIALISING,0,,,0
142,4.73807,INITIALISING,0,INITIALISING,0,,,0
143,4.77143,INITIALISING,0,INITIALISING,0,,,0
144,4.8048,INITIALISING,0,INITIALISING,0,,,0
145,4.83817,INITIALISING,0,INITIALISING,0,,,0
146,4.87153,INITIALISING,0,INITIALISING,0,,,0
147,4.9049,INITIALISING,0,INITIALISING,0,,,0
148,4.93827,INITIALISING,0,INITIALISING,0,,,0
149,4.97163,INITIALISING,0,INITIALISING,0,,,0
150,5.005,INITIALISING,0,INITIALISING,0.721533,,,0
151,5.03837,INITIALISING,0,INITIALISING,0.721533,,,0
152,5.07173,INITIALISING,0,INITIALISING,0.721533,,,0
153,5.1051,INITIALISING,0,INITIALISING,0.721533,,,0
154,5.13847,INITIALISING,0,INITIALISING,0.721533,,,0
155,5.17183,INITIALISING,0,INITIALISING,0.721533,,,0
156,5.2052,INITIALISING,0,INITIALISING,0.721533,,,0
157,5.23857,INITIALISING,0,INITIALISING,0.721533,,,0
158,5.27193,INITIALISING,0,INITIALISING,0.721533,,,0
159,5.3053,INITIALISING,0,INITIALISING,0.721533,,,0
160,5.33867,INITIALISING,0,INITIALISING,0.721533,,,0
161,5.37203,INITIALISING,0,INITIALISING,0.721533,,,0
162,5.4054,INITIALISING,0,INITIALISING,0.721533,,,0
163,5.43877,INITIALISING,0,INITIALISING,0.721533,,,0
164,5.47213,INITIALISING,0,INITIALISING,0.721533,,,0
165,5.5055,INITIALISING,0,INITIALISING,0.72144,,,0
166,5.53887,INITIALISING,0,INITIALISING,0.72144,,,0
167,5.57223,INITIALISING,0,INITIALISING,0.72144,,,0
168,5.6056,INITIALISING,0,INITIALISING,0.72144,,,0
169,5.63897,INITIALISING,0,INITIALISING,0.72144,,,0
170,5.67233,INITIALISING,0,INITIALISING,0.72144,,,0
171,5.7057,INITIALISING,0,INITIALISING,0.72144,,,0
172,5.73907,INITIALISING,0,INITIALISING,0.72144,,,0
173,5.77243,INITIALISING,0,INITIALISING,0.72144,,,0
174,5.8058,INITIALISING,0,INITIALISING,0.72144,,,0
175,5.83917,INITIALISING,0,INITIALISING,0.72144,,,0
176,5.87253,INITIALISING,0,INITIALISING,0.72144,,,0
177,5.9059,INITIALISING,0,INITIALISING,0.72144,,,0
178,5.93927,INITIALISING,0,INITIALISING,0.72144,,,0
179,5.97263,INITIALISING,0,INITIALISING,0.72144,,,0
180,6.006,NORMAL,0.131623,CJ_LOW,0.721718,0.131623,1.001000,0
181,6.03937,NORMAL,0.131623,CJ_LOW,0.721718,0.131623,1.034367,0
182,6.07273,NORMAL,0.131623,CJ_LOW,0.721718,0.131623,1.067733,0
183,6.1061,NORMAL,0.131623,CJ_LOW,0.721718,0.131623,1.101100,0
184,6.13947,NORMAL,0.131623,CJ_LOW,0.721718,0.131623,1.134467,0
185,6.17283,NORMAL,0.131623,CJ_LOW,0.721718,0.131623,1.167833,0
186,6.2062,NORMAL,0.131623,CJ_LOW,0.721718,0.131623,1.201200,0
187,6.23957,NORMAL,0.131623,CJ_LOW,0.721718,0.131623,1.234567,0
188,6.27293,NORMAL,0.131623,CJ_LOW,0.721718,0.131623,1.267933,0
189,6.3063,NORMAL,0.131623,CJ_LOW,0.721718,0.131623,1.301300,0
190,6.33967,NORMAL,0.131623,CJ_LOW,0.721718,0.131623,1.334667,0
191,6.37303,NORMAL,0.131623,CJ_LOW,0.721718,0.131623,1.368033,0
192,6.4064,NORMAL,0.131623,CJ_LOW,0.721718,0.131623,1.401400,0
193,6.43977,NORMAL,0.131623,CJ_LOW,0.721718,0.131623,1.434767,0
194,6.47313,NORMAL,0.131623,CJ_LOW,0.721718,0.131623,1.468133,0
195,6.5065,NORMAL,0.131623,CJ_LOW,0.719231,0.131623,1.501500,0
196,6.53987,NORMAL,0.131623,CJ_LOW,0.719231,0.131623,1.534867,0
197,6.57323,NORMAL,0.131623,CJ_LOW,0.719231,0.131623,1.568233,0
198,6.6066,NORMAL,0.131623,CJ_LOW,0.719231,0.131623,1.601600,0
199,6.63997,NORMAL,0.131623,CJ_LOW,0.719231,0.131623,1.634967,0
200,6.67333,NORMAL,0.131623,CJ_LOW,0.719231,0.131623,1.668333,0
201,6.7067,NORMAL,0.131623,CJ_LOW,0.719231,0.131623,1.701700,0
202,6.74007,NORMAL,0.131623,CJ_LOW,0.719231,0.131623,1.735067,0
203,6.77343,NORMAL,0.131623,CJ_LOW,0.719231,0.131623,1.768433,0
204,6.8068,NORMAL,0.131623,CJ_LOW,0.719231,0.131623,1.801800,0
205,6.84017,NORMAL,0.131623,CJ_LOW,0.719231,0.131623,1.835167,0
206,6.87353,NORMAL,0.131623,CJ_LOW,0.719231,0.131623,1.868533,0
207,6.9069,NORMAL,0.131623,CJ_LOW,0.719231,0.131623,1.901900,0
208,6.94027,NORMAL,0.131623,CJ_LOW,0.719231,0.131623,1.935267,0
209,6.97363,NORMAL,0.131623,CJ_LOW,0.719231,0.131623,1.968633,0
210,7.007,NORMAL,0.131623,CJ_LOW,0.716907,0.131623,2.002000,0
211,7.04037,NORMAL,0.131623,CJ_LOW,0.716907,0.131623,2.035367,0
212,7.07373,NORMAL,0.131623,CJ_LOW,0.716907,0.131623,2.068733,0
213,7.1071,NORMAL,0.131623,CJ_LOW,0.716907,0.131623,2.102100,0
214,7.14047,NORMAL,0.131623,CJ_LOW,0.716907,0.131623,2.135467,0
215,7.17383,NORMAL,0.131623,CJ_LOW,0.716907,0.131623,2.168833,0
216,7.2072,NORMAL,0.131623,CJ_LOW,0.716907,0.131623,2.202200,0
217,7.24057,NORMAL,0.131623,CJ_LOW,0.716907,0.131623,2.235567,0
218,7.27393,NORMAL,0.131623,CJ_LOW,0.716907,0.131623,2.268933,0
219,7.3073,NORMAL,0.131623,CJ_LOW,0.716907,0.131623,2.302300,0
220,7.34067,NORMAL,0.131623,CJ_LOW,0.716907,0.131623,2.335667,0
221,7.37403,NORMAL,0.131623,CJ_LOW,0.716907,0.131623,2.369033,0
222,7.4074,NORMAL,0.131623,CJ_LOW,0.716907,0.131623,2.402400,0
223,7.44077,NORMAL,0.131623,CJ_LOW,0.716907,0.131623,2.435767,0
224,7.47413,NORMAL,0.131623,CJ_LOW,0.716907,0.131623,2.469133,0
225,7.5075,NORMAL,0.131623,CJ_LOW,0.720908,0.131623,2.502500,0
226,7.54087,NORMAL,0.131623,CJ_LOW,0.720908,0.131623,2.535867,0
227,7.57423,NORMAL,0.131623,CJ_LOW,0.720908,0.131623,2.569233,0
228,7.6076,NORMAL,0.131623,CJ_LOW,0.720908,0.131623,2.602600,0
229,7.64097,NORMAL,0.131623,CJ_LOW,0.720908,0.131623,2.635967,0
230,7.67433,NORMAL,0.131623,CJ_LOW,0.720908,0.131623,2.669333,0
231,7.7077,NORMAL,0.131623,CJ_LOW,0.720908,0.131623,2.702700,0
232,7.74107,NORMAL,0.131623,CJ_LOW,0.720908,0.131623,2.736067,0
233,7.77443,NORMAL,0.131623,CJ_LOW,0.720908,0.131623,2.769433,0
234,7.8078,NORMAL,0.131623,CJ_LOW,0.720908,0.131623,2.802800,0
235,7.84117,NORMAL,0.131623,CJ_LOW,0.720908,0.131623,2.836167,0
236,7.87453,NORMAL,0.131623,CJ_LOW,0.720908,0.131623,2.869533,0
237,7.9079,NORMAL,0.131623,CJ_LOW,0.720908,0.131623,2.902900,0
238,7.94127,NORMAL,0.131623,CJ_LOW,0.720908,0.131623,2.936267,0
239,7.97463,NORMAL,0.131623,CJ_LOW,0.720908,0.131623,2.969633,0
240,8.008,NORMAL,0.131623,CJ_LOW,0.721829,0.131623,3.003000,0
241,8.04137,NORMAL,0.131623,CJ_LOW,0.721829,0.131623,3.036367,0
242,8.07473,NORMAL,0.131623,CJ_LOW,0.721829,0.131623,3.069733,0
243,8.1081,NORMAL,0.131623,CJ_LOW,0.721829,0.131623,3.103100,0
244,8.14147,NORMAL,0.131623,CJ_LOW,0.721829,0.131623,3.136467,0
245,8.17483,NORMAL,0.131623,CJ_LOW,0.721829,0.131623,3.169833,0
246,8.2082,NORMAL,0.131623,CJ_LOW,0.721829,0.131623,3.203200,0
247,8.24157,NORMAL,0.131623,CJ_LOW,0.721829,0.131623,3.236567,0
248,8.27493,NORMAL,0.131623,CJ_LOW,0.721829,0.131623,3.269933,0
249,8.3083,NORMAL,0.131623,CJ_LOW,0.721829,0.131623,3.303300,0
250,8.34167,NORMAL,0.131623,CJ_LOW,0.721829,0.131623,3.336667,0
251,8.37503,NORMAL,0.131623,CJ_LOW,0.721829,0.131623,3.370033,0
252,8.4084,NORMAL,0.131623,CJ_LOW,0.721829,0.131623,3.403400,0
253,8.44177,NORMAL,0.131623,CJ_LOW,0.721829,0.131623,3.436767,0
254,8.47513,NORMAL,0.131623,CJ_LOW,0.721829,0.131623,3.470133,0
255,8.5085,NORMAL,0.131623,CJ_LOW,0.721629,0.131623,3.503500,0
256,8.54187,NORMAL,0.131623,CJ_LOW,0.721629,0.131623,3.536867,0
257,8.57523,NORMAL,0.131623,CJ_LOW,0.721629,0.131623,3.570233,0
258,8.6086,NORMAL,0.131623,CJ_LOW,0.721629,0.131623,3.603600,0
259,8.64197,NORMAL,0.131623,CJ_LOW,0.721629,0.131623,3.636967,0
260,8.67533,NORMAL,0.131623,CJ_LOW,0.721629,0.131623,3.670333,0
261,8.7087,NORMAL,0.131623,CJ_LOW,0.721629,0.131623,3.703700,0
262,8.74207,NORMAL,0.131623,CJ_LOW,0.721629,0.131623,3.737067,0
263,8.77543,NORMAL,0.131623,CJ_LOW,0.721629,0.131623,3.770433,0
264,8.8088,NORMAL,0.131623,CJ_LOW,0.721629,0.131623,3.803800,0
265,8.84217,NORMAL,0.131623,CJ_LOW,0.721629,0.131623,3.837167,0
266,8.87553,NORMAL,0.131623,CJ_LOW,0.721629,0.131623,3.870533,0
267,8.9089,NORMAL,0.131623,CJ_LOW,0.721629,0.131623,3.903900,0
268,8.94227,NORMAL,0.131623,CJ_LOW,0.721629,0.131623,3.937267,0
269,8.97563,NORMAL,0.131623,CJ_LOW,0.721629,0.131623,3.970633,0
270,9.009,NORMAL,0.131623,CJ_LOW,0.721938,0.131623,4.004000,0
271,9.04237,NORMAL,0.131623,CJ_LOW,0.721938,0.131623,4.037367,0
272,9.07573,NORMAL,0.131623,CJ_LOW,0.721938,0.131623,4.070733,0
273,9.1091,NORMAL,0.131623,CJ_LOW,0.721938,0.131623,4.104100,0
274,9.14247,NORMAL,0.131623,CJ_LOW,0.721938,0.131623,4.137467,0
275,9.17583,NORMAL,0.131623,CJ_LOW,0.721938,0.131623,4.170833,0
276,9.2092,NORMAL,0.131623,CJ_LOW,0.721938,0.131623,4.204200,0
277,9.24257,NORMAL,0.131623,CJ_LOW,0.721938,0.131623,4.237567,0
278,9.27593,NORMAL,0.131623,CJ_LOW,0.721938,0.131623,4.270933,0
279,9.3093,NORMAL,0.131623,CJ_LOW,0.721938,0.131623,4.304300,0
280,9.34267,NORMAL,0.131623,CJ_LOW,0.721938,0.131623,4.337667,0
281,9.37603,NORMAL,0.131623,CJ_LOW,0.721938,0.131623,4.371033,0
282,9.4094,NORMAL,0.131623,CJ_LOW,0.721938,0.131623,4.404400,0
283,9.44277,NORMAL,0.131623,CJ_LOW,0.721938,0.131623,4.437767,0
284,9.47613,NORMAL,0.131623,CJ_LOW,0.721938,0.131623,4.471133,0
285,9.5095,NORMAL,0.131623,CJ_LOW,0.721985,0.131623,4.504500,0
286,9.54287,NORMAL,0.131623,CJ_LOW,0.721985,0.131623,4.537867,0
287,9.57623,NORMAL,0.131623,CJ_LOW,0.721985,0.131623,4.571233,0
288,9.6096,NORMAL,0.131623,CJ_LOW,0.721985,0.131623,4.604600,0
289,9.64297,NORMAL,0.131623,CJ_LOW,0.721985,0.131623,4.637967,0
290,9.67633,NORMAL,0.131623,CJ_LOW,0.721985,0.131623,4.671333,0
291,9.7097,NORMAL,0.131623,CJ_LOW,0.721985,0.131623,4.704700,0
292,9.74307,NORMAL,0.131623,CJ_LOW,0.721985,0.131623,4.738067,0
293,9.77643,NORMAL,0.131623,CJ_LOW,0.721985,0.131623,4.771433,0
294,9.8098,NORMAL,0.131623,CJ_LOW,0.721985,0.131623,4.804800,0
295,9.84317,NORMAL,0.131623,CJ_LOW,0.721985,0.131623,4.838167,0
296,9.87653,NORMAL,0.131623,CJ_LOW,0.721985,0.131623,4.871533,0
297,9.9099,NORMAL,0.131623,CJ_LOW,0.721985,0.131623,4.904900,0
298,9.94327,NORMAL,0.131623,CJ_LOW,0.721985,0.131623,4.938267,0
299,9.97663,NORMAL,0.131623,CJ_LOW,0.721985,0.131623,4.971633,0
300,10.01,NORMAL,0.131623,CJ_LOW,0.651199,0.131623,5.005000,0
301,10.0434,NORMAL,0.131623,CJ_LOW,0.651199,0.131623,5.038367,0
302,10.0767,NORMAL,0.131623,CJ_LOW,0.651199,0.131623,5.071733,0
303,10.1101,NORMAL,0.131623,CJ_LOW,0.651199,0.131623,5.105100,0
304,10.1435,NORMAL,0.131623,CJ_LOW,0.651199,0.131623,5.138467,0
305,10.1768,NORMAL,0.131623,CJ_LOW,0.651199,0.131623,5.171833,0
306,10.2102,NORMAL,0.131623,CJ_LOW,0.651199,0.131623,5.205200,0
307,10.2436,NORMAL,0.131623,CJ_LOW,0.651199,0.131623,5.238567,0
308,10.2769,NORMAL,0.131623,CJ_LOW,0.651199,0.131623,5.271933,0
309,10.3103,NORMAL,0.131623,CJ_LOW,0.651199,0.131623,5.305300,0
310,10.3437,NORMAL,0.131623,CJ_LOW,0.651199,0.131623,5.338667,0
311,10.377,NORMAL,0.131623,CJ_LOW,0.651199,0.131623,5.372033,0
312,10.4104,NORMAL,0.131623,CJ_LOW,0.651199,0.131623,5.405400,0
313,10.4438,NORMAL,0.131623,CJ_LOW,0.651199,0.131623,5.438767,0
314,10.4771,NORMAL,0.131623,CJ_LOW,0.651199,0.131623,5.472133,0
315,10.5105,SEIZURE,0.562094,BLEND,0.692779,0.257163,0.500500,1
316,10.5439,SEIZURE,0.562094,BLEND,0.692779,0.257163,0.533867,1
317,10.5772,SEIZURE,0.562094,BLEND,0.692779,0.257163,0.567233,1
318,10.6106,SEIZURE,0.562094,BLEND,0.692779,0.257163,0.600600,1
319,10.644,SEIZURE,0.562094,BLEND,0.692779,0.257163,0.633967,1
320,10.6773,SEIZURE,0.562094,BLEND,0.692779,0.257163,0.667333,1
321,10.7107,SEIZURE,0.562094,BLEND,0.692779,0.257163,0.700700,1
322,10.7441,SEIZURE,0.562094,BLEND,0.692779,0.257163,0.734067,1
323,10.7774,SEIZURE,0.562094,BLEND,0.692779,0.257163,0.767433,1
324,10.8108,SEIZURE,0.562094,BLEND,0.692779,0.257163,0.800800,1
325,10.8442,SEIZURE,0.562094,BLEND,0.692779,0.257163,0.834167,1
326,10.8775,SEIZURE,0.562094,BLEND,0.692779,0.257163,0.867533,1
327,10.9109,SEIZURE,0.562094,BLEND,0.692779,0.257163,0.900900,1
328,10.9443,SEIZURE,0.562094,BLEND,0.692779,0.257163,0.934267,1
329,10.9776,SEIZURE,0.562094,BLEND,0.692779,0.257163,0.967633,1
330,11.011,SEIZURE,0.573754,BLEND,0.709436,0.257163,1.001000,1
331,11.0444,SEIZURE,0.573754,BLEND,0.709436,0.257163,1.034367,1
332,11.0777,SEIZURE,0.573754,BLEND,0.709436,0.257163,1.067733,1
333,11.1111,SEIZURE,0.573754,BLEND,0.709436,0.257163,1.101100,1
334,11.1445,SEIZURE,0.573754,BLEND,0.709436,0.257163,1.134467,1
335,11.1778,SEIZURE,0.573754,BLEND,0.709436,0.257163,1.167833,1
336,11.2112,SEIZURE,0.573754,BLEND,0.709436,0.257163,1.201200,1
337,11.2446,SEIZURE,0.573754,BLEND,0.709436,0.257163,1.234567,1
338,11.2779,SEIZURE,0.573754,BLEND,0.709436,0.257163,1.267933,1
339,11.3113,SEIZURE,0.573754,BLEND,0.709436,0.257163,1.301300,1
340,11.3447,SEIZURE,0.573754,BLEND,0.709436,0.257163,1.334667,1
341,11.378,SEIZURE,0.573754,BLEND,0.709436,0.257163,1.368033,1
342,11.4114,SEIZURE,0.573754,BLEND,0.709436,0.257163,1.401400,1
343,11.4448,SEIZURE,0.573754,BLEND,0.709436,0.257163,1.434767,1
344,11.4781,SEIZURE,0.573754,BLEND,0.709436,0.257163,1.468133,1
345,11.5115,SEIZURE,0.575653,BLEND,0.712148,0.257163,1.501500,1
346,11.5449,SEIZURE,0.575653,BLEND,0.712148,0.257163,1.534867,1
347,11.5782,SEIZURE,0.575653,BLEND,0.712148,0.257163,1.568233,1
348,11.6116,SEIZURE,0.575653,BLEND,0.712148,0.257163,1.601600,1
349,11.645,SEIZURE,0.575653,BLEND,0.712148,0.257163,1.634967,1
350,11.6783,SEIZURE,0.575653,BLEND,0.712148,0.257163,1.668333,1
351,11.7117,SEIZURE,0.575653,BLEND,0.712148,0.257163,1.701700,1
352,11.7451,SEIZURE,0.575653,BLEND,0.712148,0.257163,1.735067,1
353,11.7784,SEIZURE,0.575653,BLEND,0.712148,0.257163,1.768433,1
354,11.8118,SEIZURE,0.575653,BLEND,0.712148,0.257163,1.801800,1
355,11.8452,SEIZURE,0.575653,BLEND,0.712148,0.257163,1.835167,1
356,11.8785,SEIZURE,0.575653,BLEND,0.712148,0.257163,1.868533,1
357,11.9119,SEIZURE,0.575653,BLEND,0.712148,0.257163,1.901900,1
358,11.9453,SEIZURE,0.575653,BLEND,0.712148,0.257163,1.935267,1
359,11.9786,SEIZURE,0.575653,BLEND,0.712148,0.257163,1.968633,1
360,12.012,SEIZURE,0.53377,BLEND,0.652316,0.257163,2.002000,1
361,12.0454,SEIZURE,0.53377,BLEND,0.652316,0.257163,2.035367,1
362,12.0787,SEIZURE,0.53377,BLEND,0.652316,0.257163,2.068733,1
363,12.1121,SEIZURE,0.53377,BLEND,0.652316,0.257163,2.102100,1
364,12.1455,SEIZURE,0.53377,BLEND,0.652316,0.257163,2.135467,1
365,12.1788,SEIZURE,0.53377,BLEND,0.652316,0.257163,2.168833,1
366,12.2122,SEIZURE,0.53377,BLEND,0.652316,0.257163,2.202200,1
367,12.2456,SEIZURE,0.53377,BLEND,0.652316,0.257163,2.235567,1
368,12.2789,SEIZURE,0.53377,BLEND,0.652316,0.257163,2.268933,1
369,12.3123,SEIZURE,0.53377,BLEND,0.652316,0.257163,2.302300,1
370,12.3457,SEIZURE,0.53377,BLEND,0.652316,0.257163,2.335667,1
371,12.379,SEIZURE,0.53377,BLEND,0.652316,0.257163,2.369033,1
372,12.4124,SEIZURE,0.53377,BLEND,0.652316,0.257163,2.402400,1
373,12.4458,SEIZURE,0.53377,BLEND,0.652316,0.257163,2.435767,1
374,12.4791,SEIZURE,0.53377,BLEND,0.652316,0.257163,2.469133,1
375,12.5125,NORMAL,0.454861,BLEND,0.539589,0.257163,2.502500,0
376,12.5459,NORMAL,0.454861,BLEND,0.539589,0.257163,2.535867,0
377,12.5792,NORMAL,0.454861,BLEND,0.539589,0.257163,2.569233,0
378,12.6126,NORMAL,0.454861,BLEND,0.539589,0.257163,2.602600,0
379,12.646,NORMAL,0.454861,BLEND,0.539589,0.257163,2.635967,0
380,12.6793,NORMAL,0.454861,BLEND,0.539589,0.257163,2.669333,0
381,12.7127,NORMAL,0.454861,BLEND,0.539589,0.257163,2.702700,0
382,12.7461,NORMAL,0.454861,BLEND,0.539589,0.257163,2.736067,0
383,12.7794,NORMAL,0.454861,BLEND,0.539589,0.257163,2.769433,0
384,12.8128,NORMAL,0.454861,BLEND,0.539589,0.257163,2.802800,0
385,12.8462,NORMAL,0.454861,BLEND,0.539589,0.257163,2.836167,0
386,12.8795,NORMAL,0.454861,BLEND,0.539589,0.257163,2.869533,0
387,12.9129,NORMAL,0.454861,BLEND,0.539589,0.257163,2.902900,0
388,12.9463,NORMAL,0.454861,BLEND,0.539589,0.257163,2.936267,0
389,12.9796,NORMAL,0.454861,BLEND,0.539589,0.257163,2.969633,0
390,13.013,NORMAL,0.458596,BLEND,0.544924,0.257163,3.003000,0
391,13.0464,NORMAL,0.458596,BLEND,0.544924,0.257163,3.036367,0
392,13.0797,NORMAL,0.458596,BLEND,0.544924,0.257163,3.069733,0
393,13.1131,NORMAL,0.458596,BLEND,0.544924,0.257163,3.103100,0
394,13.1465,NORMAL,0.458596,BLEND,0.544924,0.257163,3.136467,0
395,13.1798,NORMAL,0.458596,BLEND,0.544924,0.257163,3.169833,0
396,13.2132,NORMAL,0.458596,BLEND,0.544924,0.257163,3.203200,0
397,13.2466,NORMAL,0.458596,BLEND,0.544924,0.257163,3.236567,0
398,13.2799,NORMAL,0.458596,BLEND,0.544924,0.257163,3.269933,0
399,13.3133,NORMAL,0.458596,BLEND,0.544924,0.257163,3.303300,0
400,13.3467,NORMAL,0.458596,BLEND,0.544924,0.257163,3.336667,0
401,13.38,NORMAL,0.458596,BLEND,0.544924,0.257163,3.370033,0
402,13.4134,NORMAL,0.458596,BLEND,0.544924,0.257163,3.403400,0
403,13.4468,NORMAL,0.458596,BLEND,0.544924,0.257163,3.436767,0
404,13.4801,NORMAL,0.458596,BLEND,0.544924,0.257163,3.470133,0
405,13.5135,SEIZURE,0.493662,BLEND,0.595019,0.257163,3.503500,1
406,13.5469,SEIZURE,0.493662,BLEND,0.595019,0.257163,3.536867,1
407,13.5802,SEIZURE,0.493662,BLEND,0.595019,0.257163,3.570233,1
408,13.6136,SEIZURE,0.493662,BLEND,0.595019,0.257163,3.603600,1
409,13.647,SEIZURE,0.493662,BLEND,0.595019,0.257163,3.636967,1
410,13.6803,SEIZURE,0.493662,BLEND,0.595019,0.257163,3.670333,1
411,13.7137,SEIZURE,0.493662,BLEND,0.595019,0.257163,3.703700,1
412,13.7471,SEIZURE,0.493662,BLEND,0.595019,0.257163,3.737067,1
413,13.7804,SEIZURE,0.493662,BLEND,0.595019,0.257163,3.770433,1
414,13.8138,SEIZURE,0.493662,BLEND,0.595019,0.257163,3.803800,1
415,13.8472,SEIZURE,0.493662,BLEND,0.595019,0.257163,3.837167,1
416,13.8805,SEIZURE,0.493662,BLEND,0.595019,0.257163,3.870533,1
417,13.9139,SEIZURE,0.493662,BLEND,0.595019,0.257163,3.903900,1
418,13.9473,SEIZURE,0.493662,BLEND,0.595019,0.257163,3.937267,1
419,13.9806,SEIZURE,0.493662,BLEND,0.595019,0.257163,3.970633,1
420,14.014,NORMAL,0.467543,BLEND,0.557705,0.257163,4.004000,0
421,14.0474,NORMAL,0.467543,BLEND,0.557705,0.257163,4.037367,0
422,14.0807,NORMAL,0.467543,BLEND,0.557705,0.257163,4.070733,0
423,14.1141,NORMAL,0.467543,BLEND,0.557705,0.257163,4.104100,0
424,14.1475,NORMAL,0.467543,BLEND,0.557705,0.257163,4.137467,0
425,14.1808,NORMAL,0.467543,BLEND,0.557705,0.257163,4.170833,0
426,14.2142,NORMAL,0.467543,BLEND,0.557705,0.257163,4.204200,0
427,14.2476,NORMAL,0.467543,BLEND,0.557705,0.257163,4.237567,0
428,14.2809,NORMAL,0.467543,BLEND,0.557705,0.257163,4.270933,0
429,14.3143,NORMAL,0.467543,BLEND,0.557705,0.257163,4.304300,0
430,14.3477,NORMAL,0.467543,BLEND,0.557705,0.257163,4.337667,0
431,14.381,NORMAL,0.467543,BLEND,0.557705,0.257163,4.371033,0
432,14.4144,NORMAL,0.467543,BLEND,0.557705,0.257163,4.404400,0
433,14.4478,NORMAL,0.467543,BLEND,0.557705,0.257163,4.437767,0
434,14.4811,NORMAL,0.467543,BLEND,0.557705,0.257163,4.471133,0
435,14.5145,NORMAL,0.471005,BLEND,0.562652,0.257163,4.504500,0
436,14.5479,NORMAL,0.471005,BLEND,0.562652,0.257163,4.537867,0
437,14.5812,NORMAL,0.471005,BLEND,0.562652,0.257163,4.571233,0
438,14.6146,NORMAL,0.471005,BLEND,0.562652,0.257163,4.604600,0
439,14.648,NORMAL,0.471005,BLEND,0.562652,0.257163,4.637967,0
440,14.6813,NORMAL,0.471005,BLEND,0.562652,0.257163,4.671333,0
441,14.7147,NORMAL,0.471005,BLEND,0.562652,0.257163,4.704700,0
442,14.7481,NORMAL,0.471005,BLEND,0.562652,0.257163,4.738067,0
443,14.7814,NORMAL,0.471005,BLEND,0.562652,0.257163,4.771433,0
444,14.8148,NORMAL,0.471005,BLEND,0.562652,0.257163,4.804800,0
445,14.8482,NORMAL,0.471005,BLEND,0.562652,0.257163,4.838167,0
446,14.8815,NORMAL,0.471005,BLEND,0.562652,0.257163,4.871533,0
447,14.9149,NORMAL,0.471005,BLEND,0.562652,0.257163,4.904900,0
448,14.9483,NORMAL,0.471005,BLEND,0.562652,0.257163,4.938267,0
449,14.9816,NORMAL,0.471005,BLEND,0.562652,0.257163,4.971633,0
450,15.015,NORMAL,0.463957,BLEND,0.552582,0.257163,5.005000,0
451,15.0484,NORMAL,0.463957,BLEND,0.552582,0.257163,5.038367,0
452,15.0817,NORMAL,0.463957,BLEND,0.552582,0.257163,5.071733,0
453,15.1151,NORMAL,0.463957,BLEND,0.552582,0.257163,5.105100,0
454,15.1485,NORMAL,0.463957,BLEND,0.552582,0.257163,5.138467,0
455,15.1818,NORMAL,0.463957,BLEND,0.552582,0.257163,5.171833,0
456,15.2152,NORMAL,0.463957,BLEND,0.552582,0.257163,5.205200,0
457,15.2486,NORMAL,0.463957,BLEND,0.552582,0.257163,5.238567,0
458,15.2819,NORMAL,0.463957,BLEND,0.552582,0.257163,5.271933,0
459,15.3153,NORMAL,0.463957,BLEND,0.552582,0.257163,5.305300,0
460,15.3487,NORMAL,0.463957,BLEND,0.552582,0.257163,5.338667,0
461,15.382,NORMAL,0.463957,BLEND,0.552582,0.257163,5.372033,0
462,15.4154,NORMAL,0.463957,BLEND,0.552582,0.257163,5.405400,0
463,15.4488,NORMAL,0.463957,BLEND,0.552582,0.257163,5.438767,0
464,15.4821,NORMAL,0.463957,BLEND,0.552582,0.257163,5.472133,0
465,15.5155,SEIZURE,0.541607,BLEND,0.583227,0.444495,0.500500,1
466,15.5489,SEIZURE,0.541607,BLEND,0.583227,0.444495,0.533867,1
467,15.5822,SEIZURE,0.541607,BLEND,0.583227,0.444495,0.567233,1
468,15.6156,SEIZURE,0.541607,BLEND,0.583227,0.444495,0.600600,1
469,15.649,SEIZURE,0.541607,BLEND,0.583227,0.444495,0.633967,1
470,15.6823,SEIZURE,0.541607,BLEND,0.583227,0.444495,0.667333,1
471,15.7157,SEIZURE,0.541607,BLEND,0.583227,0.444495,0.700700,1
472,15.7491,SEIZURE,0.541607,BLEND,0.583227,0.444495,0.734067,1
473,15.7824,SEIZURE,0.541607,BLEND,0.583227,0.444495,0.767433,1
474,15.8158,SEIZURE,0.541607,BLEND,0.583227,0.444495,0.800800,1
475,15.8492,SEIZURE,0.541607,BLEND,0.583227,0.444495,0.834167,1
476,15.8825,SEIZURE,0.541607,BLEND,0.583227,0.444495,0.867533,1
477,15.9159,SEIZURE,0.541607,BLEND,0.583227,0.444495,0.900900,1
478,15.9493,SEIZURE,0.541607,BLEND,0.583227,0.444495,0.934267,1
479,15.9826,SEIZURE,0.541607,BLEND,0.583227,0.444495,0.967633,1
480,16.016,SEIZURE,0.509964,BLEND,0.538022,0.444495,1.001000,1
481,16.0494,SEIZURE,0.509964,BLEND,0.538022,0.444495,1.034367,1
482,16.0827,SEIZURE,0.509964,BLEND,0.538022,0.444495,1.067733,1
483,16.1161,SEIZURE,0.509964,BLEND,0.538022,0.444495,1.101100,1
484,16.1495,SEIZURE,0.509964,BLEND,0.538022,0.444495,1.134467,1
485,16.1828,SEIZURE,0.509964,BLEND,0.538022,0.444495,1.167833,1
486,16.2162,SEIZURE,0.509964,BLEND,0.538022,0.444495,1.201200,1
487,16.2496,SEIZURE,0.509964,BLEND,0.538022,0.444495,1.234567,1
488,16.2829,SEIZURE,0.509964,BLEND,0.538022,0.444495,1.267933,1
489,16.3163,SEIZURE,0.509964,BLEND,0.538022,0.444495,1.301300,1
490,16.3497,SEIZURE,0.509964,BLEND,0.538022,0.444495,1.334667,1
491,16.383,SEIZURE,0.509964,BLEND,0.538022,0.444495,1.368033,1
492,16.4164,SEIZURE,0.509964,BLEND,0.538022,0.444495,1.401400,1
493,16.4498,SEIZURE,0.509964,BLEND,0.538022,0.444495,1.434767,1
494,16.4831,SEIZURE,0.509964,BLEND,0.538022,0.444495,1.468133,1
495,16.5165,SEIZURE,0.533865,BLEND,0.572166,0.444495,1.501500,1
496,16.5499,SEIZURE,0.533865,BLEND,0.572166,0.444495,1.534867,1
497,16.5832,SEIZURE,0.533865,BLEND,0.572166,0.444495,1.568233,1
498,16.6166,SEIZURE,0.533865,BLEND,0.572166,0.444495,1.601600,1
499,16.65,SEIZURE,0.533865,BLEND,0.572166,0.444495,1.634967,1
500,16.6833,SEIZURE,0.533865,BLEND,0.572166,0.444495,1.668333,1
501,16.7167,SEIZURE,0.533865,BLEND,0.572166,0.444495,1.701700,1
502,16.7501,SEIZURE,0.533865,BLEND,0.572166,0.444495,1.735067,1
503,16.7834,SEIZURE,0.533865,BLEND,0.572166,0.444495,1.768433,1
504,16.8168,SEIZURE,0.533865,BLEND,0.572166,0.444495,1.801800,1
505,16.8502,SEIZURE,0.533865,BLEND,0.572166,0.444495,1.835167,1
506,16.8835,SEIZURE,0.533865,BLEND,0.572166,0.444495,1.868533,1
507,16.9169,SEIZURE,0.533865,BLEND,0.572166,0.444495,1.901900,1
508,16.9503,SEIZURE,0.533865,BLEND,0.572166,0.444495,1.935267,1
509,16.9836,SEIZURE,0.533865,BLEND,0.572166,0.444495,1.968633,1
510,17.017,SEIZURE,0.532704,BLEND,0.570509,0.444495,2.002000,1
511,17.0504,SEIZURE,0.532704,BLEND,0.570509,0.444495,2.035367,1
512,17.0837,SEIZURE,0.532704,BLEND,0.570509,0.444495,2.068733,1
513,17.1171,SEIZURE,0.532704,BLEND,0.570509,0.444495,2.102100,1
514,17.1505,SEIZURE,0.532704,BLEND,0.570509,0.444495,2.135467,1
515,17.1838,SEIZURE,0.532704,BLEND,0.570509,0.444495,2.168833,1
516,17.2172,SEIZURE,0.532704,BLEND,0.570509,0.444495,2.202200,1
517,17.2506,SEIZURE,0.532704,BLEND,0.570509,0.444495,2.235567,1
518,17.2839,SEIZURE,0.532704,BLEND,0.570509,0.444495,2.268933,1
519,17.3173,SEIZURE,0.532704,BLEND,0.570509,0.444495,2.302300,1
520,17.3507,SEIZURE,0.532704,BLEND,0.570509,0.444495,2.335667,1
521,17.384,SEIZURE,0.532704,BLEND,0.570509,0.444495,2.369033,1
522,17.4174,SEIZURE,0.532704,BLEND,0.570509,0.444495,2.402400,1
523,17.4508,SEIZURE,0.532704,BLEND,0.570509,0.444495,2.435767,1
524,17.4841,SEIZURE,0.532704,BLEND,0.570509,0.444495,2.469133,1
525,17.5175,SEIZURE,0.611147,BLEND,0.682569,0.444495,2.502500,1
526,17.5509,SEIZURE,0.611147,BLEND,0.682569,0.444495,2.535867,1
527,17.5842,SEIZURE,0.611147,BLEND,0.682569,0.444495,2.569233,1
528,17.6176,SEIZURE,0.611147,BLEND,0.682569,0.444495,2.602600,1
529,17.651,SEIZURE,0.611147,BLEND,0.682569,0.444495,2.635967,1
530,17.6843,SEIZURE,0.611147,BLEND,0.682569,0.444495,2.669333,1
531,17.7177,SEIZURE,0.611147,BLEND,0.682569,0.444495,2.702700,1
532,17.7511,SEIZURE,0.611147,BLEND,0.682569,0.444495,2.736067,1
533,17.7844,SEIZURE,0.611147,BLEND,0.682569,0.444495,2.769433,1
534,17.8178,SEIZURE,0.611147,BLEND,0.682569,0.444495,2.802800,1
535,17.8512,SEIZURE,0.611147,BLEND,0.682569,0.444495,2.836167,1
536,17.8845,SEIZURE,0.611147,BLEND,0.682569,0.444495,2.869533,1
537,17.9179,SEIZURE,0.611147,BLEND,0.682569,0.444495,2.902900,1
538,17.9513,SEIZURE,0.611147,BLEND,0.682569,0.444495,2.936267,1
539,17.9846,SEIZURE,0.611147,BLEND,0.682569,0.444495,2.969633,1
540,18.018,SEIZURE,0.52767,BLEND,0.563316,0.444495,3.003000,1
541,18.0514,SEIZURE,0.52767,BLEND,0.563316,0.444495,3.036367,1
542,18.0847,SEIZURE,0.52767,BLEND,0.563316,0.444495,3.069733,1
543,18.1181,SEIZURE,0.52767,BLEND,0.563316,0.444495,3.103100,1
544,18.1515,SEIZURE,0.52767,BLEND,0.563316,0.444495,3.136467,1
545,18.1848,SEIZURE,0.52767,BLEND,0.563316,0.444495,3.169833,1
546,18.2182,SEIZURE,0.52767,BLEND,0.563316,0.444495,3.203200,1
547,18.2516,SEIZURE,0.52767,BLEND,0.563316,0.444495,3.236567,1
548,18.2849,SEIZURE,0.52767,BLEND,0.563316,0.444495,3.269933,1
549,18.3183,SEIZURE,0.52767,BLEND,0.563316,0.444495,3.303300,1
550,18.3517,SEIZURE,0.52767,BLEND,0.563316,0.444495,3.336667,1
551,18.385,SEIZURE,0.52767,BLEND,0.563316,0.444495,3.370033,1
552,18.4184,SEIZURE,0.52767,BLEND,0.563316,0.444495,3.403400,1
553,18.4518,SEIZURE,0.52767,BLEND,0.563316,0.444495,3.436767,1
554,18.4851,SEIZURE,0.52767,BLEND,0.563316,0.444495,3.470133,1
555,18.5185,SEIZURE,0.625299,BLEND,0.702786,0.444495,3.503500,1
556,18.5519,SEIZURE,0.625299,BLEND,0.702786,0.444495,3.536867,1
557,18.5852,SEIZURE,0.625299,BLEND,0.702786,0.444495,3.570233,1
558,18.6186,SEIZURE,0.625299,BLEND,0.702786,0.444495,3.603600,1
559,18.652,SEIZURE,0.625299,BLEND,0.702786,0.444495,3.636967,1
560,18.6853,SEIZURE,0.625299,BLEND,0.702786,0.444495,3.670333,1
561,18.7187,SEIZURE,0.625299,BLEND,0.702786,0.444495,3.703700,1
562,18.7521,SEIZURE,0.625299,BLEND,0.702786,0.444495,3.737067,1
563,18.7854,SEIZURE,0.625299,BLEND,0.702786,0.444495,3.770433,1
564,18.8188,SEIZURE,0.625299,BLEND,0.702786,0.444495,3.803800,1
565,18.8522,SEIZURE,0.625299,BLEND,0.702786,0.444495,3.837167,1
566,18.8855,SEIZURE,0.625299,BLEND,0.702786,0.444495,3.870533,1
567,18.9189,SEIZURE,0.625299,BLEND,0.702786,0.444495,3.903900,1
568,18.9523,SEIZURE,0.625299,BLEND,0.702786,0.444495,3.937267,1
569,18.9856,SEIZURE,0.625299,BLEND,0.702786,0.444495,3.970633,1
570,19.019,SEIZURE,0.527307,BLEND,0.562798,0.444495,4.004000,1
571,19.0524,SEIZURE,0.527307,BLEND,0.562798,0.444495,4.037367,1
572,19.0857,SEIZURE,0.527307,BLEND,0.562798,0.444495,4.070733,1
573,19.1191,SEIZURE,0.527307,BLEND,0.562798,0.444495,4.104100,1
574,19.1525,SEIZURE,0.527307,BLEND,0.562798,0.444495,4.137467,1
575,19.1858,SEIZURE,0.527307,BLEND,0.562798,0.444495,4.170833,1
576,19.2192,SEIZURE,0.527307,BLEND,0.562798,0.444495,4.204200,1
577,19.2526,SEIZURE,0.527307,BLEND,0.562798,0.444495,4.237567,1
578,19.2859,SEIZURE,0.527307,BLEND,0.562798,0.444495,4.270933,1
579,19.3193,SEIZURE,0.527307,BLEND,0.562798,0.444495,4.304300,1
580,19.3527,SEIZURE,0.527307,BLEND,0.562798,0.444495,4.337667,1
581,19.386,SEIZURE,0.527307,BLEND,0.562798,0.444495,4.371033,1
582,19.4194,SEIZURE,0.527307,BLEND,0.562798,0.444495,4.404400,1
583,19.4528,SEIZURE,0.527307,BLEND,0.562798,0.444495,4.437767,1
584,19.4861,SEIZURE,0.527307,BLEND,0.562798,0.444495,4.471133,1
585,19.5195,SEIZURE,0.560868,BLEND,0.610743,0.444495,4.504500,1
586,19.5529,SEIZURE,0.560868,BLEND,0.610743,0.444495,4.537867,1
587,19.5862,SEIZURE,0.560868,BLEND,0.610743,0.444495,4.571233,1
588,19.6196,SEIZURE,0.560868,BLEND,0.610743,0.444495,4.604600,1
589,19.653,SEIZURE,0.560868,BLEND,0.610743,0.444495,4.637967,1
590,19.6863,SEIZURE,0.560868,BLEND,0.610743,0.444495,4.671333,1
591,19.7197,SEIZURE,0.560868,BLEND,0.610743,0.444495,4.704700,1
592,19.7531,SEIZURE,0.560868,BLEND,0.610743,0.444495,4.738067,1
593,19.7864,SEIZURE,0.560868,BLEND,0.610743,0.444495,4.771433,1
594,19.8198,SEIZURE,0.560868,BLEND,0.610743,0.444495,4.804800,1
595,19.8532,SEIZURE,0.560868,BLEND,0.610743,0.444495,4.838167,1
596,19.8865,SEIZURE,0.560868,BLEND,0.610743,0.444495,4.871533,1
597,19.9199,SEIZURE,0.560868,BLEND,0.610743,0.444495,4.904900,1
598,19.9533,SEIZURE,0.560868,BLEND,0.610743,0.444495,4.938267,1
599,19.9866,SEIZURE,0.560868,BLEND,0.610743,0.444495,4.971633,1
600,20.02,SEIZURE,0.537161,BLEND,0.576875,0.444495,5.005000,1
601,20.0534,SEIZURE,0.537161,BLEND,0.576875,0.444495,5.038367,1
602,20.0867,SEIZURE,0.537161,BLEND,0.576875,0.444495,5.071733,1
603,20.1201,SEIZURE,0.537161,BLEND,0.576875,0.444495,5.105100,1
604,20.1535,SEIZURE,0.537161,BLEND,0.576875,0.444495,5.138467,1
605,20.1868,SEIZURE,0.537161,BLEND,0.576875,0.444495,5.171833,1
606,20.2202,SEIZURE,0.537161,BLEND,0.576875,0.444495,5.205200,1
607,20.2536,SEIZURE,0.537161,BLEND,0.576875,0.444495,5.238567,1
608,20.2869,SEIZURE,0.537161,BLEND,0.576875,0.444495,5.271933,1
609,20.3203,SEIZURE,0.537161,BLEND,0.576875,0.444495,5.305300,1
610,20.3537,SEIZURE,0.537161,BLEND,0.576875,0.444495,5.338667,1
611,20.387,SEIZURE,0.537161,BLEND,0.576875,0.444495,5.372033,1
612,20.4204,SEIZURE,0.537161,BLEND,0.576875,0.444495,5.405400,1
613,20.4538,SEIZURE,0.537161,BLEND,0.576875,0.444495,5.438767,1
614,20.4871,SEIZURE,0.537161,BLEND,0.576875,0.444495,5.472133,1
615,20.5205,SEIZURE,0.55379,CJ,0.627896,0.553790,0.500500,1
616,20.5539,SEIZURE,0.55379,CJ,0.627896,0.553790,0.533867,1
617,20.5872,SEIZURE,0.55379,CJ,0.627896,0.553790,0.567233,1
618,20.6206,SEIZURE,0.55379,CJ,0.627896,0.553790,0.600600,1
619,20.654,SEIZURE,0.55379,CJ,0.627896,0.553790,0.633967,1
620,20.6873,SEIZURE,0.55379,CJ,0.627896,0.553790,0.667333,1
621,20.7207,SEIZURE,0.55379,CJ,0.627896,0.553790,0.700700,1
622,20.7541,SEIZURE,0.55379,CJ,0.627896,0.553790,0.734067,1
623,20.7874,SEIZURE,0.55379,CJ,0.627896,0.553790,0.767433,1
624,20.8208,SEIZURE,0.55379,CJ,0.627896,0.553790,0.800800,1
625,20.8542,SEIZURE,0.55379,CJ,0.627896,0.553790,0.834167,1
626,20.8875,SEIZURE,0.55379,CJ,0.627896,0.553790,0.867533,1
627,20.9209,SEIZURE,0.55379,CJ,0.627896,0.553790,0.900900,1
628,20.9543,SEIZURE,0.55379,CJ,0.627896,0.553790,0.934267,1
629,20.9876,SEIZURE,0.55379,CJ,0.627896,0.553790,0.967633,1
630,21.021,SEIZURE,0.55379,CJ,0.720727,0.553790,1.001000,1
631,21.0544,SEIZURE,0.55379,CJ,0.720727,0.553790,1.034367,1
632,21.0877,SEIZURE,0.55379,CJ,0.720727,0.553790,1.067733,1
633,21.1211,SEIZURE,0.55379,CJ,0.720727,0.553790,1.101100,1
634,21.1545,SEIZURE,0.55379,CJ,0.720727,0.553790,1.134467,1
635,21.1878,SEIZURE,0.55379,CJ,0.720727,0.553790,1.167833,1
636,21.2212,SEIZURE,0.55379,CJ,0.720727,0.553790,1.201200,1
637,21.2546,SEIZURE,0.55379,CJ,0.720727,0.553790,1.234567,1
638,21.2879,SEIZURE,0.55379,CJ,0.720727,0.553790,1.267933,1
639,21.3213,SEIZURE,0.55379,CJ,0.720727,0.553790,1.301300,1
640,21.3547,SEIZURE,0.55379,CJ,0.720727,0.553790,1.334667,1
641,21.388,SEIZURE,0.55379,CJ,0.720727,0.553790,1.368033,1
642,21.4214,SEIZURE,0.55379,CJ,0.720727,0.553790,1.401400,1
643,21.4548,SEIZURE,0.55379,CJ,0.720727,0.553790,1.434767,1
644,21.4881,SEIZURE,0.55379,CJ,0.720727,0.553790,1.468133,1
645,21.5215,SEIZURE,0.55379,CJ,0.719158,0.553790,1.501500,1
646,21.5549,SEIZURE,0.55379,CJ,0.719158,0.553790,1.534867,1
647,21.5882,SEIZURE,0.55379,CJ,0.719158,0.553790,1.568233,1
648,21.6216,SEIZURE,0.55379,CJ,0.719158,0.553790,1.601600,1
649,21.655,SEIZURE,0.55379,CJ,0.719158,0.553790,1.634967,1
650,21.6883,SEIZURE,0.55379,CJ,0.719158,0.553790,1.668333,1
651,21.7217,SEIZURE,0.55379,CJ,0.719158,0.553790,1.701700,1
652,21.7551,SEIZURE,0.55379,CJ,0.719158,0.553790,1.735067,1
653,21.7884,SEIZURE,0.55379,CJ,0.719158,0.553790,1.768433,1
654,21.8218,SEIZURE,0.55379,CJ,0.719158,0.553790,1.801800,1
655,21.8552,SEIZURE,0.55379,CJ,0.719158,0.553790,1.835167,1
656,21.8885,SEIZURE,0.55379,CJ,0.719158,0.553790,1.868533,1
657,21.9219,SEIZURE,0.55379,CJ,0.719158,0.553790,1.901900,1
658,21.9553,SEIZURE,0.55379,CJ,0.719158,0.553790,1.935267,1
659,21.9886,SEIZURE,0.55379,CJ,0.719158,0.553790,1.968633,1
660,22.022,SEIZURE,0.55379,CJ,0.720786,0.553790,2.002000,1
661,22.0554,SEIZURE,0.55379,CJ,0.720786,0.553790,2.035367,1
662,22.0887,SEIZURE,0.55379,CJ,0.720786,0.553790,2.068733,1
663,22.1221,SEIZURE,0.55379,CJ,0.720786,0.553790,2.102100,1
664,22.1555,SEIZURE,0.55379,CJ,0.720786,0.553790,2.135467,1
665,22.1888,SEIZURE,0.55379,CJ,0.720786,0.553790,2.168833,1
666,22.2222,SEIZURE,0.55379,CJ,0.720786,0.553790,2.202200,1
667,22.2556,SEIZURE,0.55379,CJ,0.720786,0.553790,2.235567,1
668,22.2889,SEIZURE,0.55379,CJ,0.720786,0.553790,2.268933,1
669,22.3223,SEIZURE,0.55379,CJ,0.720786,0.553790,2.302300,1
670,22.3557,SEIZURE,0.55379,CJ,0.720786,0.553790,2.335667,1
671,22.389,SEIZURE,0.55379,CJ,0.720786,0.553790,2.369033,1
672,22.4224,SEIZURE,0.55379,CJ,0.720786,0.553790,2.402400,1
673,22.4558,SEIZURE,0.55379,CJ,0.720786,0.553790,2.435767,1
674,22.4891,SEIZURE,0.55379,CJ,0.720786,0.553790,2.469133,1
675,22.5225,SEIZURE,0.55379,CJ,0.670659,0.553790,2.502500,1
676,22.5559,SEIZURE,0.55379,CJ,0.670659,0.553790,2.535867,1
677,22.5892,SEIZURE,0.55379,CJ,0.670659,0.553790,2.569233,1
678,22.6226,SEIZURE,0.55379,CJ,0.670659,0.553790,2.602600,1
679,22.656,SEIZURE,0.55379,CJ,0.670659,0.553790,2.635967,1
680,22.6893,SEIZURE,0.55379,CJ,0.670659,0.553790,2.669333,1
681,22.7227,SEIZURE,0.55379,CJ,0.670659,0.553790,2.702700,1
682,22.7561,SEIZURE,0.55379,CJ,0.670659,0.553790,2.736067,1
683,22.7894,SEIZURE,0.55379,CJ,0.670659,0.553790,2.769433,1
684,22.8228,SEIZURE,0.55379,CJ,0.670659,0.553790,2.802800,1
685,22.8562,SEIZURE,0.55379,CJ,0.670659,0.553790,2.836167,1
686,22.8895,SEIZURE,0.55379,CJ,0.670659,0.553790,2.869533,1
687,22.9229,SEIZURE,0.55379,CJ,0.670659,0.553790,2.902900,1
688,22.9563,SEIZURE,0.55379,CJ,0.670659,0.553790,2.936267,1
689,22.9896,SEIZURE,0.55379,CJ,0.670659,0.553790,2.969633,1
690,23.023,SEIZURE,0.55379,CJ,0.719967,0.553790,3.003000,1
691,23.0564,SEIZURE,0.55379,CJ,0.719967,0.553790,3.036367,1
692,23.0897,SEIZURE,0.55379,CJ,0.719967,0.553790,3.069733,1
693,23.1231,SEIZURE,0.55379,CJ,0.719967,0.553790,3.103100,1
694,23.1565,SEIZURE,0.55379,CJ,0.719967,0.553790,3.136467,1
695,23.1898,SEIZURE,0.55379,CJ,0.719967,0.553790,3.169833,1
696,23.2232,SEIZURE,0.55379,CJ,0.719967,0.553790,3.203200,1
697,23.2566,SEIZURE,0.55379,CJ,0.719967,0.553790,3.236567,1
698,23.2899,SEIZURE,0.55379,CJ,0.719967,0.553790,3.269933,1
699,23.3233,SEIZURE,0.55379,CJ,0.719967,0.553790,3.303300,1
700,23.3567,SEIZURE,0.55379,CJ,0.719967,0.553790,3.336667,1
701,23.39,SEIZURE,0.55379,CJ,0.719967,0.553790,3.370033,1
702,23.4234,SEIZURE,0.55379,CJ,0.719967,0.553790,3.403400,1
703,23.4568,SEIZURE,0.55379,CJ,0.719967,0.553790,3.436767,1
704,23.4901,SEIZURE,0.55379,CJ,0.719967,0.553790,3.470133,1
705,23.5235,SEIZURE,0.55379,CJ,0.721977,0.553790,3.503500,1
706,23.5569,SEIZURE,0.55379,CJ,0.721977,0.553790,3.536867,1
707,23.5902,SEIZURE,0.55379,CJ,0.721977,0.553790,3.570233,1
708,23.6236,SEIZURE,0.55379,CJ,0.721977,0.553790,3.603600,1
709,23.657,SEIZURE,0.55379,CJ,0.721977,0.553790,3.636967,1
710,23.6903,SEIZURE,0.55379,CJ,0.721977,0.553790,3.670333,1
711,23.7237,SEIZURE,0.55379,CJ,0.721977,0.553790,3.703700,1
712,23.7571,SEIZURE,0.55379,CJ,0.721977,0.553790,3.737067,1
713,23.7904,SEIZURE,0.55379,CJ,0.721977,0.553790,3.770433,1
714,23.8238,SEIZURE,0.55379,CJ,0.721977,0.553790,3.803800,1
715,23.8572,SEIZURE,0.55379,CJ,0.721977,0.553790,3.837167,1
716,23.8905,SEIZURE,0.55379,CJ,0.721977,0.553790,3.870533,1
717,23.9239,SEIZURE,0.55379,CJ,0.721977,0.553790,3.903900,1
718,23.9573,SEIZURE,0.55379,CJ,0.721977,0.553790,3.937267,1
719,23.9906,SEIZURE,0.55379,CJ,0.721977,0.553790,3.970633,1
720,24.024,SEIZURE,0.55379,CJ,0.716991,0.553790,4.004000,1
721,24.0574,SEIZURE,0.55379,CJ,0.716991,0.553790,4.037367,1
722,24.0907,SEIZURE,0.55379,CJ,0.716991,0.553790,4.070733,1
723,24.1241,SEIZURE,0.55379,CJ,0.716991,0.553790,4.104100,1
724,24.1575,SEIZURE,0.55379,CJ,0.716991,0.553790,4.137467,1
725,24.1908,SEIZURE,0.55379,CJ,0.716991,0.553790,4.170833,1
726,24.2242,SEIZURE,0.55379,CJ,0.716991,0.553790,4.204200,1
727,24.2576,SEIZURE,0.55379,CJ,0.716991,0.553790,4.237567,1
728,24.2909,SEIZURE,0.55379,CJ,0.716991,0.553790,4.270933,1
729,24.3243,SEIZURE,0.55379,CJ,0.716991,0.553790,4.304300,1
730,24.3577,SEIZURE,0.55379,CJ,0.716991,0.553790,4.337667,1
731,24.391,SEIZURE,0.55379,CJ,0.716991,0.553790,4.371033,1
732,24.4244,SEIZURE,0.55379,CJ,0.716991,0.553790,4.404400,1
733,24.4578,SEIZURE,0.55379,CJ,0.716991,0.553790,4.437767,1
734,24.4911,SEIZURE,0.55379,CJ,0.716991,0.553790,4.471133,1
735,24.5245,SEIZURE,0.55379,CJ,0.718803,0.553790,4.504500,1
736,24.5579,SEIZURE,0.55379,CJ,0.718803,0.553790,4.537867,1
737,24.5912,SEIZURE,0.55379,CJ,0.718803,0.553790,4.571233,1
738,24.6246,SEIZURE,0.55379,CJ,0.718803,0.553790,4.604600,1
739,24.658,SEIZURE,0.55379,CJ,0.718803,0.553790,4.637967,1
740,24.6913,SEIZURE,0.55379,CJ,0.718803,0.553790,4.671333,1
741,24.7247,SEIZURE,0.55379,CJ,0.718803,0.553790,4.704700,1
742,24.7581,SEIZURE,0.55379,CJ,0.718803,0.553790,4.738067,1
743,24.7914,SEIZURE,0.55379,CJ,0.718803,0.553790,4.771433,1
744,24.8248,SEIZURE,0.55379,CJ,0.718803,0.553790,4.804800,1
745,24.8582,SEIZURE,0.55379,CJ,0.718803,0.553790,4.838167,1
746,24.8915,SEIZURE,0.55379,CJ,0.718803,0.553790,4.871533,1
747,24.9249,SEIZURE,0.55379,CJ,0.718803,0.553790,4.904900,1
748,24.9583,SEIZURE,0.55379,CJ,0.718803,0.553790,4.938267,1
749,24.9916,SEIZURE,0.55379,CJ,0.718803,0.553790,4.971633,1
750,25.025,SEIZURE,0.55379,CJ,0.701027,0.553790,5.005000,1
751,25.0584,SEIZURE,0.55379,CJ,0.701027,0.553790,5.038367,1
752,25.0917,SEIZURE,0.55379,CJ,0.701027,0.553790,5.071733,1
753,25.1251,SEIZURE,0.55379,CJ,0.701027,0.553790,5.105100,1
754,25.1585,SEIZURE,0.55379,CJ,0.701027,0.553790,5.138467,1
755,25.1918,SEIZURE,0.55379,CJ,0.701027,0.553790,5.171833,1
756,25.2252,SEIZURE,0.55379,CJ,0.701027,0.553790,5.205200,1
757,25.2586,SEIZURE,0.55379,CJ,0.701027,0.553790,5.238567,1
758,25.2919,SEIZURE,0.55379,CJ,0.701027,0.553790,5.271933,1
759,25.3253,SEIZURE,0.55379,CJ,0.701027,0.553790,5.305300,1
760,25.3587,SEIZURE,0.55379,CJ,0.701027,0.553790,5.338667,1
761,25.392,SEIZURE,0.55379,CJ,0.701027,0.553790,5.372033,1
762,25.4254,SEIZURE,0.55379,CJ,0.701027,0.553790,5.405400,1
763,25.4588,SEIZURE,0.55379,CJ,0.701027,0.553790,5.438767,1
764,25.4921,SEIZURE,0.55379,CJ,0.701027,0.553790,5.472133,1
765,25.5255,SEIZURE,0.56691,BLEND,0.615502,0.453530,0.500500,1
766,25.5589,SEIZURE,0.56691,BLEND,0.615502,0.453530,0.533867,1
767,25.5922,SEIZURE,0.56691,BLEND,0.615502,0.453530,0.567233,1
768,25.6256,SEIZURE,0.56691,BLEND,0.615502,0.453530,0.600600,1
769,25.659,SEIZURE,0.56691,BLEND,0.615502,0.453530,0.633967,1
770,25.6923,SEIZURE,0.56691,BLEND,0.615502,0.453530,0.667333,1
771,25.7257,SEIZURE,0.56691,BLEND,0.615502,0.453530,0.700700,1
772,25.7591,SEIZURE,0.56691,BLEND,0.615502,0.453530,0.734067,1
773,25.7924,SEIZURE,0.56691,BLEND,0.615502,0.453530,0.767433,1
774,25.8258,SEIZURE,0.56691,BLEND,0.615502,0.453530,0.800800,1
775,25.8592,SEIZURE,0.56691,BLEND,0.615502,0.453530,0.834167,1
776,25.8925,SEIZURE,0.56691,BLEND,0.615502,0.453530,0.867533,1
777,25.9259,SEIZURE,0.56691,BLEND,0.615502,0.453530,0.900900,1
778,25.9593,SEIZURE,0.56691,BLEND,0.615502,0.453530,0.934267,1
779,25.9926,SEIZURE,0.56691,BLEND,0.615502,0.453530,0.967633,1
780,26.026,SEIZURE,0.579058,BLEND,0.632856,0.453530,1.001000,1
781,26.0594,SEIZURE,0.579058,BLEND,0.632856,0.453530,1.034367,1
782,26.0927,SEIZURE,0.579058,BLEND,0.632856,0.453530,1.067733,1
783,26.1261,SEIZURE,0.579058,BLEND,0.632856,0.453530,1.101100,1
784,26.1595,SEIZURE,0.579058,BLEND,0.632856,0.453530,1.134467,1
785,26.1928,SEIZURE,0.579058,BLEND,0.632856,0.453530,1.167833,1
786,26.2262,SEIZURE,0.579058,BLEND,0.632856,0.453530,1.201200,1
787,26.2596,SEIZURE,0.579058,BLEND,0.632856,0.453530,1.234567,1
788,26.2929,SEIZURE,0.579058,BLEND,0.632856,0.453530,1.267933,1
789,26.3263,SEIZURE,0.579058,BLEND,0.632856,0.453530,1.301300,1
790,26.3597,SEIZURE,0.579058,BLEND,0.632856,0.453530,1.334667,1
791,26.393,SEIZURE,0.579058,BLEND,0.632856,0.453530,1.368033,1
792,26.4264,SEIZURE,0.579058,BLEND,0.632856,0.453530,1.401400,1
793,26.4598,SEIZURE,0.579058,BLEND,0.632856,0.453530,1.434767,1
794,26.4931,SEIZURE,0.579058,BLEND,0.632856,0.453530,1.468133,1
795,26.5265,SEIZURE,0.635698,BLEND,0.71377,0.453530,1.501500,1
796,26.5599,SEIZURE,0.635698,BLEND,0.71377,0.453530,1.534867,1
797,26.5932,SEIZURE,0.635698,BLEND,0.71377,0.453530,1.568233,1
798,26.6266,SEIZURE,0.635698,BLEND,0.71377,0.453530,1.601600,1
799,26.66,SEIZURE,0.635698,BLEND,0.71377,0.453530,1.634967,1
800,26.6933,SEIZURE,0.635698,BLEND,0.71377,0.453530,1.668333,1
801,26.7267,SEIZURE,0.635698,BLEND,0.71377,0.453530,1.701700,1
802,26.7601,SEIZURE,0.635698,BLEND,0.71377,0.453530,1.735067,1
803,26.7934,SEIZURE,0.635698,BLEND,0.71377,0.453530,1.768433,1
804,26.8268,SEIZURE,0.635698,BLEND,0.71377,0.453530,1.801800,1
805,26.8602,SEIZURE,0.635698,BLEND,0.71377,0.453530,1.835167,1
806,26.8935,SEIZURE,0.635698,BLEND,0.71377,0.453530,1.868533,1
807,26.9269,SEIZURE,0.635698,BLEND,0.71377,0.453530,1.901900,1
808,26.9603,SEIZURE,0.635698,BLEND,0.71377,0.453530,1.935267,1
809,26.9936,SEIZURE,0.635698,BLEND,0.71377,0.453530,1.968633,1
810,27.027,SEIZURE,0.581037,BLEND,0.635683,0.453530,2.002000,1
811,27.0604,SEIZURE,0.581037,BLEND,0.635683,0.453530,2.035367,1
812,27.0937,SEIZURE,0.581037,BLEND,0.635683,0.453530,2.068733,1
813,27.1271,SEIZURE,0.581037,BLEND,0.635683,0.453530,2.102100,1
814,27.1605,SEIZURE,0.581037,BLEND,0.635683,0.453530,2.135467,1
815,27.1938,SEIZURE,0.581037,BLEND,0.635683,0.453530,2.168833,1
816,27.2272,SEIZURE,0.581037,BLEND,0.635683,0.453530,2.202200,1
817,27.2606,SEIZURE,0.581037,BLEND,0.635683,0.453530,2.235567,1
818,27.2939,SEIZURE,0.581037,BLEND,0.635683,0.453530,2.268933,1
819,27.3273,SEIZURE,0.581037,BLEND,0.635683,0.453530,2.302300,1
820,27.3607,SEIZURE,0.581037,BLEND,0.635683,0.453530,2.335667,1
821,27.394,SEIZURE,0.581037,BLEND,0.635683,0.453530,2.369033,1
822,27.4274,SEIZURE,0.581037,BLEND,0.635683,0.453530,2.402400,1
823,27.4608,SEIZURE,0.581037,BLEND,0.635683,0.453530,2.435767,1
824,27.4941,SEIZURE,0.581037,BLEND,0.635683,0.453530,2.469133,1
825,27.5275,SEIZURE,0.622085,BLEND,0.694323,0.453530,2.502500,1
826,27.5609,SEIZURE,0.622085,BLEND,0.694323,0.453530,2.535867,1
827,27.5942,SEIZURE,0.622085,BLEND,0.694323,0.453530,2.569233,1
828,27.6276,SEIZURE,0.622085,BLEND,0.694323,0.453530,2.602600,1
829,27.661,SEIZURE,0.622085,BLEND,0.694323,0.453530,2.635967,1
830,27.6943,SEIZURE,0.622085,BLEND,0.694323,0.453530,2.669333,1
831,27.7277,SEIZURE,0.622085,BLEND,0.694323,0.453530,2.702700,1
832,27.7611,SEIZURE,0.622085,BLEND,0.694323,0.453530,2.736067,1
833,27.7944,SEIZURE,0.622085,BLEND,0.694323,0.453530,2.769433,1
834,27.8278,SEIZURE,0.622085,BLEND,0.694323,0.453530,2.802800,1
835,27.8612,SEIZURE,0.622085,BLEND,0.694323,0.453530,2.836167,1
836,27.8945,SEIZURE,0.622085,BLEND,0.694323,0.453530,2.869533,1
837,27.9279,SEIZURE,0.622085,BLEND,0.694323,0.453530,2.902900,1
838,27.9613,SEIZURE,0.622085,BLEND,0.694323,0.453530,2.936267,1
839,27.9946,SEIZURE,0.622085,BLEND,0.694323,0.453530,2.969633,1
840,28.028,SEIZURE,0.640019,BLEND,0.719943,0.453530,3.003000,1
841,28.0614,SEIZURE,0.640019,BLEND,0.719943,0.453530,3.036367,1
842,28.0947,SEIZURE,0.640019,BLEND,0.719943,0.453530,3.069733,1
843,28.1281,SEIZURE,0.640019,BLEND,0.719943,0.453530,3.103100,1
844,28.1615,SEIZURE,0.640019,BLEND,0.719943,0.453530,3.136467,1
845,28.1948,SEIZURE,0.640019,BLEND,0.719943,0.453530,3.169833,1
846,28.2282,SEIZURE,0.640019,BLEND,0.719943,0.453530,3.203200,1
847,28.2616,SEIZURE,0.640019,BLEND,0.719943,0.453530,3.236567,1
848,28.2949,SEIZURE,0.640019,BLEND,0.719943,0.453530,3.269933,1
849,28.3283,SEIZURE,0.640019,BLEND,0.719943,0.453530,3.303300,1
850,28.3617,SEIZURE,0.640019,BLEND,0.719943,0.453530,3.336667,1
851,28.395,SEIZURE,0.640019,BLEND,0.719943,0.453530,3.370033,1
852,28.4284,SEIZURE,0.640019,BLEND,0.719943,0.453530,3.403400,1
853,28.4618,SEIZURE,0.640019,BLEND,0.719943,0.453530,3.436767,1
854,28.4951,SEIZURE,0.640019,BLEND,0.719943,0.453530,3.470133,1
855,28.5285,SEIZURE,0.609081,BLEND,0.675745,0.453530,3.503500,1
856,28.5619,SEIZURE,0.609081,BLEND,0.675745,0.453530,3.536867,1
857,28.5952,SEIZURE,0.609081,BLEND,0.675745,0.453530,3.570233,1
858,28.6286,SEIZURE,0.609081,BLEND,0.675745,0.453530,3.603600,1
859,28.662,SEIZURE,0.609081,BLEND,0.675745,0.453530,3.636967,1
860,28.6953,SEIZURE,0.609081,BLEND,0.675745,0.453530,3.670333,1
861,28.7287,SEIZURE,0.609081,BLEND,0.675745,0.453530,3.703700,1
862,28.7621,SEIZURE,0.609081,BLEND,0.675745,0.453530,3.737067,1
863,28.7954,SEIZURE,0.609081,BLEND,0.675745,0.453530,3.770433,1
864,28.8288,SEIZURE,0.609081,BLEND,0.675745,0.453530,3.803800,1
865,28.8622,SEIZURE,0.609081,BLEND,0.675745,0.453530,3.837167,1
866,28.8955,SEIZURE,0.609081,BLEND,0.675745,0.453530,3.870533,1
867,28.9289,SEIZURE,0.609081,BLEND,0.675745,0.453530,3.903900,1
868,28.9623,SEIZURE,0.609081,BLEND,0.675745,0.453530,3.937267,1
869,28.9956,SEIZURE,0.609081,BLEND,0.675745,0.453530,3.970633,1
870,29.029,SEIZURE,0.640415,BLEND,0.720509,0.453530,4.004000,1
871,29.0624,SEIZURE,0.640415,BLEND,0.720509,0.453530,4.037367,1
872,29.0957,SEIZURE,0.640415,BLEND,0.720509,0.453530,4.070733,1
873,29.1291,SEIZURE,0.640415,BLEND,0.720509,0.453530,4.104100,1
874,29.1625,SEIZURE,0.640415,BLEND,0.720509,0.453530,4.137467,1
875,29.1958,SEIZURE,0.640415,BLEND,0.720509,0.453530,4.170833,1
876,29.2292,SEIZURE,0.640415,BLEND,0.720509,0.453530,4.204200,1
877,29.2626,SEIZURE,0.640415,BLEND,0.720509,0.453530,4.237567,1
878,29.2959,SEIZURE,0.640415,BLEND,0.720509,0.453530,4.270933,1
879,29.3293,SEIZURE,0.640415,BLEND,0.720509,0.453530,4.304300,1
880,29.3627,SEIZURE,0.640415,BLEND,0.720509,0.453530,4.337667,1
881,29.396,SEIZURE,0.640415,BLEND,0.720509,0.453530,4.371033,1
882,29.4294,SEIZURE,0.640415,BLEND,0.720509,0.453530,4.404400,1
883,29.4628,SEIZURE,0.640415,BLEND,0.720509,0.453530,4.437767,1
884,29.4961,SEIZURE,0.640415,BLEND,0.720509,0.453530,4.471133,1
885,29.5295,SEIZURE,0.630946,BLEND,0.706981,0.453530,4.504500,1
886,29.5629,SEIZURE,0.630946,BLEND,0.706981,0.453530,4.537867,1
887,29.5962,SEIZURE,0.630946,BLEND,0.706981,0.453530,4.571233,1
888,29.6296,SEIZURE,0.630946,BLEND,0.706981,0.453530,4.604600,1
889,29.663,SEIZURE,0.630946,BLEND,0.706981,0.453530,4.637967,1
890,29.6963,SEIZURE,0.630946,BLEND,0.706981,0.453530,4.671333,1
891,29.7297,SEIZURE,0.630946,BLEND,0.706981,0.453530,4.704700,1
892,29.7631,SEIZURE,0.630946,BLEND,0.706981,0.453530,4.738067,1
893,29.7964,SEIZURE,0.630946,BLEND,0.706981,0.453530,4.771433,1
894,29.8298,SEIZURE,0.630946,BLEND,0.706981,0.453530,4.804800,1
895,29.8632,SEIZURE,0.630946,BLEND,0.706981,0.453530,4.838167,1
896,29.8965,SEIZURE,0.630946,BLEND,0.706981,0.453530,4.871533,1
897,29.9299,SEIZURE,0.630946,BLEND,0.706981,0.453530,4.904900,1
898,29.9633,SEIZURE,0.630946,BLEND,0.706981,0.453530,4.938267,1
899,29.9966,SEIZURE,0.630946,BLEND,0.706981,0.453530,4.971633,1
900,30.03,SEIZURE,0.640708,BLEND,0.720926,0.453530,5.005000,1
901,30.0634,SEIZURE,0.640708,BLEND,0.720926,0.453530,5.038367,1
902,30.0967,SEIZURE,0.640708,BLEND,0.720926,0.453530,5.071733,1
903,30.1301,SEIZURE,0.640708,BLEND,0.720926,0.453530,5.105100,1
904,30.1635,SEIZURE,0.640708,BLEND,0.720926,0.453530,5.138467,1
905,30.1968,SEIZURE,0.640708,BLEND,0.720926,0.453530,5.171833,1
906,30.2302,SEIZURE,0.640708,BLEND,0.720926,0.453530,5.205200,1
907,30.2636,SEIZURE,0.640708,BLEND,0.720926,0.453530,5.238567,1
908,30.2969,SEIZURE,0.640708,BLEND,0.720926,0.453530,5.271933,1
909,30.3303,SEIZURE,0.640708,BLEND,0.720926,0.453530,5.305300,1
910,30.3637,SEIZURE,0.640708,BLEND,0.720926,0.453530,5.338667,1
911,30.397,SEIZURE,0.640708,BLEND,0.720926,0.453530,5.372033,1
912,30.4304,SEIZURE,0.640708,BLEND,0.720926,0.453530,5.405400,1
913,30.4638,SEIZURE,0.640708,BLEND,0.720926,0.453530,5.438767,1
914,30.4971,SEIZURE,0.640708,BLEND,0.720926,0.453530,5.472133,1
915,30.5305,SEIZURE,0.524599,CJ,0.722277,0.524599,0.500500,1
916,30.5639,SEIZURE,0.524599,CJ,0.722277,0.524599,0.533867,1
917,30.5972,SEIZURE,0.524599,CJ,0.722277,0.524599,0.567233,1
918,30.6306,SEIZURE,0.524599,CJ,0.722277,0.524599,0.600600,1
919,30.664,SEIZURE,0.524599,CJ,0.722277,0.524599,0.633967,1
920,30.6973,SEIZURE,0.524599,CJ,0.722277,0.524599,0.667333,1
921,30.7307,SEIZURE,0.524599,CJ,0.722277,0.524599,0.700700,1
922,30.7641,SEIZURE,0.524599,CJ,0.722277,0.524599,0.734067,1
923,30.7974,SEIZURE,0.524599,CJ,0.722277,0.524599,0.767433,1
924,30.8308,SEIZURE,0.524599,CJ,0.722277,0.524599,0.800800,1
925,30.8642,SEIZURE,0.524599,CJ,0.722277,0.524599,0.834167,1
926,30.8975,SEIZURE,0.524599,CJ,0.722277,0.524599,0.867533,1
927,30.9309,SEIZURE,0.524599,CJ,0.722277,0.524599,0.900900,1
928,30.9643,SEIZURE,0.524599,CJ,0.722277,0.524599,0.934267,1
929,30.9976,SEIZURE,0.524599,CJ,0.722277,0.524599,0.967633,1
930,31.031,SEIZURE,0.524599,CJ,0.722273,0.524599,1.001000,1
931,31.0644,SEIZURE,0.524599,CJ,0.722273,0.524599,1.034367,1
932,31.0977,SEIZURE,0.524599,CJ,0.722273,0.524599,1.067733,1
933,31.1311,SEIZURE,0.524599,CJ,0.722273,0.524599,1.101100,1
934,31.1645,SEIZURE,0.524599,CJ,0.722273,0.524599,1.134467,1
935,31.1978,SEIZURE,0.524599,CJ,0.722273,0.524599,1.167833,1
936,31.2312,SEIZURE,0.524599,CJ,0.722273,0.524599,1.201200,1
937,31.2646,SEIZURE,0.524599,CJ,0.722273,0.524599,1.234567,1
938,31.2979,SEIZURE,0.524599,CJ,0.722273,0.524599,1.267933,1
939,31.3313,SEIZURE,0.524599,CJ,0.722273,0.524599,1.301300,1
940,31.3647,SEIZURE,0.524599,CJ,0.722273,0.524599,1.334667,1
941,31.398,SEIZURE,0.524599,CJ,0.722273,0.524599,1.368033,1
942,31.4314,SEIZURE,0.524599,CJ,0.722273,0.524599,1.401400,1
943,31.4648,SEIZURE,0.524599,CJ,0.722273,0.524599,1.434767,1
944,31.4981,SEIZURE,0.524599,CJ,0.722273,0.524599,1.468133,1
945,31.5315,SEIZURE,0.524599,CJ,0.722247,0.524599,1.501500,1
946,31.5649,SEIZURE,0.524599,CJ,0.722247,0.524599,1.534867,1
947,31.5982,SEIZURE,0.524599,CJ,0.722247,0.524599,1.568233,1
948,31.6316,SEIZURE,0.524599,CJ,0.722247,0.524599,1.601600,1
949,31.665,SEIZURE,0.524599,CJ,0.722247,0.524599,1.634967,1
950,31.6983,SEIZURE,0.524599,CJ,0.722247,0.524599,1.668333,1
951,31.7317,SEIZURE,0.524599,CJ,0.722247,0.524599,1.701700,1
952,31.7651,SEIZURE,0.524599,CJ,0.722247,0.524599,1.735067,1
953,31.7984,SEIZURE,0.524599,CJ,0.722247,0.524599,1.768433,1
954,31.8318,SEIZURE,0.524599,CJ,0.722247,0.524599,1.801800,1
955,31.8652,SEIZURE,0.524599,CJ,0.722247,0.524599,1.835167,1
956,31.8985,SEIZURE,0.524599,CJ,0.722247,0.524599,1.868533,1
957,31.9319,SEIZURE,0.524599,CJ,0.722247,0.524599,1.901900,1
958,31.9653,SEIZURE,0.524599,CJ,0.722247,0.524599,1.935267,1
959,31.9986,SEIZURE,0.524599,CJ,0.722247,0.524599,1.968633,1
960,32.032,SEIZURE,0.524599,CJ,0.722227,0.524599,2.002000,1
961,32.0654,SEIZURE,0.524599,CJ,0.722227,0.524599,2.035367,1
962,32.0987,SEIZURE,0.524599,CJ,0.722227,0.524599,2.068733,1
963,32.1321,SEIZURE,0.524599,CJ,0.722227,0.524599,2.102100,1
964,32.1655,SEIZURE,0.524599,CJ,0.722227,0.524599,2.135467,1
965,32.1988,SEIZURE,0.524599,CJ,0.722227,0.524599,2.168833,1
966,32.2322,SEIZURE,0.524599,CJ,0.722227,0.524599,2.202200,1
967,32.2656,SEIZURE,0.524599,CJ,0.722227,0.524599,2.235567,1
968,32.2989,SEIZURE,0.524599,CJ,0.722227,0.524599,2.268933,1
969,32.3323,SEIZURE,0.524599,CJ,0.722227,0.524599,2.302300,1
970,32.3657,SEIZURE,0.524599,CJ,0.722227,0.524599,2.335667,1
971,32.399,SEIZURE,0.524599,CJ,0.722227,0.524599,2.369033,1
972,32.4324,SEIZURE,0.524599,CJ,0.722227,0.524599,2.402400,1
973,32.4658,SEIZURE,0.524599,CJ,0.722227,0.524599,2.435767,1
974,32.4991,SEIZURE,0.524599,CJ,0.722227,0.524599,2.469133,1
975,32.5325,SEIZURE,0.524599,CJ,0.722062,0.524599,2.502500,1
976,32.5659,SEIZURE,0.524599,CJ,0.722062,0.524599,2.535867,1
977,32.5992,SEIZURE,0.524599,CJ,0.722062,0.524599,2.569233,1
978,32.6326,SEIZURE,0.524599,CJ,0.722062,0.524599,2.602600,1
979,32.666,SEIZURE,0.524599,CJ,0.722062,0.524599,2.635967,1
980,32.6993,SEIZURE,0.524599,CJ,0.722062,0.524599,2.669333,1
981,32.7327,SEIZURE,0.524599,CJ,0.722062,0.524599,2.702700,1
982,32.7661,SEIZURE,0.524599,CJ,0.722062,0.524599,2.736067,1
983,32.7994,SEIZURE,0.524599,CJ,0.722062,0.524599,2.769433,1
984,32.8328,SEIZURE,0.524599,CJ,0.722062,0.524599,2.802800,1
985,32.8662,SEIZURE,0.524599,CJ,0.722062,0.524599,2.836167,1
986,32.8995,SEIZURE,0.524599,CJ,0.722062,0.524599,2.869533,1
987,32.9329,SEIZURE,0.524599,CJ,0.722062,0.524599,2.902900,1
988,32.9663,SEIZURE,0.524599,CJ,0.722062,0.524599,2.936267,1
989,32.9996,SEIZURE,0.524599,CJ,0.722062,0.524599,2.969633,1
990,33.033,SEIZURE,0.524599,CJ,0.721358,0.524599,3.003000,1
991,33.0664,SEIZURE,0.524599,CJ,0.721358,0.524599,3.036367,1
992,33.0997,SEIZURE,0.524599,CJ,0.721358,0.524599,3.069733,1
993,33.1331,SEIZURE,0.524599,CJ,0.721358,0.524599,3.103100,1
994,33.1665,SEIZURE,0.524599,CJ,0.721358,0.524599,3.136467,1
995,33.1998,SEIZURE,0.524599,CJ,0.721358,0.524599,3.169833,1
996,33.2332,SEIZURE,0.524599,CJ,0.721358,0.524599,3.203200,1
997,33.2666,SEIZURE,0.524599,CJ,0.721358,0.524599,3.236567,1
998,33.2999,SEIZURE,0.524599,CJ,0.721358,0.524599,3.269933,1
999,33.3333,SEIZURE,0.524599,CJ,0.721358,0.524599,3.303300,1
1000,33.3667,SEIZURE,0.524599,CJ,0.721358,0.524599,3.336667,1
1001,33.4,SEIZURE,0.524599,CJ,0.721358,0.524599,3.370033,1
1002,33.4334,SEIZURE,0.524599,CJ,0.721358,0.524599,3.403400,1
1003,33.4668,SEIZURE,0.524599,CJ,0.721358,0.524599,3.436767,1
1004,33.5001,SEIZURE,0.524599,CJ,0.721358,0.524599,3.470133,1
1005,33.5335,SEIZURE,0.524599,CJ,0.720836,0.524599,3.503500,1
1006,33.5669,SEIZURE,0.524599,CJ,0.720836,0.524599,3.536867,1
1007,33.6002,SEIZURE,0.524599,CJ,0.720836,0.524599,3.570233,1
1008,33.6336,SEIZURE,0.524599,CJ,0.720836,0.524599,3.603600,1
1009,33.667,SEIZURE,0.524599,CJ,0.720836,0.524599,3.636967,1
1010,33.7003,SEIZURE,0.524599,CJ,0.720836,0.524599,3.670333,1
1011,33.7337,SEIZURE,0.524599,CJ,0.720836,0.524599,3.703700,1
1012,33.7671,SEIZURE,0.524599,CJ,0.720836,0.524599,3.737067,1
1013,33.8004,SEIZURE,0.524599,CJ,0.720836,0.524599,3.770433,1
1014,33.8338,SEIZURE,0.524599,CJ,0.720836,0.524599,3.803800,1
1015,33.8672,SEIZURE,0.524599,CJ,0.720836,0.524599,3.837167,1
1016,33.9005,SEIZURE,0.524599,CJ,0.720836,0.524599,3.870533,1
1017,33.9339,SEIZURE,0.524599,CJ,0.720836,0.524599,3.903900,1
1018,33.9673,SEIZURE,0.524599,CJ,0.720836,0.524599,3.937267,1
1019,34.0006,SEIZURE,0.524599,CJ,0.720836,0.524599,3.970633,1
1020,34.034,SEIZURE,0.524599,CJ,0.72194,0.524599,4.004000,1
1021,34.0674,SEIZURE,0.524599,CJ,0.72194,0.524599,4.037367,1
1022,34.1007,SEIZURE,0.524599,CJ,0.72194,0.524599,4.070733,1
1023,34.1341,SEIZURE,0.524599,CJ,0.72194,0.524599,4.104100,1
1024,34.1675,SEIZURE,0.524599,CJ,0.72194,0.524599,4.137467,1
1025,34.2008,SEIZURE,0.524599,CJ,0.72194,0.524599,4.170833,1
1026,34.2342,SEIZURE,0.524599,CJ,0.72194,0.524599,4.204200,1
1027,34.2676,SEIZURE,0.524599,CJ,0.72194,0.524599,4.237567,1
1028,34.3009,SEIZURE,0.524599,CJ,0.72194,0.524599,4.270933,1
1029,34.3343,SEIZURE,0.524599,CJ,0.72194,0.524599,4.304300,1
1030,34.3677,SEIZURE,0.524599,CJ,0.72194,0.524599,4.337667,1
1031,34.401,SEIZURE,0.524599,CJ,0.72194,0.524599,4.371033,1
1032,34.4344,SEIZURE,0.524599,CJ,0.72194,0.524599,4.404400,1
1033,34.4678,SEIZURE,0.524599,CJ,0.72194,0.524599,4.437767,1
1034,34.5011,SEIZURE,0.524599,CJ,0.72194,0.524599,4.471133,1
1035,34.5345,SEIZURE,0.524599,CJ,0.683903,0.524599,4.504500,1
1036,34.5679,SEIZURE,0.524599,CJ,0.683903,0.524599,4.537867,1
1037,34.6012,SEIZURE,0.524599,CJ,0.683903,0.524599,4.571233,1
1038,34.6346,SEIZURE,0.524599,CJ,0.683903,0.524599,4.604600,1
1039,34.668,SEIZURE,0.524599,CJ,0.683903,0.524599,4.637967,1
1040,34.7013,SEIZURE,0.524599,CJ,0.683903,0.524599,4.671333,1
1041,34.7347,SEIZURE,0.524599,CJ,0.683903,0.524599,4.704700,1
1042,34.7681,SEIZURE,0.524599,CJ,0.683903,0.524599,4.738067,1
1043,34.8014,SEIZURE,0.524599,CJ,0.683903,0.524599,4.771433,1
1044,34.8348,SEIZURE,0.524599,CJ,0.683903,0.524599,4.804800,1
1045,34.8682,SEIZURE,0.524599,CJ,0.683903,0.524599,4.838167,1
1046,34.9015,SEIZURE,0.524599,CJ,0.683903,0.524599,4.871533,1
1047,34.9349,SEIZURE,0.524599,CJ,0.683903,0.524599,4.904900,1
1048,34.9683,SEIZURE,0.524599,CJ,0.683903,0.524599,4.938267,1
1049,35.0016,SEIZURE,0.524599,CJ,0.683903,0.524599,4.971633,1
1050,35.035,SEIZURE,0.524599,CJ,0.72205,0.524599,5.005000,1
1051,35.0684,SEIZURE,0.524599,CJ,0.72205,0.524599,5.038367,1
1052,35.1017,SEIZURE,0.524599,CJ,0.72205,0.524599,5.071733,1
1053,35.1351,SEIZURE,0.524599,CJ,0.72205,0.524599,5.105100,1
1054,35.1685,SEIZURE,0.524599,CJ,0.72205,0.524599,5.138467,1
1055,35.2018,SEIZURE,0.524599,CJ,0.72205,0.524599,5.171833,1
1056,35.2352,SEIZURE,0.524599,CJ,0.72205,0.524599,5.205200,1
1057,35.2686,SEIZURE,0.524599,CJ,0.72205,0.524599,5.238567,1
1058,35.3019,SEIZURE,0.524599,CJ,0.72205,0.524599,5.271933,1
1059,35.3353,SEIZURE,0.524599,CJ,0.72205,0.524599,5.305300,1
1060,35.3687,SEIZURE,0.524599,CJ,0.72205,0.524599,5.338667,1
1061,35.402,SEIZURE,0.524599,CJ,0.72205,0.524599,5.372033,1
1062,35.4354,SEIZURE,0.524599,CJ,0.72205,0.524599,5.405400,1
1063,35.4688,SEIZURE,0.524599,CJ,0.72205,0.524599,5.438767,1
1064,35.5021,SEIZURE,0.524599,CJ,0.72205,0.524599,5.472133,1
1065,35.5355,SEIZURE,0.704658,CJ,0.713132,0.704658,0.500500,1
1066,35.5689,SEIZURE,0.704658,CJ,0.713132,0.704658,0.533867,1
1067,35.6022,SEIZURE,0.704658,CJ,0.713132,0.704658,0.567233,1
1068,35.6356,SEIZURE,0.704658,CJ,0.713132,0.704658,0.600600,1
1069,35.669,SEIZURE,0.704658,CJ,0.713132,0.704658,0.633967,1
1070,35.7023,SEIZURE,0.704658,CJ,0.713132,0.704658,0.667333,1
1071,35.7357,SEIZURE,0.704658,CJ,0.713132,0.704658,0.700700,1
1072,35.7691,SEIZURE,0.704658,CJ,0.713132,0.704658,0.734067,1
1073,35.8024,SEIZURE,0.704658,CJ,0.713132,0.704658,0.767433,1
1074,35.8358,SEIZURE,0.704658,CJ,0.713132,0.704658,0.800800,1
1075,35.8692,SEIZURE,0.704658,CJ,0.713132,0.704658,0.834167,1
1076,35.9025,SEIZURE,0.704658,CJ,0.713132,0.704658,0.867533,1
1077,35.9359,SEIZURE,0.704658,CJ,0.713132,0.704658,0.900900,1
1078,35.9693,SEIZURE,0.704658,CJ,0.713132,0.704658,0.934267,1
1079,36.0026,SEIZURE,0.704658,CJ,0.713132,0.704658,0.967633,1
1080,36.036,SEIZURE,0.704658,CJ,0.71971,0.704658,1.001000,1
1081,36.0694,SEIZURE,0.704658,CJ,0.71971,0.704658,1.034367,1
1082,36.1027,SEIZURE,0.704658,CJ,0.71971,0.704658,1.067733,1
1083,36.1361,SEIZURE,0.704658,CJ,0.71971,0.704658,1.101100,1
1084,36.1695,SEIZURE,0.704658,CJ,0.71971,0.704658,1.134467,1
1085,36.2028,SEIZURE,0.704658,CJ,0.71971,0.704658,1.167833,1
1086,36.2362,SEIZURE,0.704658,CJ,0.71971,0.704658,1.201200,1
1087,36.2696,SEIZURE,0.704658,CJ,0.71971,0.704658,1.234567,1
1088,36.3029,SEIZURE,0.704658,CJ,0.71971,0.704658,1.267933,1
1089,36.3363,SEIZURE,0.704658,CJ,0.71971,0.704658,1.301300,1
1090,36.3697,SEIZURE,0.704658,CJ,0.71971,0.704658,1.334667,1
1091,36.403,SEIZURE,0.704658,CJ,0.71971,0.704658,1.368033,1
1092,36.4364,SEIZURE,0.704658,CJ,0.71971,0.704658,1.401400,1
1093,36.4698,SEIZURE,0.704658,CJ,0.71971,0.704658,1.434767,1
1094,36.5031,SEIZURE,0.704658,CJ,0.71971,0.704658,1.468133,1
1095,36.5365,SEIZURE,0.704658,CJ,0.721756,0.704658,1.501500,1
1096,36.5699,SEIZURE,0.704658,CJ,0.721756,0.704658,1.534867,1
1097,36.6032,SEIZURE,0.704658,CJ,0.721756,0.704658,1.568233,1
1098,36.6366,SEIZURE,0.704658,CJ,0.721756,0.704658,1.601600,1
1099,36.67,SEIZURE,0.704658,CJ,0.721756,0.704658,1.634967,1
1100,36.7033,SEIZURE,0.704658,CJ,0.721756,0.704658,1.668333,1
1101,36.7367,SEIZURE,0.704658,CJ,0.721756,0.704658,1.701700,1
1102,36.7701,SEIZURE,0.704658,CJ,0.721756,0.704658,1.735067,1
1103,36.8034,SEIZURE,0.704658,CJ,0.721756,0.704658,1.768433,1
1104,36.8368,SEIZURE,0.704658,CJ,0.721756,0.704658,1.801800,1
1105,36.8702,SEIZURE,0.704658,CJ,0.721756,0.704658,1.835167,1
1106,36.9035,SEIZURE,0.704658,CJ,0.721756,0.704658,1.868533,1
1107,36.9369,SEIZURE,0.704658,CJ,0.721756,0.704658,1.901900,1
1108,36.9703,SEIZURE,0.704658,CJ,0.721756,0.704658,1.935267,1
1109,37.0036,SEIZURE,0.704658,CJ,0.721756,0.704658,1.968633,1
1110,37.037,SEIZURE,0.704658,CJ,0.721044,0.704658,2.002000,1
1111,37.0704,SEIZURE,0.704658,CJ,0.721044,0.704658,2.035367,1
1112,37.1037,SEIZURE,0.704658,CJ,0.721044,0.704658,2.068733,1
1113,37.1371,SEIZURE,0.704658,CJ,0.721044,0.704658,2.102100,1
1114,37.1705,SEIZURE,0.704658,CJ,0.721044,0.704658,2.135467,1
1115,37.2038,SEIZURE,0.704658,CJ,0.721044,0.704658,2.168833,1
1116,37.2372,SEIZURE,0.704658,CJ,0.721044,0.704658,2.202200,1
1117,37.2706,SEIZURE,0.704658,CJ,0.721044,0.704658,2.235567,1
1118,37.3039,SEIZURE,0.704658,CJ,0.721044,0.704658,2.268933,1
1119,37.3373,SEIZURE,0.704658,CJ,0.721044,0.704658,2.302300,1
1120,37.3707,SEIZURE,0.704658,CJ,0.721044,0.704658,2.335667,1
1121,37.404,SEIZURE,0.704658,CJ,0.721044,0.704658,2.369033,1
1122,37.4374,SEIZURE,0.704658,CJ,0.721044,0.704658,2.402400,1
1123,37.4708,SEIZURE,0.704658,CJ,0.721044,0.704658,2.435767,1
1124,37.5041,SEIZURE,0.704658,CJ,0.721044,0.704658,2.469133,1
1125,37.5375,SEIZURE,0.704658,CJ,0.717245,0.704658,2.502500,1
1126,37.5709,SEIZURE,0.704658,CJ,0.717245,0.704658,2.535867,1
1127,37.6042,SEIZURE,0.704658,CJ,0.717245,0.704658,2.569233,1
1128,37.6376,SEIZURE,0.704658,CJ,0.717245,0.704658,2.602600,1
1129,37.671,SEIZURE,0.704658,CJ,0.717245,0.704658,2.635967,1
1130,37.7043,SEIZURE,0.704658,CJ,0.717245,0.704658,2.669333,1
1131,37.7377,SEIZURE,0.704658,CJ,0.717245,0.704658,2.702700,1
1132,37.7711,SEIZURE,0.704658,CJ,0.717245,0.704658,2.736067,1
1133,37.8044,SEIZURE,0.704658,CJ,0.717245,0.704658,2.769433,1
1134,37.8378,SEIZURE,0.704658,CJ,0.717245,0.704658,2.802800,1
1135,37.8712,SEIZURE,0.704658,CJ,0.717245,0.704658,2.836167,1
1136,37.9045,SEIZURE,0.704658,CJ,0.717245,0.704658,2.869533,1
1137,37.9379,SEIZURE,0.704658,CJ,0.717245,0.704658,2.902900,1
1138,37.9713,SEIZURE,0.704658,CJ,0.717245,0.704658,2.936267,1
1139,38.0046,SEIZURE,0.704658,CJ,0.717245,0.704658,2.969633,1
1140,38.038,SEIZURE,0.704658,CJ,0.630757,0.704658,3.003000,1
1141,38.0714,SEIZURE,0.704658,CJ,0.630757,0.704658,3.036367,1
1142,38.1047,SEIZURE,0.704658,CJ,0.630757,0.704658,3.069733,1
1143,38.1381,SEIZURE,0.704658,CJ,0.630757,0.704658,3.103100,1
1144,38.1715,SEIZURE,0.704658,CJ,0.630757,0.704658,3.136467,1
1145,38.2048,SEIZURE,0.704658,CJ,0.630757,0.704658,3.169833,1
1146,38.2382,SEIZURE,0.704658,CJ,0.630757,0.704658,3.203200,1
1147,38.2716,SEIZURE,0.704658,CJ,0.630757,0.704658,3.236567,1
1148,38.3049,SEIZURE,0.704658,CJ,0.630757,0.704658,3.269933,1
1149,38.3383,SEIZURE,0.704658,CJ,0.630757,0.704658,3.303300,1
1150,38.3717,SEIZURE,0.704658,CJ,0.630757,0.704658,3.336667,1
1151,38.405,SEIZURE,0.704658,CJ,0.630757,0.704658,3.370033,1
1152,38.4384,SEIZURE,0.704658,CJ,0.630757,0.704658,3.403400,1
1153,38.4718,SEIZURE,0.704658,CJ,0.630757,0.704658,3.436767,1
1154,38.5051,SEIZURE,0.704658,CJ,0.630757,0.704658,3.470133,1
1155,38.5385,SEIZURE,0.704658,CJ,0.720439,0.704658,3.503500,1
1156,38.5719,SEIZURE,0.704658,CJ,0.720439,0.704658,3.536867,1
1157,38.6052,SEIZURE,0.704658,CJ,0.720439,0.704658,3.570233,1
1158,38.6386,SEIZURE,0.704658,CJ,0.720439,0.704658,3.603600,1
1159,38.672,SEIZURE,0.704658,CJ,0.720439,0.704658,3.636967,1
1160,38.7053,SEIZURE,0.704658,CJ,0.720439,0.704658,3.670333,1
1161,38.7387,SEIZURE,0.704658,CJ,0.720439,0.704658,3.703700,1
1162,38.7721,SEIZURE,0.704658,CJ,0.720439,0.704658,3.737067,1
1163,38.8054,SEIZURE,0.704658,CJ,0.720439,0.704658,3.770433,1
1164,38.8388,SEIZURE,0.704658,CJ,0.720439,0.704658,3.803800,1
1165,38.8722,SEIZURE,0.704658,CJ,0.720439,0.704658,3.837167,1
1166,38.9055,SEIZURE,0.704658,CJ,0.720439,0.704658,3.870533,1
1167,38.9389,SEIZURE,0.704658,CJ,0.720439,0.704658,3.903900,1
1168,38.9723,SEIZURE,0.704658,CJ,0.720439,0.704658,3.937267,1
1169,39.0056,SEIZURE,0.704658,CJ,0.720439,0.704658,3.970633,1
1170,39.039,SEIZURE,0.704658,CJ,0.567262,0.704658,4.004000,1
1171,39.0724,SEIZURE,0.704658,CJ,0.567262,0.704658,4.037367,1
1172,39.1057,SEIZURE,0.704658,CJ,0.567262,0.704658,4.070733,1
1173,39.1391,SEIZURE,0.704658,CJ,0.567262,0.704658,4.104100,1
1174,39.1725,SEIZURE,0.704658,CJ,0.567262,0.704658,4.137467,1
1175,39.2058,SEIZURE,0.704658,CJ,0.567262,0.704658,4.170833,1
1176,39.2392,SEIZURE,0.704658,CJ,0.567262,0.704658,4.204200,1
1177,39.2726,SEIZURE,0.704658,CJ,0.567262,0.704658,4.237567,1
1178,39.3059,SEIZURE,0.704658,CJ,0.567262,0.704658,4.270933,1
1179,39.3393,SEIZURE,0.704658,CJ,0.567262,0.704658,4.304300,1
1180,39.3727,SEIZURE,0.704658,CJ,0.567262,0.704658,4.337667,1
1181,39.406,SEIZURE,0.704658,CJ,0.567262,0.704658,4.371033,1
1182,39.4394,SEIZURE,0.704658,CJ,0.567262,0.704658,4.404400,1
1183,39.4728,SEIZURE,0.704658,CJ,0.567262,0.704658,4.437767,1
1184,39.5061,SEIZURE,0.704658,CJ,0.567262,0.704658,4.471133,1
1185,39.5395,SEIZURE,0.704658,CJ,0.578132,0.704658,4.504500,1
1186,39.5729,SEIZURE,0.704658,CJ,0.578132,0.704658,4.537867,1
1187,39.6062,SEIZURE,0.704658,CJ,0.578132,0.704658,4.571233,1
1188,39.6396,SEIZURE,0.704658,CJ,0.578132,0.704658,4.604600,1
1189,39.673,SEIZURE,0.704658,CJ,0.578132,0.704658,4.637967,1
1190,39.7063,SEIZURE,0.704658,CJ,0.578132,0.704658,4.671333,1
1191,39.7397,SEIZURE,0.704658,CJ,0.578132,0.704658,4.704700,1
1192,39.7731,SEIZURE,0.704658,CJ,0.578132,0.704658,4.738067,1
1193,39.8064,SEIZURE,0.704658,CJ,0.578132,0.704658,4.771433,1
1194,39.8398,SEIZURE,0.704658,CJ,0.578132,0.704658,4.804800,1
1195,39.8732,SEIZURE,0.704658,CJ,0.578132,0.704658,4.838167,1
1196,39.9065,SEIZURE,0.704658,CJ,0.578132,0.704658,4.871533,1
1197,39.9399,SEIZURE,0.704658,CJ,0.578132,0.704658,4.904900,1
1198,39.9733,SEIZURE,0.704658,CJ,0.578132,0.704658,4.938267,1
1199,40.0066,SEIZURE,0.704658,CJ,0.578132,0.704658,4.971633,1
1200,40.04,SEIZURE,0.704658,CJ,0.535255,0.704658,5.005000,1
1201,40.0734,SEIZURE,0.704658,CJ,0.535255,0.704658,5.038367,1
1202,40.1067,SEIZURE,0.704658,CJ,0.535255,0.704658,5.071733,1
1203,40.1401,SEIZURE,0.704658,CJ,0.535255,0.704658,5.105100,1
1204,40.1735,SEIZURE,0.704658,CJ,0.535255,0.704658,5.138467,1
1205,40.2068,SEIZURE,0.704658,CJ,0.535255,0.704658,5.171833,1
1206,40.2402,SEIZURE,0.704658,CJ,0.535255,0.704658,5.205200,1
1207,40.2736,SEIZURE,0.704658,CJ,0.535255,0.704658,5.238567,1
1208,40.3069,SEIZURE,0.704658,CJ,0.535255,0.704658,5.271933,1
1209,40.3403,SEIZURE,0.704658,CJ,0.535255,0.704658,5.305300,1
1210,40.3737,SEIZURE,0.704658,CJ,0.535255,0.704658,5.338667,1
1211,40.407,SEIZURE,0.704658,CJ,0.535255,0.704658,5.372033,1
1212,40.4404,SEIZURE,0.704658,CJ,0.535255,0.704658,5.405400,1
1213,40.4738,SEIZURE,0.704658,CJ,0.535255,0.704658,5.438767,1
1214,40.5071,SEIZURE,0.704658,CJ,0.535255,0.704658,5.472133,1
1215,40.5405,SEIZURE,0.732255,CJ,0.567438,0.732255,0.500500,1
1216,40.5739,SEIZURE,0.732255,CJ,0.567438,0.732255,0.533867,1
1217,40.6072,SEIZURE,0.732255,CJ,0.567438,0.732255,0.567233,1
1218,40.6406,SEIZURE,0.732255,CJ,0.567438,0.732255,0.600600,1
1219,40.674,SEIZURE,0.732255,CJ,0.567438,0.732255,0.633967,1
1220,40.7073,SEIZURE,0.732255,CJ,0.567438,0.732255,0.667333,1
1221,40.7407,SEIZURE,0.732255,CJ,0.567438,0.732255,0.700700,1
1222,40.7741,SEIZURE,0.732255,CJ,0.567438,0.732255,0.734067,1
1223,40.8074,SEIZURE,0.732255,CJ,0.567438,0.732255,0.767433,1
1224,40.8408,SEIZURE,0.732255,CJ,0.567438,0.732255,0.800800,1
1225,40.8742,SEIZURE,0.732255,CJ,0.567438,0.732255,0.834167,1
1226,40.9075,SEIZURE,0.732255,CJ,0.567438,0.732255,0.867533,1
1227,40.9409,SEIZURE,0.732255,CJ,0.567438,0.732255,0.900900,1
1228,40.9743,SEIZURE,0.732255,CJ,0.567438,0.732255,0.934267,1
1229,41.0076,SEIZURE,0.732255,CJ,0.567438,0.732255,0.967633,1
1230,41.041,SEIZURE,0.732255,CJ,0.521696,0.732255,1.001000,1
1231,41.0744,SEIZURE,0.732255,CJ,0.521696,0.732255,1.034367,1
1232,41.1077,SEIZURE,0.732255,CJ,0.521696,0.732255,1.067733,1
1233,41.1411,SEIZURE,0.732255,CJ,0.521696,0.732255,1.101100,1
1234,41.1745,SEIZURE,0.732255,CJ,0.521696,0.732255,1.134467,1
1235,41.2078,SEIZURE,0.732255,CJ,0.521696,0.732255,1.167833,1
1236,41.2412,SEIZURE,0.732255,CJ,0.521696,0.732255,1.201200,1
1237,41.2746,SEIZURE,0.732255,CJ,0.521696,0.732255,1.234567,1
1238,41.3079,SEIZURE,0.732255,CJ,0.521696,0.732255,1.267933,1
1239,41.3413,SEIZURE,0.732255,CJ,0.521696,0.732255,1.301300,1
1240,41.3747,SEIZURE,0.732255,CJ,0.521696,0.732255,1.334667,1
1241,41.408,SEIZURE,0.732255,CJ,0.521696,0.732255,1.368033,1
1242,41.4414,SEIZURE,0.732255,CJ,0.521696,0.732255,1.401400,1
1243,41.4748,SEIZURE,0.732255,CJ,0.521696,0.732255,1.434767,1
1244,41.5081,SEIZURE,0.732255,CJ,0.521696,0.732255,1.468133,1
1245,41.5415,SEIZURE,0.732255,CJ,0.527262,0.732255,1.501500,1
1246,41.5749,SEIZURE,0.732255,CJ,0.527262,0.732255,1.534867,1
1247,41.6082,SEIZURE,0.732255,CJ,0.527262,0.732255,1.568233,1
1248,41.6416,SEIZURE,0.732255,CJ,0.527262,0.732255,1.601600,1
1249,41.675,SEIZURE,0.732255,CJ,0.527262,0.732255,1.634967,1
1250,41.7083,SEIZURE,0.732255,CJ,0.527262,0.732255,1.668333,1
1251,41.7417,SEIZURE,0.732255,CJ,0.527262,0.732255,1.701700,1
1252,41.7751,SEIZURE,0.732255,CJ,0.527262,0.732255,1.735067,1
1253,41.8084,SEIZURE,0.732255,CJ,0.527262,0.732255,1.768433,1
1254,41.8418,SEIZURE,0.732255,CJ,0.527262,0.732255,1.801800,1
1255,41.8752,SEIZURE,0.732255,CJ,0.527262,0.732255,1.835167,1
1256,41.9085,SEIZURE,0.732255,CJ,0.527262,0.732255,1.868533,1
1257,41.9419,SEIZURE,0.732255,CJ,0.527262,0.732255,1.901900,1
1258,41.9753,SEIZURE,0.732255,CJ,0.527262,0.732255,1.935267,1
1259,42.0086,SEIZURE,0.732255,CJ,0.527262,0.732255,1.968633,1
1260,42.042,SEIZURE,0.732255,CJ,0.522041,0.732255,2.002000,1
1261,42.0754,SEIZURE,0.732255,CJ,0.522041,0.732255,2.035367,1
1262,42.1087,SEIZURE,0.732255,CJ,0.522041,0.732255,2.068733,1
1263,42.1421,SEIZURE,0.732255,CJ,0.522041,0.732255,2.102100,1
1264,42.1755,SEIZURE,0.732255,CJ,0.522041,0.732255,2.135467,1
1265,42.2088,SEIZURE,0.732255,CJ,0.522041,0.732255,2.168833,1
1266,42.2422,SEIZURE,0.732255,CJ,0.522041,0.732255,2.202200,1
1267,42.2756,SEIZURE,0.732255,CJ,0.522041,0.732255,2.235567,1
1268,42.3089,SEIZURE,0.732255,CJ,0.522041,0.732255,2.268933,1
1269,42.3423,SEIZURE,0.732255,CJ,0.522041,0.732255,2.302300,1
1270,42.3757,SEIZURE,0.732255,CJ,0.522041,0.732255,2.335667,1
1271,42.409,SEIZURE,0.732255,CJ,0.522041,0.732255,2.369033,1
1272,42.4424,SEIZURE,0.732255,CJ,0.522041,0.732255,2.402400,1
1273,42.4758,SEIZURE,0.732255,CJ,0.522041,0.732255,2.435767,1
1274,42.5091,SEIZURE,0.732255,CJ,0.522041,0.732255,2.469133,1
1275,42.5425,SEIZURE,0.732255,CJ,0.530952,0.732255,2.502500,1
1276,42.5759,SEIZURE,0.732255,CJ,0.530952,0.732255,2.535867,1
1277,42.6092,SEIZURE,0.732255,CJ,0.530952,0.732255,2.569233,1
1278,42.6426,SEIZURE,0.732255,CJ,0.530952,0.732255,2.602600,1
1279,42.676,SEIZURE,0.732255,CJ,0.530952,0.732255,2.635967,1
1280,42.7093,SEIZURE,0.732255,CJ,0.530952,0.732255,2.669333,1
1281,42.7427,SEIZURE,0.732255,CJ,0.530952,0.732255,2.702700,1
1282,42.7761,SEIZURE,0.732255,CJ,0.530952,0.732255,2.736067,1
1283,42.8094,SEIZURE,0.732255,CJ,0.530952,0.732255,2.769433,1
1284,42.8428,SEIZURE,0.732255,CJ,0.530952,0.732255,2.802800,1
1285,42.8762,SEIZURE,0.732255,CJ,0.530952,0.732255,2.836167,1
1286,42.9095,SEIZURE,0.732255,CJ,0.530952,0.732255,2.869533,1
1287,42.9429,SEIZURE,0.732255,CJ,0.530952,0.732255,2.902900,1
1288,42.9763,SEIZURE,0.732255,CJ,0.530952,0.732255,2.936267,1
1289,43.0096,SEIZURE,0.732255,CJ,0.530952,0.732255,2.969633,1
1290,43.043,SEIZURE,0.732255,CJ,0.539149,0.732255,3.003000,1
1291,43.0764,SEIZURE,0.732255,CJ,0.539149,0.732255,3.036367,1
1292,43.1097,SEIZURE,0.732255,CJ,0.539149,0.732255,3.069733,1
1293,43.1431,SEIZURE,0.732255,CJ,0.539149,0.732255,3.103100,1
1294,43.1765,SEIZURE,0.732255,CJ,0.539149,0.732255,3.136467,1
1295,43.2098,SEIZURE,0.732255,CJ,0.539149,0.732255,3.169833,1
1296,43.2432,SEIZURE,0.732255,CJ,0.539149,0.732255,3.203200,1
1297,43.2766,SEIZURE,0.732255,CJ,0.539149,0.732255,3.236567,1
1298,43.3099,SEIZURE,0.732255,CJ,0.539149,0.732255,3.269933,1
1299,43.3433,SEIZURE,0.732255,CJ,0.539149,0.732255,3.303300,1
1300,43.3767,SEIZURE,0.732255,CJ,0.539149,0.732255,3.336667,1
1301,43.41,SEIZURE,0.732255,CJ,0.539149,0.732255,3.370033,1
1302,43.4434,SEIZURE,0.732255,CJ,0.539149,0.732255,3.403400,1
1303,43.4768,SEIZURE,0.732255,CJ,0.539149,0.732255,3.436767,1
1304,43.5101,SEIZURE,0.732255,CJ,0.539149,0.732255,3.470133,1
1305,43.5435,SEIZURE,0.732255,CJ,0.542404,0.732255,3.503500,1
1306,43.5769,SEIZURE,0.732255,CJ,0.542404,0.732255,3.536867,1
1307,43.6102,SEIZURE,0.732255,CJ,0.542404,0.732255,3.570233,1
1308,43.6436,SEIZURE,0.732255,CJ,0.542404,0.732255,3.603600,1
1309,43.677,SEIZURE,0.732255,CJ,0.542404,0.732255,3.636967,1
1310,43.7103,SEIZURE,0.732255,CJ,0.542404,0.732255,3.670333,1
1311,43.7437,SEIZURE,0.732255,CJ,0.542404,0.732255,3.703700,1
1312,43.7771,SEIZURE,0.732255,CJ,0.542404,0.732255,3.737067,1
1313,43.8104,SEIZURE,0.732255,CJ,0.542404,0.732255,3.770433,1
1314,43.8438,SEIZURE,0.732255,CJ,0.542404,0.732255,3.803800,1
1315,43.8772,SEIZURE,0.732255,CJ,0.542404,0.732255,3.837167,1
1316,43.9105,SEIZURE,0.732255,CJ,0.542404,0.732255,3.870533,1
1317,43.9439,SEIZURE,0.732255,CJ,0.542404,0.732255,3.903900,1
1318,43.9773,SEIZURE,0.732255,CJ,0.542404,0.732255,3.937267,1
1319,44.0106,SEIZURE,0.732255,CJ,0.542404,0.732255,3.970633,1
1320,44.044,SEIZURE,0.732255,CJ,0.53093,0.732255,4.004000,1
1321,44.0774,SEIZURE,0.732255,CJ,0.53093,0.732255,4.037367,1
1322,44.1107,SEIZURE,0.732255,CJ,0.53093,0.732255,4.070733,1
1323,44.1441,SEIZURE,0.732255,CJ,0.53093,0.732255,4.104100,1
1324,44.1775,SEIZURE,0.732255,CJ,0.53093,0.732255,4.137467,1
1325,44.2108,SEIZURE,0.732255,CJ,0.53093,0.732255,4.170833,1
1326,44.2442,SEIZURE,0.732255,CJ,0.53093,0.732255,4.204200,1
1327,44.2776,SEIZURE,0.732255,CJ,0.53093,0.732255,4.237567,1
1328,44.3109,SEIZURE,0.732255,CJ,0.53093,0.732255,4.270933,1
1329,44.3443,SEIZURE,0.732255,CJ,0.53093,0.732255,4.304300,1
1330,44.3777,SEIZURE,0.732255,CJ,0.53093,0.732255,4.337667,1
1331,44.411,SEIZURE,0.732255,CJ,0.53093,0.732255,4.371033,1
1332,44.4444,SEIZURE,0.732255,CJ,0.53093,0.732255,4.404400,1
1333,44.4778,SEIZURE,0.732255,CJ,0.53093,0.732255,4.437767,1
1334,44.5111,SEIZURE,0.732255,CJ,0.53093,0.732255,4.471133,1
1335,44.5445,SEIZURE,0.732255,CJ,0.574267,0.732255,4.504500,1
1336,44.5779,SEIZURE,0.732255,CJ,0.574267,0.732255,4.537867,1
1337,44.6112,SEIZURE,0.732255,CJ,0.574267,0.732255,4.571233,1
1338,44.6446,SEIZURE,0.732255,CJ,0.574267,0.732255,4.604600,1
1339,44.678,SEIZURE,0.732255,CJ,0.574267,0.732255,4.637967,1
1340,44.7113,SEIZURE,0.732255,CJ,0.574267,0.732255,4.671333,1
1341,44.7447,SEIZURE,0.732255,CJ,0.574267,0.732255,4.704700,1
1342,44.7781,SEIZURE,0.732255,CJ,0.574267,0.732255,4.738067,1
1343,44.8114,SEIZURE,0.732255,CJ,0.574267,0.732255,4.771433,1
1344,44.8448,SEIZURE,0.732255,CJ,0.574267,0.732255,4.804800,1
1345,44.8782,SEIZURE,0.732255,CJ,0.574267,0.732255,4.838167,1
1346,44.9115,SEIZURE,0.732255,CJ,0.574267,0.732255,4.871533,1
1347,44.9449,SEIZURE,0.732255,CJ,0.574267,0.732255,4.904900,1
1348,44.9783,SEIZURE,0.732255,CJ,0.574267,0.732255,4.938267,1
1349,45.0116,SEIZURE,0.732255,CJ,0.574267,0.732255,4.971633,1
1350,45.045,SEIZURE,0.732255,CJ,0.574644,0.732255,5.005000,1
1351,45.0784,SEIZURE,0.732255,CJ,0.574644,0.732255,5.038367,1
1352,45.1117,SEIZURE,0.732255,CJ,0.574644,0.732255,5.071733,1
1353,45.1451,SEIZURE,0.732255,CJ,0.574644,0.732255,5.105100,1
1354,45.1785,SEIZURE,0.732255,CJ,0.574644,0.732255,5.138467,1
1355,45.2118,SEIZURE,0.732255,CJ,0.574644,0.732255,5.171833,1
1356,45.2452,SEIZURE,0.732255,CJ,0.574644,0.732255,5.205200,1
1357,45.2786,SEIZURE,0.732255,CJ,0.574644,0.732255,5.238567,1
1358,45.3119,SEIZURE,0.732255,CJ,0.574644,0.732255,5.271933,1
1359,45.3453,SEIZURE,0.732255,CJ,0.574644,0.732255,5.305300,1
1360,45.3787,SEIZURE,0.732255,CJ,0.574644,0.732255,5.338667,1
1361,45.412,SEIZURE,0.732255,CJ,0.574644,0.732255,5.372033,1
1362,45.4454,SEIZURE,0.732255,CJ,0.574644,0.732255,5.405400,1
1363,45.4788,SEIZURE,0.732255,CJ,0.574644,0.732255,5.438767,1
1364,45.5121,SEIZURE,0.732255,CJ,0.574644,0.732255,5.472133,1
1365,45.5455,SEIZURE,0.578167,CJ,0.593766,0.578167,0.500500,1
1366,45.5789,SEIZURE,0.578167,CJ,0.593766,0.578167,0.533867,1
1367,45.6122,SEIZURE,0.578167,CJ,0.593766,0.578167,0.567233,1
1368,45.6456,SEIZURE,0.578167,CJ,0.593766,0.578167,0.600600,1
1369,45.679,SEIZURE,0.578167,CJ,0.593766,0.578167,0.633967,1
1370,45.7123,SEIZURE,0.578167,CJ,0.593766,0.578167,0.667333,1
1371,45.7457,SEIZURE,0.578167,CJ,0.593766,0.578167,0.700700,1
1372,45.7791,SEIZURE,0.578167,CJ,0.593766,0.578167,0.734067,1
1373,45.8124,SEIZURE,0.578167,CJ,0.593766,0.578167,0.767433,1
1374,45.8458,SEIZURE,0.578167,CJ,0.593766,0.578167,0.800800,1
1375,45.8792,SEIZURE,0.578167,CJ,0.593766,0.578167,0.834167,1
1376,45.9125,SEIZURE,0.578167,CJ,0.593766,0.578167,0.867533,1
1377,45.9459,SEIZURE,0.578167,CJ,0.593766,0.578167,0.900900,1
1378,45.9793,SEIZURE,0.578167,CJ,0.593766,0.578167,0.934267,1
1379,46.0126,SEIZURE,0.578167,CJ,0.593766,0.578167,0.967633,1
1380,46.046,SEIZURE,0.578167,CJ,0.714366,0.578167,1.001000,1
1381,46.0794,SEIZURE,0.578167,CJ,0.714366,0.578167,1.034367,1
1382,46.1127,SEIZURE,0.578167,CJ,0.714366,0.578167,1.067733,1
1383,46.1461,SEIZURE,0.578167,CJ,0.714366,0.578167,1.101100,1
1384,46.1795,SEIZURE,0.578167,CJ,0.714366,0.578167,1.134467,1
1385,46.2128,SEIZURE,0.578167,CJ,0.714366,0.578167,1.167833,1
1386,46.2462,SEIZURE,0.578167,CJ,0.714366,0.578167,1.201200,1
1387,46.2796,SEIZURE,0.578167,CJ,0.714366,0.578167,1.234567,1
1388,46.3129,SEIZURE,0.578167,CJ,0.714366,0.578167,1.267933,1
1389,46.3463,SEIZURE,0.578167,CJ,0.714366,0.578167,1.301300,1
1390,46.3797,SEIZURE,0.578167,CJ,0.714366,0.578167,1.334667,1
1391,46.413,SEIZURE,0.578167,CJ,0.714366,0.578167,1.368033,1
1392,46.4464,SEIZURE,0.578167,CJ,0.714366,0.578167,1.401400,1
1393,46.4798,SEIZURE,0.578167,CJ,0.714366,0.578167,1.434767,1
1394,46.5131,SEIZURE,0.578167,CJ,0.714366,0.578167,1.468133,1
1395,46.5465,SEIZURE,0.578167,CJ,0.721358,0.578167,1.501500,1
1396,46.5799,SEIZURE,0.578167,CJ,0.721358,0.578167,1.534867,1
1397,46.6132,SEIZURE,0.578167,CJ,0.721358,0.578167,1.568233,1
1398,46.6466,SEIZURE,0.578167,CJ,0.721358,0.578167,1.601600,1
1399,46.68,SEIZURE,0.578167,CJ,0.721358,0.578167,1.634967,1
1400,46.7133,SEIZURE,0.578167,CJ,0.721358,0.578167,1.668333,1
1401,46.7467,SEIZURE,0.578167,CJ,0.721358,0.578167,1.701700,1
1402,46.7801,SEIZURE,0.578167,CJ,0.721358,0.578167,1.735067,1
1403,46.8134,SEIZURE,0.578167,CJ,0.721358,0.578167,1.768433,1
1404,46.8468,SEIZURE,0.578167,CJ,0.721358,0.578167,1.801800,1
1405,46.8802,SEIZURE,0.578167,CJ,0.721358,0.578167,1.835167,1
1406,46.9135,SEIZURE,0.578167,CJ,0.721358,0.578167,1.868533,1
1407,46.9469,SEIZURE,0.578167,CJ,0.721358,0.578167,1.901900,1
1408,46.9803,SEIZURE,0.578167,CJ,0.721358,0.578167,1.935267,1
1409,47.0136,SEIZURE,0.578167,CJ,0.721358,0.578167,1.968633,1
1410,47.047,SEIZURE,0.578167,CJ,0.719044,0.578167,2.002000,1
1411,47.0804,SEIZURE,0.578167,CJ,0.719044,0.578167,2.035367,1
1412,47.1137,SEIZURE,0.578167,CJ,0.719044,0.578167,2.068733,1
1413,47.1471,SEIZURE,0.578167,CJ,0.719044,0.578167,2.102100,1
1414,47.1805,SEIZURE,0.578167,CJ,0.719044,0.578167,2.135467,1
1415,47.2138,SEIZURE,0.578167,CJ,0.719044,0.578167,2.168833,1
1416,47.2472,SEIZURE,0.578167,CJ,0.719044,0.578167,2.202200,1
1417,47.2806,SEIZURE,0.578167,CJ,0.719044,0.578167,2.235567,1
1418,47.3139,SEIZURE,0.578167,CJ,0.719044,0.578167,2.268933,1
1419,47.3473,SEIZURE,0.578167,CJ,0.719044,0.578167,2.302300,1
1420,47.3807,SEIZURE,0.578167,CJ,0.719044,0.578167,2.335667,1
1421,47.414,SEIZURE,0.578167,CJ,0.719044,0.578167,2.369033,1
1422,47.4474,SEIZURE,0.578167,CJ,0.719044,0.578167,2.402400,1
1423,47.4808,SEIZURE,0.578167,CJ,0.719044,0.578167,2.435767,1
1424,47.5141,SEIZURE,0.578167,CJ,0.719044,0.578167,2.469133,1
1425,47.5475,SEIZURE,0.578167,CJ,0.720931,0.578167,2.502500,1
1426,47.5809,SEIZURE,0.578167,CJ,0.720931,0.578167,2.535867,1
1427,47.6142,SEIZURE,0.578167,CJ,0.720931,0.578167,2.569233,1
1428,47.6476,SEIZURE,0.578167,CJ,0.720931,0.578167,2.602600,1
1429,47.681,SEIZURE,0.578167,CJ,0.720931,0.578167,2.635967,1
1430,47.7143,SEIZURE,0.578167,CJ,0.720931,0.578167,2.669333,1
1431,47.7477,SEIZURE,0.578167,CJ,0.720931,0.578167,2.702700,1
1432,47.7811,SEIZURE,0.578167,CJ,0.720931,0.578167,2.736067,1
1433,47.8144,SEIZURE,0.578167,CJ,0.720931,0.578167,2.769433,1
1434,47.8478,SEIZURE,0.578167,CJ,0.720931,0.578167,2.802800,1
1435,47.8812,SEIZURE,0.578167,CJ,0.720931,0.578167,2.836167,1
1436,47.9145,SEIZURE,0.578167,CJ,0.720931,0.578167,2.869533,1
1437,47.9479,SEIZURE,0.578167,CJ,0.720931,0.578167,2.902900,1
1438,47.9813,SEIZURE,0.578167,CJ,0.720931,0.578167,2.936267,1
1439,48.0146,SEIZURE,0.578167,CJ,0.720931,0.578167,2.969633,1
1440,48.048,SEIZURE,0.578167,CJ,0.705008,0.578167,3.003000,1
1441,48.0814,SEIZURE,0.578167,CJ,0.705008,0.578167,3.036367,1
1442,48.1147,SEIZURE,0.578167,CJ,0.705008,0.578167,3.069733,1
1443,48.1481,SEIZURE,0.578167,CJ,0.705008,0.578167,3.103100,1
1444,48.1815,SEIZURE,0.578167,CJ,0.705008,0.578167,3.136467,1
1445,48.2148,SEIZURE,0.578167,CJ,0.705008,0.578167,3.169833,1
1446,48.2482,SEIZURE,0.578167,CJ,0.705008,0.578167,3.203200,1
1447,48.2816,SEIZURE,0.578167,CJ,0.705008,0.578167,3.236567,1
1448,48.3149,SEIZURE,0.578167,CJ,0.705008,0.578167,3.269933,1
1449,48.3483,SEIZURE,0.578167,CJ,0.705008,0.578167,3.303300,1
1450,48.3817,SEIZURE,0.578167,CJ,0.705008,0.578167,3.336667,1
1451,48.415,SEIZURE,0.578167,CJ,0.705008,0.578167,3.370033,1
1452,48.4484,SEIZURE,0.578167,CJ,0.705008,0.578167,3.403400,1
1453,48.4818,SEIZURE,0.578167,CJ,0.705008,0.578167,3.436767,1
1454,48.5151,SEIZURE,0.578167,CJ,0.705008,0.578167,3.470133,1
1455,48.5485,SEIZURE,0.578167,CJ,0.718485,0.578167,3.503500,1
1456,48.5819,SEIZURE,0.578167,CJ,0.718485,0.578167,3.536867,1
1457,48.6152,SEIZURE,0.578167,CJ,0.718485,0.578167,3.570233,1
1458,48.6486,SEIZURE,0.578167,CJ,0.718485,0.578167,3.603600,1
1459,48.682,SEIZURE,0.578167,CJ,0.718485,0.578167,3.636967,1
1460,48.7153,SEIZURE,0.578167,CJ,0.718485,0.578167,3.670333,1
1461,48.7487,SEIZURE,0.578167,CJ,0.718485,0.578167,3.703700,1
1462,48.7821,SEIZURE,0.578167,CJ,0.718485,0.578167,3.737067,1
1463,48.8154,SEIZURE,0.578167,CJ,0.718485,0.578167,3.770433,1
1464,48.8488,SEIZURE,0.578167,CJ,0.718485,0.578167,3.803800,1
1465,48.8822,SEIZURE,0.578167,CJ,0.718485,0.578167,3.837167,1
1466,48.9155,SEIZURE,0.578167,CJ,0.718485,0.578167,3.870533,1
1467,48.9489,SEIZURE,0.578167,CJ,0.718485,0.578167,3.903900,1
1468,48.9823,SEIZURE,0.578167,CJ,0.718485,0.578167,3.937267,1
1469,49.0156,SEIZURE,0.578167,CJ,0.718485,0.578167,3.970633,1
1470,49.049,SEIZURE,0.578167,CJ,0.721678,0.578167,4.004000,1
1471,49.0824,SEIZURE,0.578167,CJ,0.721678,0.578167,4.037367,1
1472,49.1157,SEIZURE,0.578167,CJ,0.721678,0.578167,4.070733,1
1473,49.1491,SEIZURE,0.578167,CJ,0.721678,0.578167,4.104100,1
1474,49.1825,SEIZURE,0.578167,CJ,0.721678,0.578167,4.137467,1
1475,49.2158,SEIZURE,0.578167,CJ,0.721678,0.578167,4.170833,1
1476,49.2492,SEIZURE,0.578167,CJ,0.721678,0.578167,4.204200,1
1477,49.2826,SEIZURE,0.578167,CJ,0.721678,0.578167,4.237567,1
1478,49.3159,SEIZURE,0.578167,CJ,0.721678,0.578167,4.270933,1
1479,49.3493,SEIZURE,0.578167,CJ,0.721678,0.578167,4.304300,1
1480,49.3827,SEIZURE,0.578167,CJ,0.721678,0.578167,4.337667,1
1481,49.416,SEIZURE,0.578167,CJ,0.721678,0.578167,4.371033,1
1482,49.4494,SEIZURE,0.578167,CJ,0.721678,0.578167,4.404400,1
1483,49.4828,SEIZURE,0.578167,CJ,0.721678,0.578167,4.437767,1
1484,49.5161,SEIZURE,0.578167,CJ,0.721678,0.578167,4.471133,1
1485,49.5495,SEIZURE,0.578167,CJ,0.721617,0.578167,4.504500,1
1486,49.5829,SEIZURE,0.578167,CJ,0.721617,0.578167,4.537867,1
1487,49.6162,SEIZURE,0.578167,CJ,0.721617,0.578167,4.571233,1
1488,49.6496,SEIZURE,0.578167,CJ,0.721617,0.578167,4.604600,1
1489,49.683,SEIZURE,0.578167,CJ,0.721617,0.578167,4.637967,1
1490,49.7163,SEIZURE,0.578167,CJ,0.721617,0.578167,4.671333,1
1491,49.7497,SEIZURE,0.578167,CJ,0.721617,0.578167,4.704700,1
1492,49.7831,SEIZURE,0.578167,CJ,0.721617,0.578167,4.738067,1
1493,49.8164,SEIZURE,0.578167,CJ,0.721617,0.578167,4.771433,1
1494,49.8498,SEIZURE,0.578167,CJ,0.721617,0.578167,4.804800,1
1495,49.8832,SEIZURE,0.578167,CJ,0.721617,0.578167,4.838167,1
1496,49.9165,SEIZURE,0.578167,CJ,0.721617,0.578167,4.871533,1
1497,49.9499,SEIZURE,0.578167,CJ,0.721617,0.578167,4.904900,1
1498,49.9833,SEIZURE,0.578167,CJ,0.721617,0.578167,4.938267,1
1499,50.0166,SEIZURE,0.578167,CJ,0.721617,0.578167,4.971633,1
1500,50.05,SEIZURE,0.578167,CJ,0.721699,0.578167,5.005000,1
1501,50.0834,SEIZURE,0.578167,CJ,0.721699,0.578167,5.038367,1
1502,50.1167,SEIZURE,0.578167,CJ,0.721699,0.578167,5.071733,1
1503,50.1501,SEIZURE,0.578167,CJ,0.721699,0.578167,5.105100,1
1504,50.1835,SEIZURE,0.578167,CJ,0.721699,0.578167,5.138467,1
1505,50.2168,SEIZURE,0.578167,CJ,0.721699,0.578167,5.171833,1
1506,50.2502,SEIZURE,0.578167,CJ,0.721699,0.578167,5.205200,1
1507,50.2836,SEIZURE,0.578167,CJ,0.721699,0.578167,5.238567,1
1508,50.3169,SEIZURE,0.578167,CJ,0.721699,0.578167,5.271933,1
1509,50.3503,SEIZURE,0.578167,CJ,0.721699,0.578167,5.305300,1
1510,50.3837,SEIZURE,0.66944,CJ,0.721699,0.669440,0.333667,1
1511,50.417,SEIZURE,0.66944,CJ,0.721699,0.669440,0.367033,1
1512,50.4504,SEIZURE,0.66944,CJ,0.721699,0.669440,0.400400,1
1513,50.4838,SEIZURE,0.66944,CJ,0.721699,0.669440,0.433767,1
1514,50.5171,SEIZURE,0.66944,CJ,0.721699,0.669440,0.467133,1
1515,50.5505,SEIZURE,0.66944,CJ,0.72153,0.669440,0.500500,1
1516,50.5839,SEIZURE,0.66944,CJ,0.72153,0.669440,0.533867,1
1517,50.6172,SEIZURE,0.66944,CJ,0.72153,0.669440,0.567233,1
1518,50.6506,SEIZURE,0.66944,CJ,0.72153,0.669440,0.600600,1
1519,50.684,SEIZURE,0.66944,CJ,0.72153,0.669440,0.633967,1
1520,50.7173,SEIZURE,0.66944,CJ,0.72153,0.669440,0.667333,1
1521,50.7507,SEIZURE,0.66944,CJ,0.72153,0.669440,0.700700,1
1522,50.7841,SEIZURE,0.66944,CJ,0.72153,0.669440,0.734067,1
1523,50.8174,SEIZURE,0.66944,CJ,0.72153,0.669440,0.767433,1
1524,50.8508,SEIZURE,0.66944,CJ,0.72153,0.669440,0.800800,1
1525,50.8842,SEIZURE,0.66944,CJ,0.72153,0.669440,0.834167,1
1526,50.9175,SEIZURE,0.66944,CJ,0.72153,0.669440,0.867533,1
1527,50.9509,SEIZURE,0.66944,CJ,0.72153,0.669440,0.900900,1
1528,50.9843,SEIZURE,0.66944,CJ,0.72153,0.669440,0.934267,1
1529,51.0176,SEIZURE,0.66944,CJ,0.72153,0.669440,0.967633,1
1530,51.051,SEIZURE,0.66944,CJ,0.721579,0.669440,1.001000,1
1531,51.0844,SEIZURE,0.66944,CJ,0.721579,0.669440,1.034367,1
1532,51.1177,SEIZURE,0.66944,CJ,0.721579,0.669440,1.067733,1
1533,51.1511,SEIZURE,0.66944,CJ,0.721579,0.669440,1.101100,1
1534,51.1845,SEIZURE,0.66944,CJ,0.721579,0.669440,1.134467,1
1535,51.2178,SEIZURE,0.66944,CJ,0.721579,0.669440,1.167833,1
1536,51.2512,SEIZURE,0.66944,CJ,0.721579,0.669440,1.201200,1
1537,51.2846,SEIZURE,0.66944,CJ,0.721579,0.669440,1.234567,1
1538,51.3179,SEIZURE,0.66944,CJ,0.721579,0.669440,1.267933,1
1539,51.3513,SEIZURE,0.66944,CJ,0.721579,0.669440,1.301300,1
1540,51.3847,SEIZURE,0.66944,CJ,0.721579,0.669440,1.334667,1
1541,51.418,SEIZURE,0.66944,CJ,0.721579,0.669440,1.368033,1
1542,51.4514,SEIZURE,0.66944,CJ,0.721579,0.669440,1.401400,1
1543,51.4848,SEIZURE,0.66944,CJ,0.721579,0.669440,1.434767,1
1544,51.5181,SEIZURE,0.66944,CJ,0.721579,0.669440,1.468133,1
1545,51.5515,SEIZURE,0.66944,CJ,0.710561,0.669440,1.501500,1
1546,51.5849,SEIZURE,0.66944,CJ,0.710561,0.669440,1.534867,1
1547,51.6182,SEIZURE,0.66944,CJ,0.710561,0.669440,1.568233,1
1548,51.6516,SEIZURE,0.66944,CJ,0.710561,0.669440,1.601600,1
1549,51.685,SEIZURE,0.66944,CJ,0.710561,0.669440,1.634967,1
1550,51.7183,SEIZURE,0.66944,CJ,0.710561,0.669440,1.668333,1
1551,51.7517,SEIZURE,0.66944,CJ,0.710561,0.669440,1.701700,1
1552,51.7851,SEIZURE,0.66944,CJ,0.710561,0.669440,1.735067,1
1553,51.8184,SEIZURE,0.66944,CJ,0.710561,0.669440,1.768433,1
1554,51.8518,SEIZURE,0.66944,CJ,0.710561,0.669440,1.801800,1
1555,51.8852,SEIZURE,0.66944,CJ,0.710561,0.669440,1.835167,1
1556,51.9185,SEIZURE,0.66944,CJ,0.710561,0.669440,1.868533,1
1557,51.9519,SEIZURE,0.66944,CJ,0.710561,0.669440,1.901900,1
1558,51.9853,SEIZURE,0.66944,CJ,0.710561,0.669440,1.935267,1
1559,52.0186,SEIZURE,0.66944,CJ,0.710561,0.669440,1.968633,1
1560,52.052,SEIZURE,0.66944,CJ,0.717578,0.669440,2.002000,1
1561,52.0854,SEIZURE,0.66944,CJ,0.717578,0.669440,2.035367,1
1562,52.1187,SEIZURE,0.66944,CJ,0.717578,0.669440,2.068733,1
1563,52.1521,SEIZURE,0.66944,CJ,0.717578,0.669440,2.102100,1
1564,52.1855,SEIZURE,0.66944,CJ,0.717578,0.669440,2.135467,1
1565,52.2188,SEIZURE,0.66944,CJ,0.717578,0.669440,2.168833,1
1566,52.2522,SEIZURE,0.66944,CJ,0.717578,0.669440,2.202200,1
1567,52.2856,SEIZURE,0.66944,CJ,0.717578,0.669440,2.235567,1
1568,52.3189,SEIZURE,0.66944,CJ,0.717578,0.669440,2.268933,1
1569,52.3523,SEIZURE,0.66944,CJ,0.717578,0.669440,2.302300,1
1570,52.3857,SEIZURE,0.66944,CJ,0.717578,0.669440,2.335667,1
1571,52.419,SEIZURE,0.66944,CJ,0.717578,0.669440,2.369033,1
1572,52.4524,SEIZURE,0.66944,CJ,0.717578,0.669440,2.402400,1
1573,52.4858,SEIZURE,0.66944,CJ,0.717578,0.669440,2.435767,1
1574,52.5191,SEIZURE,0.66944,CJ,0.717578,0.669440,2.469133,1
1575,52.5525,SEIZURE,0.66944,CJ,0.721606,0.669440,2.502500,1
1576,52.5859,SEIZURE,0.66944,CJ,0.721606,0.669440,2.535867,1
1577,52.6192,SEIZURE,0.66944,CJ,0.721606,0.669440,2.569233,1
1578,52.6526,SEIZURE,0.66944,CJ,0.721606,0.669440,2.602600,1
1579,52.686,SEIZURE,0.66944,CJ,0.721606,0.669440,2.635967,1
1580,52.7193,SEIZURE,0.66944,CJ,0.721606,0.669440,2.669333,1
1581,52.7527,SEIZURE,0.66944,CJ,0.721606,0.669440,2.702700,1
1582,52.7861,SEIZURE,0.66944,CJ,0.721606,0.669440,2.736067,1
1583,52.8194,SEIZURE,0.66944,CJ,0.721606,0.669440,2.769433,1
1584,52.8528,SEIZURE,0.66944,CJ,0.721606,0.669440,2.802800,1
1585,52.8862,SEIZURE,0.66944,CJ,0.721606,0.669440,2.836167,1
1586,52.9195,SEIZURE,0.66944,CJ,0.721606,0.669440,2.869533,1
1587,52.9529,SEIZURE,0.66944,CJ,0.721606,0.669440,2.902900,1
1588,52.9863,SEIZURE,0.66944,CJ,0.721606,0.669440,2.936267,1
1589,53.0196,SEIZURE,0.66944,CJ,0.721606,0.669440,2.969633,1
1590,53.053,SEIZURE,0.66944,CJ,0.721445,0.669440,3.003000,1
1591,53.0864,SEIZURE,0.66944,CJ,0.721445,0.669440,3.036367,1
1592,53.1197,SEIZURE,0.66944,CJ,0.721445,0.669440,3.069733,1
1593,53.1531,SEIZURE,0.66944,CJ,0.721445,0.669440,3.103100,1
1594,53.1865,SEIZURE,0.66944,CJ,0.721445,0.669440,3.136467,1
1595,53.2198,SEIZURE,0.66944,CJ,0.721445,0.669440,3.169833,1
1596,53.2532,SEIZURE,0.66944,CJ,0.721445,0.669440,3.203200,1
1597,53.2866,SEIZURE,0.66944,CJ,0.721445,0.669440,3.236567,1
1598,53.3199,SEIZURE,0.66944,CJ,0.721445,0.669440,3.269933,1
1599,53.3533,SEIZURE,0.66944,CJ,0.721445,0.669440,3.303300,1
1600,53.3867,SEIZURE,0.66944,CJ,0.721445,0.669440,3.336667,1
1601,53.42,SEIZURE,0.66944,CJ,0.721445,0.669440,3.370033,1
1602,53.4534,SEIZURE,0.66944,CJ,0.721445,0.669440,3.403400,1
1603,53.4868,SEIZURE,0.66944,CJ,0.721445,0.669440,3.436767,1
1604,53.5201,SEIZURE,0.66944,CJ,0.721445,0.669440,3.470133,1
1605,53.5535,SEIZURE,0.66944,CJ,0.722222,0.669440,3.503500,1
1606,53.5869,SEIZURE,0.66944,CJ,0.722222,0.669440,3.536867,1
1607,53.6202,SEIZURE,0.66944,CJ,0.722222,0.669440,3.570233,1
1608,53.6536,SEIZURE,0.66944,CJ,0.722222,0.669440,3.603600,1
1609,53.687,SEIZURE,0.66944,CJ,0.722222,0.669440,3.636967,1
1610,53.7203,SEIZURE,0.66944,CJ,0.722222,0.669440,3.670333,1
1611,53.7537,SEIZURE,0.66944,CJ,0.722222,0.669440,3.703700,1
1612,53.7871,SEIZURE,0.66944,CJ,0.722222,0.669440,3.737067,1
1613,53.8204,SEIZURE,0.66944,CJ,0.722222,0.669440,3.770433,1
1614,53.8538,SEIZURE,0.66944,CJ,0.722222,0.669440,3.803800,1
1615,53.8872,SEIZURE,0.66944,CJ,0.722222,0.669440,3.837167,1
1616,53.9205,SEIZURE,0.66944,CJ,0.722222,0.669440,3.870533,1
1617,53.9539,SEIZURE,0.66944,CJ,0.722222,0.669440,3.903900,1
1618,53.9873,SEIZURE,0.66944,CJ,0.722222,0.669440,3.937267,1
1619,54.0206,SEIZURE,0.66944,CJ,0.722222,0.669440,3.970633,1
1620,54.054,SEIZURE,0.66944,CJ,0.69394,0.669440,4.004000,1
1621,54.0874,SEIZURE,0.66944,CJ,0.69394,0.669440,4.037367,1
1622,54.1207,SEIZURE,0.66944,CJ,0.69394,0.669440,4.070733,1
1623,54.1541,SEIZURE,0.66944,CJ,0.69394,0.669440,4.104100,1
1624,54.1875,SEIZURE,0.66944,CJ,0.69394,0.669440,4.137467,1
1625,54.2208,SEIZURE,0.66944,CJ,0.69394,0.669440,4.170833,1
1626,54.2542,SEIZURE,0.66944,CJ,0.69394,0.669440,4.204200,1
1627,54.2876,SEIZURE,0.66944,CJ,0.69394,0.669440,4.237567,1
1628,54.3209,SEIZURE,0.66944,CJ,0.69394,0.669440,4.270933,1
1629,54.3543,SEIZURE,0.66944,CJ,0.69394,0.669440,4.304300,1
1630,54.3877,SEIZURE,0.66944,CJ,0.69394,0.669440,4.337667,1
1631,54.421,SEIZURE,0.66944,CJ,0.69394,0.669440,4.371033,1
1632,54.4544,SEIZURE,0.66944,CJ,0.69394,0.669440,4.404400,1
1633,54.4878,SEIZURE,0.66944,CJ,0.69394,0.669440,4.437767,1
1634,54.5211,SEIZURE,0.66944,CJ,0.69394,0.669440,4.471133,1
1635,54.5545,SEIZURE,0.66944,CJ,0.72226,0.669440,4.504500,1
1636,54.5879,SEIZURE,0.66944,CJ,0.72226,0.669440,4.537867,1
1637,54.6212,SEIZURE,0.66944,CJ,0.72226,0.669440,4.571233,1
1638,54.6546,SEIZURE,0.66944,CJ,0.72226,0.669440,4.604600,1
1639,54.688,SEIZURE,0.66944,CJ,0.72226,0.669440,4.637967,1
1640,54.7213,SEIZURE,0.66944,CJ,0.72226,0.669440,4.671333,1
1641,54.7547,SEIZURE,0.66944,CJ,0.72226,0.669440,4.704700,1
1642,54.7881,SEIZURE,0.66944,CJ,0.72226,0.669440,4.738067,1
1643,54.8214,SEIZURE,0.66944,CJ,0.72226,0.669440,4.771433,1
1644,54.8548,SEIZURE,0.66944,CJ,0.72226,0.669440,4.804800,1
1645,54.8882,SEIZURE,0.66944,CJ,0.72226,0.669440,4.838167,1
1646,54.9215,SEIZURE,0.66944,CJ,0.72226,0.669440,4.871533,1
1647,54.9549,SEIZURE,0.66944,CJ,0.72226,0.669440,4.904900,1
1648,54.9883,SEIZURE,0.66944,CJ,0.72226,0.669440,4.938267,1
1649,55.0216,SEIZURE,0.66944,CJ,0.72226,0.669440,4.971633,1
1650,55.055,SEIZURE,0.66944,CJ,0.721217,0.669440,5.005000,1
1651,55.0884,SEIZURE,0.66944,CJ,0.721217,0.669440,5.038367,1
1652,55.1217,SEIZURE,0.66944,CJ,0.721217,0.669440,5.071733,1
1653,55.1551,SEIZURE,0.66944,CJ,0.721217,0.669440,5.105100,1
1654,55.1885,SEIZURE,0.66944,CJ,0.721217,0.669440,5.138467,1
1655,55.2218,SEIZURE,0.66944,CJ,0.721217,0.669440,5.171833,1
1656,55.2552,SEIZURE,0.66944,CJ,0.721217,0.669440,5.205200,1
1657,55.2886,SEIZURE,0.66944,CJ,0.721217,0.669440,5.238567,1
1658,55.3219,SEIZURE,0.66944,CJ,0.721217,0.669440,5.271933,1
1659,55.3553,SEIZURE,0.66944,CJ,0.721217,0.669440,5.305300,1
1660,55.3887,SEIZURE,0.66944,CJ,0.721217,0.669440,5.338667,1
1661,55.422,SEIZURE,0.66944,CJ,0.721217,0.669440,5.372033,1
1662,55.4554,SEIZURE,0.66944,CJ,0.721217,0.669440,5.405400,1
1663,55.4888,SEIZURE,0.66944,CJ,0.721217,0.669440,5.438767,1
1664,55.5221,SEIZURE,0.66944,CJ,0.721217,0.669440,5.472133,1
1665,55.5555,SEIZURE,0.653619,BLEND,0.721473,0.495293,0.500500,1
1666,55.5889,SEIZURE,0.653619,BLEND,0.721473,0.495293,0.533867,1
1667,55.6222,SEIZURE,0.653619,BLEND,0.721473,0.495293,0.567233,1
1668,55.6556,SEIZURE,0.653619,BLEND,0.721473,0.495293,0.600600,1
1669,55.689,SEIZURE,0.653619,BLEND,0.721473,0.495293,0.633967,1
1670,55.7223,SEIZURE,0.653619,BLEND,0.721473,0.495293,0.667333,1
1671,55.7557,SEIZURE,0.653619,BLEND,0.721473,0.495293,0.700700,1
1672,55.7891,SEIZURE,0.653619,BLEND,0.721473,0.495293,0.734067,1
1673,55.8224,SEIZURE,0.653619,BLEND,0.721473,0.495293,0.767433,1
1674,55.8558,SEIZURE,0.653619,BLEND,0.721473,0.495293,0.800800,1
1675,55.8892,SEIZURE,0.653619,BLEND,0.721473,0.495293,0.834167,1
1676,55.9225,SEIZURE,0.653619,BLEND,0.721473,0.495293,0.867533,1
1677,55.9559,SEIZURE,0.653619,BLEND,0.721473,0.495293,0.900900,1
1678,55.9893,SEIZURE,0.653619,BLEND,0.721473,0.495293,0.934267,1
1679,56.0226,SEIZURE,0.653619,BLEND,0.721473,0.495293,0.967633,1
1680,56.056,SEIZURE,0.651194,BLEND,0.718009,0.495293,1.001000,1
1681,56.0894,SEIZURE,0.651194,BLEND,0.718009,0.495293,1.034367,1
1682,56.1227,SEIZURE,0.651194,BLEND,0.718009,0.495293,1.067733,1
1683,56.1561,SEIZURE,0.651194,BLEND,0.718009,0.495293,1.101100,1
1684,56.1895,SEIZURE,0.651194,BLEND,0.718009,0.495293,1.134467,1
1685,56.2228,SEIZURE,0.651194,BLEND,0.718009,0.495293,1.167833,1
1686,56.2562,SEIZURE,0.651194,BLEND,0.718009,0.495293,1.201200,1
1687,56.2896,SEIZURE,0.651194,BLEND,0.718009,0.495293,1.234567,1
1688,56.3229,SEIZURE,0.651194,BLEND,0.718009,0.495293,1.267933,1
1689,56.3563,SEIZURE,0.651194,BLEND,0.718009,0.495293,1.301300,1
1690,56.3897,SEIZURE,0.651194,BLEND,0.718009,0.495293,1.334667,1
1691,56.423,SEIZURE,0.651194,BLEND,0.718009,0.495293,1.368033,1
1692,56.4564,SEIZURE,0.651194,BLEND,0.718009,0.495293,1.401400,1
1693,56.4898,SEIZURE,0.651194,BLEND,0.718009,0.495293,1.434767,1
1694,56.5231,SEIZURE,0.651194,BLEND,0.718009,0.495293,1.468133,1
1695,56.5565,SEIZURE,0.653975,BLEND,0.721981,0.495293,1.501500,1
1696,56.5899,SEIZURE,0.653975,BLEND,0.721981,0.495293,1.534867,1
1697,56.6232,SEIZURE,0.653975,BLEND,0.721981,0.495293,1.568233,1
1698,56.6566,SEIZURE,0.653975,BLEND,0.721981,0.495293,1.601600,1
1699,56.69,SEIZURE,0.653975,BLEND,0.721981,0.495293,1.634967,1
1700,56.7233,SEIZURE,0.653975,BLEND,0.721981,0.495293,1.668333,1
1701,56.7567,SEIZURE,0.653975,BLEND,0.721981,0.495293,1.701700,1
1702,56.7901,SEIZURE,0.653975,BLEND,0.721981,0.495293,1.735067,1
1703,56.8234,SEIZURE,0.653975,BLEND,0.721981,0.495293,1.768433,1
1704,56.8568,SEIZURE,0.653975,BLEND,0.721981,0.495293,1.801800,1
1705,56.8902,SEIZURE,0.653975,BLEND,0.721981,0.495293,1.835167,1
1706,56.9235,SEIZURE,0.653975,BLEND,0.721981,0.495293,1.868533,1
1707,56.9569,SEIZURE,0.653975,BLEND,0.721981,0.495293,1.901900,1
1708,56.9903,SEIZURE,0.653975,BLEND,0.721981,0.495293,1.935267,1
1709,57.0236,SEIZURE,0.653975,BLEND,0.721981,0.495293,1.968633,1
1710,57.057,SEIZURE,0.653474,BLEND,0.721267,0.495293,2.002000,1
1711,57.0904,SEIZURE,0.653474,BLEND,0.721267,0.495293,2.035367,1
1712,57.1237,SEIZURE,0.653474,BLEND,0.721267,0.495293,2.068733,1
1713,57.1571,SEIZURE,0.653474,BLEND,0.721267,0.495293,2.102100,1
1714,57.1905,SEIZURE,0.653474,BLEND,0.721267,0.495293,2.135467,1
1715,57.2238,SEIZURE,0.653474,BLEND,0.721267,0.495293,2.168833,1
1716,57.2572,SEIZURE,0.653474,BLEND,0.721267,0.495293,2.202200,1
1717,57.2906,SEIZURE,0.653474,BLEND,0.721267,0.495293,2.235567,1
1718,57.3239,SEIZURE,0.653474,BLEND,0.721267,0.495293,2.268933,1
1719,57.3573,SEIZURE,0.653474,BLEND,0.721267,0.495293,2.302300,1
1720,57.3907,SEIZURE,0.653474,BLEND,0.721267,0.495293,2.335667,1
1721,57.424,SEIZURE,0.653474,BLEND,0.721267,0.495293,2.369033,1
1722,57.4574,SEIZURE,0.653474,BLEND,0.721267,0.495293,2.402400,1
1723,57.4908,SEIZURE,0.653474,BLEND,0.721267,0.495293,2.435767,1
1724,57.5241,SEIZURE,0.653474,BLEND,0.721267,0.495293,2.469133,1
1725,57.5575,SEIZURE,0.654145,BLEND,0.722225,0.495293,2.502500,1
1726,57.5909,SEIZURE,0.654145,BLEND,0.722225,0.495293,2.535867,1
1727,57.6242,SEIZURE,0.654145,BLEND,0.722225,0.495293,2.569233,1
1728,57.6576,SEIZURE,0.654145,BLEND,0.722225,0.495293,2.602600,1
1729,57.691,SEIZURE,0.654145,BLEND,0.722225,0.495293,2.635967,1
1730,57.7243,SEIZURE,0.654145,BLEND,0.722225,0.495293,2.669333,1
1731,57.7577,SEIZURE,0.654145,BLEND,0.722225,0.495293,2.702700,1
1732,57.7911,SEIZURE,0.654145,BLEND,0.722225,0.495293,2.736067,1
1733,57.8244,SEIZURE,0.654145,BLEND,0.722225,0.495293,2.769433,1
1734,57.8578,SEIZURE,0.654145,BLEND,0.722225,0.495293,2.802800,1
1735,57.8912,SEIZURE,0.654145,BLEND,0.722225,0.495293,2.836167,1
1736,57.9245,SEIZURE,0.654145,BLEND,0.722225,0.495293,2.869533,1
1737,57.9579,SEIZURE,0.654145,BLEND,0.722225,0.495293,2.902900,1
1738,57.9913,SEIZURE,0.654145,BLEND,0.722225,0.495293,2.936267,1
1739,58.0246,SEIZURE,0.654145,BLEND,0.722225,0.495293,2.969633,1
1740,58.058,SEIZURE,0.581066,BLEND,0.617826,0.495293,3.003000,1
1741,58.0914,SEIZURE,0.581066,BLEND,0.617826,0.495293,3.036367,1
1742,58.1247,SEIZURE,0.581066,BLEND,0.617826,0.495293,3.069733,1
1743,58.1581,SEIZURE,0.581066,BLEND,0.617826,0.495293,3.103100,1
1744,58.1915,SEIZURE,0.581066,BLEND,0.617826,0.495293,3.136467,1
1745,58.2248,SEIZURE,0.581066,BLEND,0.617826,0.495293,3.169833,1
1746,58.2582,SEIZURE,0.581066,BLEND,0.617826,0.495293,3.203200,1
1747,58.2916,SEIZURE,0.581066,BLEND,0.617826,0.495293,3.236567,1
1748,58.3249,SEIZURE,0.581066,BLEND,0.617826,0.495293,3.269933,1
1749,58.3583,SEIZURE,0.581066,BLEND,0.617826,0.495293,3.303300,1
1750,58.3917,SEIZURE,0.581066,BLEND,0.617826,0.495293,3.336667,1
1751,58.425,SEIZURE,0.581066,BLEND,0.617826,0.495293,3.370033,1
1752,58.4584,SEIZURE,0.581066,BLEND,0.617826,0.495293,3.403400,1
1753,58.4918,SEIZURE,0.581066,BLEND,0.617826,0.495293,3.436767,1
1754,58.5251,SEIZURE,0.581066,BLEND,0.617826,0.495293,3.470133,1
1755,58.5585,SEIZURE,0.653189,BLEND,0.720858,0.495293,3.503500,1
1756,58.5919,SEIZURE,0.653189,BLEND,0.720858,0.495293,3.536867,1
1757,58.6252,SEIZURE,0.653189,BLEND,0.720858,0.495293,3.570233,1
1758,58.6586,SEIZURE,0.653189,BLEND,0.720858,0.495293,3.603600,1
1759,58.692,SEIZURE,0.653189,BLEND,0.720858,0.495293,3.636967,1
1760,58.7253,SEIZURE,0.653189,BLEND,0.720858,0.495293,3.670333,1
1761,58.7587,SEIZURE,0.653189,BLEND,0.720858,0.495293,3.703700,1
1762,58.7921,SEIZURE,0.653189,BLEND,0.720858,0.495293,3.737067,1
1763,58.8254,SEIZURE,0.653189,BLEND,0.720858,0.495293,3.770433,1
1764,58.8588,SEIZURE,0.653189,BLEND,0.720858,0.495293,3.803800,1
1765,58.8922,SEIZURE,0.653189,BLEND,0.720858,0.495293,3.837167,1
1766,58.9255,SEIZURE,0.653189,BLEND,0.720858,0.495293,3.870533,1
1767,58.9589,SEIZURE,0.653189,BLEND,0.720858,0.495293,3.903900,1
1768,58.9923,SEIZURE,0.653189,BLEND,0.720858,0.495293,3.937267,1
1769,59.0256,SEIZURE,0.653189,BLEND,0.720858,0.495293,3.970633,1
1770,59.059,SEIZURE,0.65372,BLEND,0.721618,0.495293,4.004000,1
1771,59.0924,SEIZURE,0.65372,BLEND,0.721618,0.495293,4.037367,1
1772,59.1257,SEIZURE,0.65372,BLEND,0.721618,0.495293,4.070733,1
1773,59.1591,SEIZURE,0.65372,BLEND,0.721618,0.495293,4.104100,1
1774,59.1925,SEIZURE,0.65372,BLEND,0.721618,0.495293,4.137467,1
1775,59.2258,SEIZURE,0.65372,BLEND,0.721618,0.495293,4.170833,1
1776,59.2592,SEIZURE,0.65372,BLEND,0.721618,0.495293,4.204200,1
1777,59.2926,SEIZURE,0.65372,BLEND,0.721618,0.495293,4.237567,1
1778,59.3259,SEIZURE,0.65372,BLEND,0.721618,0.495293,4.270933,1
1779,59.3593,SEIZURE,0.65372,BLEND,0.721618,0.495293,4.304300,1
1780,59.3927,SEIZURE,0.65372,BLEND,0.721618,0.495293,4.337667,1
1781,59.426,SEIZURE,0.65372,BLEND,0.721618,0.495293,4.371033,1
1782,59.4594,SEIZURE,0.65372,BLEND,0.721618,0.495293,4.404400,1
1783,59.4928,SEIZURE,0.65372,BLEND,0.721618,0.495293,4.437767,1
1784,59.5261,SEIZURE,0.65372,BLEND,0.721618,0.495293,4.471133,1
1785,59.5595,SEIZURE,0.653757,BLEND,0.72167,0.495293,4.504500,1
1786,59.5929,SEIZURE,0.653757,BLEND,0.72167,0.495293,4.537867,1
1787,59.6262,SEIZURE,0.653757,BLEND,0.72167,0.495293,4.571233,1
1788,59.6596,SEIZURE,0.653757,BLEND,0.72167,0.495293,4.604600,1
1789,59.693,SEIZURE,0.653757,BLEND,0.72167,0.495293,4.637967,1
1790,59.7263,SEIZURE,0.653757,BLEND,0.72167,0.495293,4.671333,1
1791,59.7597,SEIZURE,0.653757,BLEND,0.72167,0.495293,4.704700,1
1792,59.7931,SEIZURE,0.653757,BLEND,0.72167,0.495293,4.738067,1
1793,59.8264,SEIZURE,0.653757,BLEND,0.72167,0.495293,4.771433,1
1794,59.8598,SEIZURE,0.653757,BLEND,0.72167,0.495293,4.804800,1
1795,59.8932,SEIZURE,0.653757,BLEND,0.72167,0.495293,4.838167,1
1796,59.9265,SEIZURE,0.653757,BLEND,0.72167,0.495293,4.871533,1
1797,59.9599,SEIZURE,0.653757,BLEND,0.72167,0.495293,4.904900,1
1798,59.9933,SEIZURE,0.653757,BLEND,0.72167,0.495293,4.938267,1
1799,60.0266,SEIZURE,0.653757,BLEND,0.72167,0.495293,4.971633,1
1800,60.06,SEIZURE,0.653933,BLEND,0.721922,0.495293,5.005000,1
1801,60.0934,SEIZURE,0.653933,BLEND,0.721922,0.495293,5.038367,1
1802,60.1267,SEIZURE,0.653933,BLEND,0.721922,0.495293,5.071733,1
1803,60.1601,SEIZURE,0.653933,BLEND,0.721922,0.495293,5.105100,1
1804,60.1935,SEIZURE,0.653933,BLEND,0.721922,0.495293,5.138467,1
1805,60.2268,SEIZURE,0.653933,BLEND,0.721922,0.495293,5.171833,1
1806,60.2602,SEIZURE,0.653933,BLEND,0.721922,0.495293,5.205200,1
1807,60.2936,SEIZURE,0.653933,BLEND,0.721922,0.495293,5.238567,1
1808,60.3269,SEIZURE,0.653933,BLEND,0.721922,0.495293,5.271933,1
1809,60.3603,SEIZURE,0.653933,BLEND,0.721922,0.495293,5.305300,1
1810,60.3937,SEIZURE,0.653933,BLEND,0.721922,0.495293,5.338667,1
1811,60.427,SEIZURE,0.653933,BLEND,0.721922,0.495293,5.372033,1
1812,60.4604,SEIZURE,0.653933,BLEND,0.721922,0.495293,5.405400,1
1813,60.4938,SEIZURE,0.653933,BLEND,0.721922,0.495293,5.438767,1
1814,60.5271,SEIZURE,0.653933,BLEND,0.721922,0.495293,5.472133,1
1815,60.5605,SEIZURE,0.62506,BLEND,0.721975,0.398924,0.500500,1
1816,60.5939,SEIZURE,0.62506,BLEND,0.721975,0.398924,0.533867,1
1817,60.6272,SEIZURE,0.62506,BLEND,0.721975,0.398924,0.567233,1
1818,60.6606,SEIZURE,0.62506,BLEND,0.721975,0.398924,0.600600,1
1819,60.694,SEIZURE,0.62506,BLEND,0.721975,0.398924,0.633967,1
1820,60.7273,SEIZURE,0.62506,BLEND,0.721975,0.398924,0.667333,1
1821,60.7607,SEIZURE,0.62506,BLEND,0.721975,0.398924,0.700700,1
1822,60.7941,SEIZURE,0.62506,BLEND,0.721975,0.398924,0.734067,1
1823,60.8274,SEIZURE,0.62506,BLEND,0.721975,0.398924,0.767433,1
1824,60.8608,SEIZURE,0.62506,BLEND,0.721975,0.398924,0.800800,1
1825,60.8942,SEIZURE,0.62506,BLEND,0.721975,0.398924,0.834167,1
1826,60.9275,SEIZURE,0.62506,BLEND,0.721975,0.398924,0.867533,1
1827,60.9609,SEIZURE,0.62506,BLEND,0.721975,0.398924,0.900900,1
1828,60.9943,SEIZURE,0.62506,BLEND,0.721975,0.398924,0.934267,1
1829,61.0276,SEIZURE,0.62506,BLEND,0.721975,0.398924,0.967633,1
1830,61.061,SEIZURE,0.612679,BLEND,0.704288,0.398924,1.001000,1
1831,61.0944,SEIZURE,0.612679,BLEND,0.704288,0.398924,1.034367,1
1832,61.1277,SEIZURE,0.612679,BLEND,0.704288,0.398924,1.067733,1
1833,61.1611,SEIZURE,0.612679,BLEND,0.704288,0.398924,1.101100,1
1834,61.1945,SEIZURE,0.612679,BLEND,0.704288,0.398924,1.134467,1
1835,61.2278,SEIZURE,0.612679,BLEND,0.704288,0.398924,1.167833,1
1836,61.2612,SEIZURE,0.612679,BLEND,0.704288,0.398924,1.201200,1
1837,61.2946,SEIZURE,0.612679,BLEND,0.704288,0.398924,1.234567,1
1838,61.3279,SEIZURE,0.612679,BLEND,0.704288,0.398924,1.267933,1
1839,61.3613,SEIZURE,0.612679,BLEND,0.704288,0.398924,1.301300,1
1840,61.3947,SEIZURE,0.612679,BLEND,0.704288,0.398924,1.334667,1
1841,61.428,SEIZURE,0.612679,BLEND,0.704288,0.398924,1.368033,1
1842,61.4614,SEIZURE,0.612679,BLEND,0.704288,0.398924,1.401400,1
1843,61.4948,SEIZURE,0.612679,BLEND,0.704288,0.398924,1.434767,1
1844,61.5281,SEIZURE,0.612679,BLEND,0.704288,0.398924,1.468133,1
1845,61.5615,SEIZURE,0.622806,BLEND,0.718755,0.398924,1.501500,1
1846,61.5949,SEIZURE,0.622806,BLEND,0.718755,0.398924,1.534867,1
1847,61.6282,SEIZURE,0.622806,BLEND,0.718755,0.398924,1.568233,1
1848,61.6616,SEIZURE,0.622806,BLEND,0.718755,0.398924,1.601600,1
1849,61.695,SEIZURE,0.622806,BLEND,0.718755,0.398924,1.634967,1
1850,61.7283,SEIZURE,0.622806,BLEND,0.718755,0.398924,1.668333,1
1851,61.7617,SEIZURE,0.622806,BLEND,0.718755,0.398924,1.701700,1
1852,61.7951,SEIZURE,0.622806,BLEND,0.718755,0.398924,1.735067,1
1853,61.8284,SEIZURE,0.622806,BLEND,0.718755,0.398924,1.768433,1
1854,61.8618,SEIZURE,0.622806,BLEND,0.718755,0.398924,1.801800,1
1855,61.8952,SEIZURE,0.622806,BLEND,0.718755,0.398924,1.835167,1
1856,61.9285,SEIZURE,0.622806,BLEND,0.718755,0.398924,1.868533,1
1857,61.9619,SEIZURE,0.622806,BLEND,0.718755,0.398924,1.901900,1
1858,61.9953,SEIZURE,0.622806,BLEND,0.718755,0.398924,1.935267,1
1859,62.0286,SEIZURE,0.622806,BLEND,0.718755,0.398924,1.968633,1
1860,62.062,SEIZURE,0.623275,BLEND,0.719426,0.398924,2.002000,1
1861,62.0954,SEIZURE,0.623275,BLEND,0.719426,0.398924,2.035367,1
1862,62.1287,SEIZURE,0.623275,BLEND,0.719426,0.398924,2.068733,1
1863,62.1621,SEIZURE,0.623275,BLEND,0.719426,0.398924,2.102100,1
1864,62.1955,SEIZURE,0.623275,BLEND,0.719426,0.398924,2.135467,1
1865,62.2288,SEIZURE,0.623275,BLEND,0.719426,0.398924,2.168833,1
1866,62.2622,SEIZURE,0.623275,BLEND,0.719426,0.398924,2.202200,1
1867,62.2956,SEIZURE,0.623275,BLEND,0.719426,0.398924,2.235567,1
1868,62.3289,SEIZURE,0.623275,BLEND,0.719426,0.398924,2.268933,1
1869,62.3623,SEIZURE,0.623275,BLEND,0.719426,0.398924,2.302300,1
1870,62.3957,SEIZURE,0.623275,BLEND,0.719426,0.398924,2.335667,1
1871,62.429,SEIZURE,0.623275,BLEND,0.719426,0.398924,2.369033,1
1872,62.4624,SEIZURE,0.623275,BLEND,0.719426,0.398924,2.402400,1
1873,62.4958,SEIZURE,0.623275,BLEND,0.719426,0.398924,2.435767,1
1874,62.5291,SEIZURE,0.623275,BLEND,0.719426,0.398924,2.469133,1
1875,62.5625,SEIZURE,0.620467,BLEND,0.715413,0.398924,2.502500,1
1876,62.5959,SEIZURE,0.620467,BLEND,0.715413,0.398924,2.535867,1
1877,62.6292,SEIZURE,0.620467,BLEND,0.715413,0.398924,2.569233,1
1878,62.6626,SEIZURE,0.620467,BLEND,0.715413,0.398924,2.602600,1
1879,62.696,SEIZURE,0.620467,BLEND,0.715413,0.398924,2.635967,1
1880,62.7293,SEIZURE,0.620467,BLEND,0.715413,0.398924,2.669333,1
1881,62.7627,SEIZURE,0.620467,BLEND,0.715413,0.398924,2.702700,1
1882,62.7961,SEIZURE,0.620467,BLEND,0.715413,0.398924,2.736067,1
1883,62.8294,SEIZURE,0.620467,BLEND,0.715413,0.398924,2.769433,1
1884,62.8628,SEIZURE,0.620467,BLEND,0.715413,0.398924,2.802800,1
1885,62.8962,SEIZURE,0.620467,BLEND,0.715413,0.398924,2.836167,1
1886,62.9295,SEIZURE,0.620467,BLEND,0.715413,0.398924,2.869533,1
1887,62.9629,SEIZURE,0.620467,BLEND,0.715413,0.398924,2.902900,1
1888,62.9963,SEIZURE,0.620467,BLEND,0.715413,0.398924,2.936267,1
1889,63.0296,SEIZURE,0.620467,BLEND,0.715413,0.398924,2.969633,1
1890,63.063,SEIZURE,0.623905,BLEND,0.720326,0.398924,3.003000,1
1891,63.0964,SEIZURE,0.623905,BLEND,0.720326,0.398924,3.036367,1
1892,63.1297,SEIZURE,0.623905,BLEND,0.720326,0.398924,3.069733,1
1893,63.1631,SEIZURE,0.623905,BLEND,0.720326,0.398924,3.103100,1
1894,63.1965,SEIZURE,0.623905,BLEND,0.720326,0.398924,3.136467,1
1895,63.2298,SEIZURE,0.623905,BLEND,0.720326,0.398924,3.169833,1
1896,63.2632,SEIZURE,0.623905,BLEND,0.720326,0.398924,3.203200,1
1897,63.2966,SEIZURE,0.623905,BLEND,0.720326,0.398924,3.236567,1
1898,63.3299,SEIZURE,0.623905,BLEND,0.720326,0.398924,3.269933,1
1899,63.3633,SEIZURE,0.623905,BLEND,0.720326,0.398924,3.303300,1
1900,63.3967,SEIZURE,0.623905,BLEND,0.720326,0.398924,3.336667,1
1901,63.43,SEIZURE,0.623905,BLEND,0.720326,0.398924,3.370033,1
1902,63.4634,SEIZURE,0.623905,BLEND,0.720326,0.398924,3.403400,1
1903,63.4968,SEIZURE,0.623905,BLEND,0.720326,0.398924,3.436767,1
1904,63.5301,SEIZURE,0.623905,BLEND,0.720326,0.398924,3.470133,1
1905,63.5635,SEIZURE,0.61796,BLEND,0.711832,0.398924,3.503500,1
1906,63.5969,SEIZURE,0.61796,BLEND,0.711832,0.398924,3.536867,1
1907,63.6302,SEIZURE,0.61796,BLEND,0.711832,0.398924,3.570233,1
1908,63.6636,SEIZURE,0.61796,BLEND,0.711832,0.398924,3.603600,1
1909,63.697,SEIZURE,0.61796,BLEND,0.711832,0.398924,3.636967,1
1910,63.7303,SEIZURE,0.61796,BLEND,0.711832,0.398924,3.670333,1
1911,63.7637,SEIZURE,0.61796,BLEND,0.711832,0.398924,3.703700,1
1912,63.7971,SEIZURE,0.61796,BLEND,0.711832,0.398924,3.737067,1
1913,63.8304,SEIZURE,0.61796,BLEND,0.711832,0.398924,3.770433,1
1914,63.8638,SEIZURE,0.61796,BLEND,0.711832,0.398924,3.803800,1
1915,63.8972,SEIZURE,0.61796,BLEND,0.711832,0.398924,3.837167,1
1916,63.9305,SEIZURE,0.61796,BLEND,0.711832,0.398924,3.870533,1
1917,63.9639,SEIZURE,0.61796,BLEND,0.711832,0.398924,3.903900,1
1918,63.9973,SEIZURE,0.61796,BLEND,0.711832,0.398924,3.937267,1
1919,64.0306,SEIZURE,0.61796,BLEND,0.711832,0.398924,3.970633,1
1920,64.064,SEIZURE,0.624157,BLEND,0.720685,0.398924,4.004000,1
1921,64.0974,SEIZURE,0.624157,BLEND,0.720685,0.398924,4.037367,1
1922,64.1307,SEIZURE,0.624157,BLEND,0.720685,0.398924,4.070733,1
1923,64.1641,SEIZURE,0.624157,BLEND,0.720685,0.398924,4.104100,1
1924,64.1975,SEIZURE,0.624157,BLEND,0.720685,0.398924,4.137467,1
1925,64.2308,SEIZURE,0.624157,BLEND,0.720685,0.398924,4.170833,1
1926,64.2642,SEIZURE,0.624157,BLEND,0.720685,0.398924,4.204200,1
1927,64.2976,SEIZURE,0.624157,BLEND,0.720685,0.398924,4.237567,1
1928,64.3309,SEIZURE,0.624157,BLEND,0.720685,0.398924,4.270933,1
1929,64.3643,SEIZURE,0.624157,BLEND,0.720685,0.398924,4.304300,1
1930,64.3977,SEIZURE,0.624157,BLEND,0.720685,0.398924,4.337667,1
1931,64.431,SEIZURE,0.624157,BLEND,0.720685,0.398924,4.371033,1
1932,64.4644,SEIZURE,0.624157,BLEND,0.720685,0.398924,4.404400,1
1933,64.4978,SEIZURE,0.624157,BLEND,0.720685,0.398924,4.437767,1
1934,64.5311,SEIZURE,0.624157,BLEND,0.720685,0.398924,4.471133,1
1935,64.5645,SEIZURE,0.623545,BLEND,0.71981,0.398924,4.504500,1
1936,64.5979,SEIZURE,0.623545,BLEND,0.71981,0.398924,4.537867,1
1937,64.6312,SEIZURE,0.623545,BLEND,0.71981,0.398924,4.571233,1
1938,64.6646,SEIZURE,0.623545,BLEND,0.71981,0.398924,4.604600,1
1939,64.698,SEIZURE,0.623545,BLEND,0.71981,0.398924,4.637967,1
1940,64.7313,SEIZURE,0.623545,BLEND,0.71981,0.398924,4.671333,1
1941,64.7647,SEIZURE,0.623545,BLEND,0.71981,0.398924,4.704700,1
1942,64.7981,SEIZURE,0.623545,BLEND,0.71981,0.398924,4.738067,1
1943,64.8314,SEIZURE,0.623545,BLEND,0.71981,0.398924,4.771433,1
1944,64.8648,SEIZURE,0.623545,BLEND,0.71981,0.398924,4.804800,1
1945,64.8982,SEIZURE,0.623545,BLEND,0.71981,0.398924,4.838167,1
1946,64.9315,SEIZURE,0.623545,BLEND,0.71981,0.398924,4.871533,1
1947,64.9649,SEIZURE,0.623545,BLEND,0.71981,0.398924,4.904900,1
1948,64.9983,SEIZURE,0.623545,BLEND,0.71981,0.398924,4.938267,1
1949,65.0316,SEIZURE,0.623545,BLEND,0.71981,0.398924,4.971633,1
1950,65.065,SEIZURE,0.623549,BLEND,0.719817,0.398924,5.005000,1
1951,65.0984,SEIZURE,0.623549,BLEND,0.719817,0.398924,5.038367,1
1952,65.1317,SEIZURE,0.623549,BLEND,0.719817,0.398924,5.071733,1
1953,65.1651,SEIZURE,0.623549,BLEND,0.719817,0.398924,5.105100,1
1954,65.1985,SEIZURE,0.623549,BLEND,0.719817,0.398924,5.138467,1
1955,65.2318,SEIZURE,0.623549,BLEND,0.719817,0.398924,5.171833,1
1956,65.2652,SEIZURE,0.623549,BLEND,0.719817,0.398924,5.205200,1
1957,65.2986,SEIZURE,0.623549,BLEND,0.719817,0.398924,5.238567,1
1958,65.3319,SEIZURE,0.623549,BLEND,0.719817,0.398924,5.271933,1
1959,65.3653,SEIZURE,0.623549,BLEND,0.719817,0.398924,5.305300,1
1960,65.3987,SEIZURE,0.623549,BLEND,0.719817,0.398924,5.338667,1
1961,65.432,SEIZURE,0.623549,BLEND,0.719817,0.398924,5.372033,1
1962,65.4654,SEIZURE,0.623549,BLEND,0.719817,0.398924,5.405400,1
1963,65.4988,SEIZURE,0.623549,BLEND,0.719817,0.398924,5.438767,1
1964,65.5321,SEIZURE,0.623549,BLEND,0.719817,0.398924,5.472133,1
1965,65.5655,SEIZURE,0.56596,BLEND,0.717377,0.212655,0.500500,1
1966,65.5989,SEIZURE,0.56596,BLEND,0.717377,0.212655,0.533867,1
1967,65.6322,SEIZURE,0.56596,BLEND,0.717377,0.212655,0.567233,1
1968,65.6656,SEIZURE,0.56596,BLEND,0.717377,0.212655,0.600600,1
1969,65.699,SEIZURE,0.56596,BLEND,0.717377,0.212655,0.633967,1
1970,65.7323,SEIZURE,0.56596,BLEND,0.717377,0.212655,0.667333,1
1971,65.7657,SEIZURE,0.56596,BLEND,0.717377,0.212655,0.700700,1
1972,65.7991,SEIZURE,0.56596,BLEND,0.717377,0.212655,0.734067,1
1973,65.8324,SEIZURE,0.56596,BLEND,0.717377,0.212655,0.767433,1
1974,65.8658,SEIZURE,0.56596,BLEND,0.717377,0.212655,0.800800,1
1975,65.8992,SEIZURE,0.56596,BLEND,0.717377,0.212655,0.834167,1
1976,65.9325,SEIZURE,0.56596,BLEND,0.717377,0.212655,0.867533,1
1977,65.9659,SEIZURE,0.56596,BLEND,0.717377,0.212655,0.900900,1
1978,65.9993,SEIZURE,0.56596,BLEND,0.717377,0.212655,0.934267,1
1979,66.0326,SEIZURE,0.56596,BLEND,0.717377,0.212655,0.967633,1
1980,66.066,SEIZURE,0.569206,BLEND,0.722014,0.212655,1.001000,1
1981,66.0994,SEIZURE,0.569206,BLEND,0.722014,0.212655,1.034367,1
1982,66.1327,SEIZURE,0.569206,BLEND,0.722014,0.212655,1.067733,1
1983,66.1661,SEIZURE,0.569206,BLEND,0.722014,0.212655,1.101100,1
1984,66.1995,SEIZURE,0.569206,BLEND,0.722014,0.212655,1.134467,1
1985,66.2328,SEIZURE,0.569206,BLEND,0.722014,0.212655,1.167833,1
1986,66.2662,SEIZURE,0.569206,BLEND,0.722014,0.212655,1.201200,1
1987,66.2996,SEIZURE,0.569206,BLEND,0.722014,0.212655,1.234567,1
1988,66.3329,SEIZURE,0.569206,BLEND,0.722014,0.212655,1.267933,1
1989,66.3663,SEIZURE,0.569206,BLEND,0.722014,0.212655,1.301300,1
1990,66.3997,SEIZURE,0.569206,BLEND,0.722014,0.212655,1.334667,1
1991,66.433,SEIZURE,0.569206,BLEND,0.722014,0.212655,1.368033,1
1992,66.4664,SEIZURE,0.569206,BLEND,0.722014,0.212655,1.401400,1
1993,66.4998,SEIZURE,0.569206,BLEND,0.722014,0.212655,1.434767,1
1994,66.5331,SEIZURE,0.569206,BLEND,0.722014,0.212655,1.468133,1
1995,66.5665,SEIZURE,0.568387,BLEND,0.720843,0.212655,1.501500,1
1996,66.5999,SEIZURE,0.568387,BLEND,0.720843,0.212655,1.534867,1
1997,66.6332,SEIZURE,0.568387,BLEND,0.720843,0.212655,1.568233,1
1998,66.6666,SEIZURE,0.568387,BLEND,0.720843,0.212655,1.601600,1
1999,66.7,SEIZURE,0.568387,BLEND,0.720843,0.212655,1.634967,1
2000,66.7333,SEIZURE,0.568387,BLEND,0.720843,0.212655,1.668333,1
2001,66.7667,SEIZURE,0.568387,BLEND,0.720843,0.212655,1.701700,1
2002,66.8001,SEIZURE,0.568387,BLEND,0.720843,0.212655,1.735067,1
2003,66.8334,SEIZURE,0.568387,BLEND,0.720843,0.212655,1.768433,1
2004,66.8668,SEIZURE,0.568387,BLEND,0.720843,0.212655,1.801800,1
2005,66.9002,SEIZURE,0.568387,BLEND,0.720843,0.212655,1.835167,1
2006,66.9335,SEIZURE,0.568387,BLEND,0.720843,0.212655,1.868533,1
2007,66.9669,SEIZURE,0.568387,BLEND,0.720843,0.212655,1.901900,1
2008,67.0003,SEIZURE,0.568387,BLEND,0.720843,0.212655,1.935267,1
2009,67.0336,SEIZURE,0.568387,BLEND,0.720843,0.212655,1.968633,1
2010,67.067,SEIZURE,0.568574,BLEND,0.72111,0.212655,2.002000,1
2011,67.1004,SEIZURE,0.568574,BLEND,0.72111,0.212655,2.035367,1
2012,67.1337,SEIZURE,0.568574,BLEND,0.72111,0.212655,2.068733,1
2013,67.1671,SEIZURE,0.568574,BLEND,0.72111,0.212655,2.102100,1
2014,67.2005,SEIZURE,0.568574,BLEND,0.72111,0.212655,2.135467,1
2015,67.2338,SEIZURE,0.568574,BLEND,0.72111,0.212655,2.168833,1
2016,67.2672,SEIZURE,0.568574,BLEND,0.72111,0.212655,2.202200,1
2017,67.3006,SEIZURE,0.568574,BLEND,0.72111,0.212655,2.235567,1
2018,67.3339,SEIZURE,0.568574,BLEND,0.72111,0.212655,2.268933,1
2019,67.3673,SEIZURE,0.568574,BLEND,0.72111,0.212655,2.302300,1
2020,67.4007,SEIZURE,0.568574,BLEND,0.72111,0.212655,2.335667,1
2021,67.434,SEIZURE,0.568574,BLEND,0.72111,0.212655,2.369033,1
2022,67.4674,SEIZURE,0.568574,BLEND,0.72111,0.212655,2.402400,1
2023,67.5008,SEIZURE,0.568574,BLEND,0.72111,0.212655,2.435767,1
2024,67.5341,SEIZURE,0.568574,BLEND,0.72111,0.212655,2.469133,1
2025,67.5675,SEIZURE,0.568716,BLEND,0.721313,0.212655,2.502500,1
2026,67.6009,SEIZURE,0.568716,BLEND,0.721313,0.212655,2.535867,1
2027,67.6342,SEIZURE,0.568716,BLEND,0.721313,0.212655,2.569233,1
2028,67.6676,SEIZURE,0.568716,BLEND,0.721313,0.212655,2.602600,1
2029,67.701,SEIZURE,0.568716,BLEND,0.721313,0.212655,2.635967,1
2030,67.7343,SEIZURE,0.568716,BLEND,0.721313,0.212655,2.669333,1
2031,67.7677,SEIZURE,0.568716,BLEND,0.721313,0.212655,2.702700,1
2032,67.8011,SEIZURE,0.568716,BLEND,0.721313,0.212655,2.736067,1
2033,67.8344,SEIZURE,0.568716,BLEND,0.721313,0.212655,2.769433,1
2034,67.8678,SEIZURE,0.568716,BLEND,0.721313,0.212655,2.802800,1
2035,67.9012,SEIZURE,0.568716,BLEND,0.721313,0.212655,2.836167,1
2036,67.9345,SEIZURE,0.568716,BLEND,0.721313,0.212655,2.869533,1
2037,67.9679,SEIZURE,0.568716,BLEND,0.721313,0.212655,2.902900,1
2038,68.0013,SEIZURE,0.568716,BLEND,0.721313,0.212655,2.936267,1
2039,68.0346,SEIZURE,0.568716,BLEND,0.721313,0.212655,2.969633,1
2040,68.068,SEIZURE,0.569199,BLEND,0.722003,0.212655,3.003000,1
2041,68.1014,SEIZURE,0.569199,BLEND,0.722003,0.212655,3.036367,1
2042,68.1347,SEIZURE,0.569199,BLEND,0.722003,0.212655,3.069733,1
2043,68.1681,SEIZURE,0.569199,BLEND,0.722003,0.212655,3.103100,1
2044,68.2015,SEIZURE,0.569199,BLEND,0.722003,0.212655,3.136467,1
2045,68.2348,SEIZURE,0.569199,BLEND,0.722003,0.212655,3.169833,1
2046,68.2682,SEIZURE,0.569199,BLEND,0.722003,0.212655,3.203200,1
2047,68.3016,SEIZURE,0.569199,BLEND,0.722003,0.212655,3.236567,1
2048,68.3349,SEIZURE,0.569199,BLEND,0.722003,0.212655,3.269933,1
2049,68.3683,SEIZURE,0.569199,BLEND,0.722003,0.212655,3.303300,1
2050,68.4017,SEIZURE,0.569199,BLEND,0.722003,0.212655,3.336667,1
2051,68.435,SEIZURE,0.569199,BLEND,0.722003,0.212655,3.370033,1
2052,68.4684,SEIZURE,0.569199,BLEND,0.722003,0.212655,3.403400,1
2053,68.5018,SEIZURE,0.569199,BLEND,0.722003,0.212655,3.436767,1
2054,68.5351,SEIZURE,0.569199,BLEND,0.722003,0.212655,3.470133,1
2055,68.5685,SEIZURE,0.567664,BLEND,0.719811,0.212655,3.503500,1
2056,68.6019,SEIZURE,0.567664,BLEND,0.719811,0.212655,3.536867,1
2057,68.6352,SEIZURE,0.567664,BLEND,0.719811,0.212655,3.570233,1
2058,68.6686,SEIZURE,0.567664,BLEND,0.719811,0.212655,3.603600,1
2059,68.702,SEIZURE,0.567664,BLEND,0.719811,0.212655,3.636967,1
2060,68.7353,SEIZURE,0.567664,BLEND,0.719811,0.212655,3.670333,1
2061,68.7687,SEIZURE,0.567664,BLEND,0.719811,0.212655,3.703700,1
2062,68.8021,SEIZURE,0.567664,BLEND,0.719811,0.212655,3.737067,1
2063,68.8354,SEIZURE,0.567664,BLEND,0.719811,0.212655,3.770433,1
2064,68.8688,SEIZURE,0.567664,BLEND,0.719811,0.212655,3.803800,1
2065,68.9022,SEIZURE,0.567664,BLEND,0.719811,0.212655,3.837167,1
2066,68.9355,SEIZURE,0.567664,BLEND,0.719811,0.212655,3.870533,1
2067,68.9689,SEIZURE,0.567664,BLEND,0.719811,0.212655,3.903900,1
2068,69.0023,SEIZURE,0.567664,BLEND,0.719811,0.212655,3.937267,1
2069,69.0356,SEIZURE,0.567664,BLEND,0.719811,0.212655,3.970633,1
2070,69.069,SEIZURE,0.554172,BLEND,0.700537,0.212655,4.004000,1
2071,69.1024,SEIZURE,0.554172,BLEND,0.700537,0.212655,4.037367,1
2072,69.1357,SEIZURE,0.554172,BLEND,0.700537,0.212655,4.070733,1
2073,69.1691,SEIZURE,0.554172,BLEND,0.700537,0.212655,4.104100,1
2074,69.2025,SEIZURE,0.554172,BLEND,0.700537,0.212655,4.137467,1
2075,69.2358,SEIZURE,0.554172,BLEND,0.700537,0.212655,4.170833,1
2076,69.2692,SEIZURE,0.554172,BLEND,0.700537,0.212655,4.204200,1
2077,69.3026,SEIZURE,0.554172,BLEND,0.700537,0.212655,4.237567,1
2078,69.3359,SEIZURE,0.554172,BLEND,0.700537,0.212655,4.270933,1
2079,69.3693,SEIZURE,0.554172,BLEND,0.700537,0.212655,4.304300,1
2080,69.4027,SEIZURE,0.554172,BLEND,0.700537,0.212655,4.337667,1
2081,69.436,SEIZURE,0.554172,BLEND,0.700537,0.212655,4.371033,1
2082,69.4694,SEIZURE,0.554172,BLEND,0.700537,0.212655,4.404400,1
2083,69.5028,SEIZURE,0.554172,BLEND,0.700537,0.212655,4.437767,1
2084,69.5361,SEIZURE,0.554172,BLEND,0.700537,0.212655,4.471133,1
2085,69.5695,SEIZURE,0.567756,BLEND,0.719942,0.212655,4.504500,1
2086,69.6029,SEIZURE,0.567756,BLEND,0.719942,0.212655,4.537867,1
2087,69.6362,SEIZURE,0.567756,BLEND,0.719942,0.212655,4.571233,1
2088,69.6696,SEIZURE,0.567756,BLEND,0.719942,0.212655,4.604600,1
2089,69.703,SEIZURE,0.567756,BLEND,0.719942,0.212655,4.637967,1
2090,69.7363,SEIZURE,0.567756,BLEND,0.719942,0.212655,4.671333,1
2091,69.7697,SEIZURE,0.567756,BLEND,0.719942,0.212655,4.704700,1
2092,69.8031,SEIZURE,0.567756,BLEND,0.719942,0.212655,4.738067,1
2093,69.8364,SEIZURE,0.567756,BLEND,0.719942,0.212655,4.771433,1
2094,69.8698,SEIZURE,0.567756,BLEND,0.719942,0.212655,4.804800,1
2095,69.9032,SEIZURE,0.567756,BLEND,0.719942,0.212655,4.838167,1
2096,69.9365,SEIZURE,0.567756,BLEND,0.719942,0.212655,4.871533,1
2097,69.9699,SEIZURE,0.567756,BLEND,0.719942,0.212655,4.904900,1
2098,70.0033,SEIZURE,0.567756,BLEND,0.719942,0.212655,4.938267,1
2099,70.0366,SEIZURE,0.567756,BLEND,0.719942,0.212655,4.971633,1
2100,70.07,SEIZURE,0.551737,BLEND,0.697057,0.212655,5.005000,1
2101,70.1034,SEIZURE,0.551737,BLEND,0.697057,0.212655,5.038367,1
2102,70.1367,SEIZURE,0.551737,BLEND,0.697057,0.212655,5.071733,1
2103,70.1701,SEIZURE,0.551737,BLEND,0.697057,0.212655,5.105100,1
2104,70.2035,SEIZURE,0.551737,BLEND,0.697057,0.212655,5.138467,1
2105,70.2368,SEIZURE,0.551737,BLEND,0.697057,0.212655,5.171833,1
2106,70.2702,SEIZURE,0.551737,BLEND,0.697057,0.212655,5.205200,1
2107,70.3036,SEIZURE,0.551737,BLEND,0.697057,0.212655,5.238567,1
2108,70.3369,SEIZURE,0.551737,BLEND,0.697057,0.212655,5.271933,1
2109,70.3703,SEIZURE,0.551737,BLEND,0.697057,0.212655,5.305300,1
2110,70.4037,SEIZURE,0.551737,BLEND,0.697057,0.212655,5.338667,1
2111,70.437,SEIZURE,0.551737,BLEND,0.697057,0.212655,5.372033,1
2112,70.4704,SEIZURE,0.551737,BLEND,0.697057,0.212655,5.405400,1
2113,70.5038,SEIZURE,0.551737,BLEND,0.697057,0.212655,5.438767,1
2114,70.5371,SEIZURE,0.551737,BLEND,0.697057,0.212655,5.472133,1
2115,70.5705,NORMAL,0.196189,CJ_LOW,0.722275,0.196189,0.500500,0
2116,70.6039,NORMAL,0.196189,CJ_LOW,0.722275,0.196189,0.533867,0
2117,70.6372,NORMAL,0.196189,CJ_LOW,0.722275,0.196189,0.567233,0
2118,70.6706,NORMAL,0.196189,CJ_LOW,0.722275,0.196189,0.600600,0
2119,70.704,NORMAL,0.196189,CJ_LOW,0.722275,0.196189,0.633967,0
2120,70.7373,NORMAL,0.196189,CJ_LOW,0.722275,0.196189,0.667333,0
2121,70.7707,NORMAL,0.196189,CJ_LOW,0.722275,0.196189,0.700700,0
2122,70.8041,NORMAL,0.196189,CJ_LOW,0.722275,0.196189,0.734067,0
2123,70.8374,NORMAL,0.196189,CJ_LOW,0.722275,0.196189,0.767433,0
2124,70.8708,NORMAL,0.196189,CJ_LOW,0.722275,0.196189,0.800800,0
2125,70.9042,NORMAL,0.196189,CJ_LOW,0.722275,0.196189,0.834167,0
2126,70.9375,NORMAL,0.196189,CJ_LOW,0.722275,0.196189,0.867533,0
2127,70.9709,NORMAL,0.196189,CJ_LOW,0.722275,0.196189,0.900900,0
2128,71.0043,NORMAL,0.196189,CJ_LOW,0.722275,0.196189,0.934267,0
2129,71.0376,NORMAL,0.196189,CJ_LOW,0.722275,0.196189,0.967633,0
2130,71.071,NORMAL,0.196189,CJ_LOW,0.688954,0.196189,1.001000,0
2131,71.1044,NORMAL,0.196189,CJ_LOW,0.688954,0.196189,1.034367,0
2132,71.1377,NORMAL,0.196189,CJ_LOW,0.688954,0.196189,1.067733,0
2133,71.1711,NORMAL,0.196189,CJ_LOW,0.688954,0.196189,1.101100,0
2134,71.2045,NORMAL,0.196189,CJ_LOW,0.688954,0.196189,1.134467,0
2135,71.2378,NORMAL,0.196189,CJ_LOW,0.688954,0.196189,1.167833,0
2136,71.2712,NORMAL,0.196189,CJ_LOW,0.688954,0.196189,1.201200,0
2137,71.3046,NORMAL,0.196189,CJ_LOW,0.688954,0.196189,1.234567,0
2138,71.3379,NORMAL,0.196189,CJ_LOW,0.688954,0.196189,1.267933,0
2139,71.3713,NORMAL,0.196189,CJ_LOW,0.688954,0.196189,1.301300,0
2140,71.4047,NORMAL,0.196189,CJ_LOW,0.688954,0.196189,1.334667,0
2141,71.438,NORMAL,0.196189,CJ_LOW,0.688954,0.196189,1.368033,0
2142,71.4714,NORMAL,0.196189,CJ_LOW,0.688954,0.196189,1.401400,0
2143,71.5048,NORMAL,0.196189,CJ_LOW,0.688954,0.196189,1.434767,0
2144,71.5381,NORMAL,0.196189,CJ_LOW,0.688954,0.196189,1.468133,0
2145,71.5715,NORMAL,0.196189,CJ_LOW,0.721702,0.196189,1.501500,0
2146,71.6049,NORMAL,0.196189,CJ_LOW,0.721702,0.196189,1.534867,0
2147,71.6382,NORMAL,0.196189,CJ_LOW,0.721702,0.196189,1.568233,0
2148,71.6716,NORMAL,0.196189,CJ_LOW,0.721702,0.196189,1.601600,0
2149,71.705,NORMAL,0.196189,CJ_LOW,0.721702,0.196189,1.634967,0
2150,71.7383,NORMAL,0.196189,CJ_LOW,0.721702,0.196189,1.668333,0
2151,71.7717,NORMAL,0.196189,CJ_LOW,0.721702,0.196189,1.701700,0
2152,71.8051,NORMAL,0.196189,CJ_LOW,0.721702,0.196189,1.735067,0
2153,71.8384,NORMAL,0.196189,CJ_LOW,0.721702,0.196189,1.768433,0
2154,71.8718,NORMAL,0.196189,CJ_LOW,0.721702,0.196189,1.801800,0
2155,71.9052,NORMAL,0.196189,CJ_LOW,0.721702,0.196189,1.835167,0
2156,71.9385,NORMAL,0.196189,CJ_LOW,0.721702,0.196189,1.868533,0
2157,71.9719,NORMAL,0.196189,CJ_LOW,0.721702,0.196189,1.901900,0
2158,72.0053,NORMAL,0.196189,CJ_LOW,0.721702,0.196189,1.935267,0
2159,72.0386,NORMAL,0.196189,CJ_LOW,0.721702,0.196189,1.968633,0
2160,72.072,NORMAL,0.196189,CJ_LOW,0.712271,0.196189,2.002000,0
2161,72.1054,NORMAL,0.196189,CJ_LOW,0.712271,0.196189,2.035367,0
2162,72.1387,NORMAL,0.196189,CJ_LOW,0.712271,0.196189,2.068733,0
2163,72.1721,NORMAL,0.196189,CJ_LOW,0.712271,0.196189,2.102100,0
2164,72.2055,NORMAL,0.196189,CJ_LOW,0.712271,0.196189,2.135467,0
2165,72.2388,NORMAL,0.196189,CJ_LOW,0.712271,0.196189,2.168833,0
2166,72.2722,NORMAL,0.196189,CJ_LOW,0.712271,0.196189,2.202200,0
2167,72.3056,NORMAL,0.196189,CJ_LOW,0.712271,0.196189,2.235567,0
2168,72.3389,NORMAL,0.196189,CJ_LOW,0.712271,0.196189,2.268933,0
2169,72.3723,NORMAL,0.196189,CJ_LOW,0.712271,0.196189,2.302300,0
2170,72.4057,NORMAL,0.196189,CJ_LOW,0.712271,0.196189,2.335667,0
2171,72.439,NORMAL,0.196189,CJ_LOW,0.712271,0.196189,2.369033,0
2172,72.4724,NORMAL,0.196189,CJ_LOW,0.712271,0.196189,2.402400,0
2173,72.5058,NORMAL,0.196189,CJ_LOW,0.712271,0.196189,2.435767,0
2174,72.5391,NORMAL,0.196189,CJ_LOW,0.712271,0.196189,2.469133,0
2175,72.5725,NORMAL,0.196189,CJ_LOW,0.722099,0.196189,2.502500,0
2176,72.6059,NORMAL,0.196189,CJ_LOW,0.722099,0.196189,2.535867,0
2177,72.6392,NORMAL,0.196189,CJ_LOW,0.722099,0.196189,2.569233,0
2178,72.6726,NORMAL,0.196189,CJ_LOW,0.722099,0.196189,2.602600,0
2179,72.706,NORMAL,0.196189,CJ_LOW,0.722099,0.196189,2.635967,0
2180,72.7393,NORMAL,0.196189,CJ_LOW,0.722099,0.196189,2.669333,0
2181,72.7727,NORMAL,0.196189,CJ_LOW,0.722099,0.196189,2.702700,0
2182,72.8061,NORMAL,0.196189,CJ_LOW,0.722099,0.196189,2.736067,0
2183,72.8394,NORMAL,0.196189,CJ_LOW,0.722099,0.196189,2.769433,0
2184,72.8728,NORMAL,0.196189,CJ_LOW,0.722099,0.196189,2.802800,0
2185,72.9062,NORMAL,0.196189,CJ_LOW,0.722099,0.196189,2.836167,0
2186,72.9395,NORMAL,0.196189,CJ_LOW,0.722099,0.196189,2.869533,0
2187,72.9729,NORMAL,0.196189,CJ_LOW,0.722099,0.196189,2.902900,0
2188,73.0063,NORMAL,0.196189,CJ_LOW,0.722099,0.196189,2.936267,0
2189,73.0396,NORMAL,0.196189,CJ_LOW,0.722099,0.196189,2.969633,0
2190,73.073,NORMAL,0.196189,CJ_LOW,0.718691,0.196189,3.003000,0
2191,73.1064,NORMAL,0.196189,CJ_LOW,0.718691,0.196189,3.036367,0
2192,73.1397,NORMAL,0.196189,CJ_LOW,0.718691,0.196189,3.069733,0
2193,73.1731,NORMAL,0.196189,CJ_LOW,0.718691,0.196189,3.103100,0
2194,73.2065,NORMAL,0.196189,CJ_LOW,0.718691,0.196189,3.136467,0
2195,73.2398,NORMAL,0.196189,CJ_LOW,0.718691,0.196189,3.169833,0
2196,73.2732,NORMAL,0.196189,CJ_LOW,0.718691,0.196189,3.203200,0
2197,73.3066,NORMAL,0.196189,CJ_LOW,0.718691,0.196189,3.236567,0
2198,73.3399,NORMAL,0.196189,CJ_LOW,0.718691,0.196189,3.269933,0
2199,73.3733,NORMAL,0.196189,CJ_LOW,0.718691,0.196189,3.303300,0
2200,73.4067,NORMAL,0.196189,CJ_LOW,0.718691,0.196189,3.336667,0
2201,73.44,NORMAL,0.196189,CJ_LOW,0.718691,0.196189,3.370033,0
2202,73.4734,NORMAL,0.196189,CJ_LOW,0.718691,0.196189,3.403400,0
2203,73.5068,NORMAL,0.196189,CJ_LOW,0.718691,0.196189,3.436767,0
2204,73.5401,NORMAL,0.196189,CJ_LOW,0.718691,0.196189,3.470133,0
2205,73.5735,NORMAL,0.196189,CJ_LOW,0.720044,0.196189,3.503500,0
2206,73.6069,NORMAL,0.196189,CJ_LOW,0.720044,0.196189,3.536867,0
2207,73.6402,NORMAL,0.196189,CJ_LOW,0.720044,0.196189,3.570233,0
2208,73.6736,NORMAL,0.196189,CJ_LOW,0.720044,0.196189,3.603600,0
2209,73.707,NORMAL,0.196189,CJ_LOW,0.720044,0.196189,3.636967,0
2210,73.7403,NORMAL,0.196189,CJ_LOW,0.720044,0.196189,3.670333,0
2211,73.7737,NORMAL,0.196189,CJ_LOW,0.720044,0.196189,3.703700,0
2212,73.8071,NORMAL,0.196189,CJ_LOW,0.720044,0.196189,3.737067,0
2213,73.8404,NORMAL,0.196189,CJ_LOW,0.720044,0.196189,3.770433,0
2214,73.8738,NORMAL,0.196189,CJ_LOW,0.720044,0.196189,3.803800,0
2215,73.9072,NORMAL,0.196189,CJ_LOW,0.720044,0.196189,3.837167,0
2216,73.9405,NORMAL,0.196189,CJ_LOW,0.720044,0.196189,3.870533,0
2217,73.9739,NORMAL,0.196189,CJ_LOW,0.720044,0.196189,3.903900,0
2218,74.0073,NORMAL,0.196189,CJ_LOW,0.720044,0.196189,3.937267,0
2219,74.0406,NORMAL,0.196189,CJ_LOW,0.720044,0.196189,3.970633,0
2220,74.074,NORMAL,0.196189,CJ_LOW,0.587569,0.196189,4.004000,0
2221,74.1074,NORMAL,0.196189,CJ_LOW,0.587569,0.196189,4.037367,0
2222,74.1407,NORMAL,0.196189,CJ_LOW,0.587569,0.196189,4.070733,0
2223,74.1741,NORMAL,0.196189,CJ_LOW,0.587569,0.196189,4.104100,0
2224,74.2075,NORMAL,0.196189,CJ_LOW,0.587569,0.196189,4.137467,0
2225,74.2408,NORMAL,0.196189,CJ_LOW,0.587569,0.196189,4.170833,0
2226,74.2742,NORMAL,0.196189,CJ_LOW,0.587569,0.196189,4.204200,0
2227,74.3076,NORMAL,0.196189,CJ_LOW,0.587569,0.196189,4.237567,0
2228,74.3409,NORMAL,0.196189,CJ_LOW,0.587569,0.196189,4.270933,0
2229,74.3743,NORMAL,0.196189,CJ_LOW,0.587569,0.196189,4.304300,0
2230,74.4077,NORMAL,0.196189,CJ_LOW,0.587569,0.196189,4.337667,0
2231,74.441,NORMAL,0.196189,CJ_LOW,0.587569,0.196189,4.371033,0
2232,74.4744,NORMAL,0.196189,CJ_LOW,0.587569,0.196189,4.404400,0
2233,74.5078,NORMAL,0.196189,CJ_LOW,0.587569,0.196189,4.437767,0
2234,74.5411,NORMAL,0.196189,CJ_LOW,0.587569,0.196189,4.471133,0
2235,74.5745,NORMAL,0.196189,CJ_LOW,0.722147,0.196189,4.504500,0
2236,74.6079,NORMAL,0.196189,CJ_LOW,0.722147,0.196189,4.537867,0
2237,74.6412,NORMAL,0.196189,CJ_LOW,0.722147,0.196189,4.571233,0
2238,74.6746,NORMAL,0.196189,CJ_LOW,0.722147,0.196189,4.604600,0
2239,74.708,NORMAL,0.196189,CJ_LOW,0.722147,0.196189,4.637967,0
2240,74.7413,NORMAL,0.196189,CJ_LOW,0.722147,0.196189,4.671333,0
2241,74.7747,NORMAL,0.196189,CJ_LOW,0.722147,0.196189,4.704700,0
2242,74.8081,NORMAL,0.196189,CJ_LOW,0.722147,0.196189,4.738067,0
2243,74.8414,NORMAL,0.196189,CJ_LOW,0.722147,0.196189,4.771433,0
2244,74.8748,NORMAL,0.196189,CJ_LOW,0.722147,0.196189,4.804800,0
2245,74.9082,NORMAL,0.196189,CJ_LOW,0.722147,0.196189,4.838167,0
2246,74.9415,NORMAL,0.196189,CJ_LOW,0.722147,0.196189,4.871533,0
2247,74.9749,NORMAL,0.196189,CJ_LOW,0.722147,0.196189,4.904900,0
2248,75.0083,NORMAL,0.196189,CJ_LOW,0.722147,0.196189,4.938267,0
2249,75.0416,NORMAL,0.196189,CJ_LOW,0.722147,0.196189,4.971633,0
2250,75.075,NORMAL,0.196189,CJ_LOW,0.720758,0.196189,5.005000,0
2251,75.1084,NORMAL,0.196189,CJ_LOW,0.720758,0.196189,5.038367,0
2252,75.1417,NORMAL,0.196189,CJ_LOW,0.720758,0.196189,5.071733,0
2253,75.1751,NORMAL,0.196189,CJ_LOW,0.720758,0.196189,5.105100,0
2254,75.2085,NORMAL,0.196189,CJ_LOW,0.720758,0.196189,5.138467,0
2255,75.2418,NORMAL,0.196189,CJ_LOW,0.720758,0.196189,5.171833,0
2256,75.2752,NORMAL,0.196189,CJ_LOW,0.720758,0.196189,5.205200,0
2257,75.3086,NORMAL,0.196189,CJ_LOW,0.720758,0.196189,5.238567,0
2258,75.3419,NORMAL,0.196189,CJ_LOW,0.720758,0.196189,5.271933,0
2259,75.3753,NORMAL,0.196189,CJ_LOW,0.720758,0.196189,5.305300,0
2260,75.4087,NORMAL,0.196189,CJ_LOW,0.720758,0.196189,5.338667,0
2261,75.442,NORMAL,0.196189,CJ_LOW,0.720758,0.196189,5.372033,0
2262,75.4754,NORMAL,0.196189,CJ_LOW,0.720758,0.196189,5.405400,0
2263,75.5088,NORMAL,0.196189,CJ_LOW,0.720758,0.196189,5.438767,0
2264,75.5421,NORMAL,0.196189,CJ_LOW,0.720758,0.196189,5.472133,0
2265,75.5755,NORMAL,0.170751,CJ_LOW,0.721964,0.170751,0.500500,0
2266,75.6089,NORMAL,0.170751,CJ_LOW,0.721964,0.170751,0.533867,0
2267,75.6422,NORMAL,0.170751,CJ_LOW,0.721964,0.170751,0.567233,0
2268,75.6756,NORMAL,0.170751,CJ_LOW,0.721964,0.170751,0.600600,0
2269,75.709,NORMAL,0.170751,CJ_LOW,0.721964,0.170751,0.633967,0
2270,75.7423,NORMAL,0.170751,CJ_LOW,0.721964,0.170751,0.667333,0
2271,75.7757,NORMAL,0.170751,CJ_LOW,0.721964,0.170751,0.700700,0
2272,75.8091,NORMAL,0.170751,CJ_LOW,0.721964,0.170751,0.734067,0
2273,75.8424,NORMAL,0.170751,CJ_LOW,0.721964,0.170751,0.767433,0
2274,75.8758,NORMAL,0.170751,CJ_LOW,0.721964,0.170751,0.800800,0
2275,75.9092,NORMAL,0.170751,CJ_LOW,0.721964,0.170751,0.834167,0
2276,75.9425,NORMAL,0.170751,CJ_LOW,0.721964,0.170751,0.867533,0
2277,75.9759,NORMAL,0.170751,CJ_LOW,0.721964,0.170751,0.900900,0
2278,76.0093,NORMAL,0.170751,CJ_LOW,0.721964,0.170751,0.934267,0
2279,76.0426,NORMAL,0.170751,CJ_LOW,0.721964,0.170751,0.967633,0
2280,76.076,NORMAL,0.170751,CJ_LOW,0.721886,0.170751,1.001000,0
2281,76.1094,NORMAL,0.170751,CJ_LOW,0.721886,0.170751,1.034367,0
2282,76.1427,NORMAL,0.170751,CJ_LOW,0.721886,0.170751,1.067733,0
2283,76.1761,NORMAL,0.170751,CJ_LOW,0.721886,0.170751,1.101100,0
2284,76.2095,NORMAL,0.170751,CJ_LOW,0.721886,0.170751,1.134467,0
2285,76.2428,NORMAL,0.170751,CJ_LOW,0.721886,0.170751,1.167833,0
2286,76.2762,NORMAL,0.170751,CJ_LOW,0.721886,0.170751,1.201200,0
2287,76.3096,NORMAL,0.170751,CJ_LOW,0.721886,0.170751,1.234567,0
2288,76.3429,NORMAL,0.170751,CJ_LOW,0.721886,0.170751,1.267933,0
2289,76.3763,NORMAL,0.170751,CJ_LOW,0.721886,0.170751,1.301300,0
2290,76.4097,NORMAL,0.170751,CJ_LOW,0.721886,0.170751,1.334667,0
2291,76.443,NORMAL,0.170751,CJ_LOW,0.721886,0.170751,1.368033,0
2292,76.4764,NORMAL,0.170751,CJ_LOW,0.721886,0.170751,1.401400,0
2293,76.5098,NORMAL,0.170751,CJ_LOW,0.721886,0.170751,1.434767,0
2294,76.5431,NORMAL,0.170751,CJ_LOW,0.721886,0.170751,1.468133,0
2295,76.5765,NORMAL,0.170751,CJ_LOW,0.720166,0.170751,1.501500,0
2296,76.6099,NORMAL,0.170751,CJ_LOW,0.720166,0.170751,1.534867,0
2297,76.6432,NORMAL,0.170751,CJ_LOW,0.720166,0.170751,1.568233,0
2298,76.6766,NORMAL,0.170751,CJ_LOW,0.720166,0.170751,1.601600,0
2299,76.71,NORMAL,0.170751,CJ_LOW,0.720166,0.170751,1.634967,0
2300,76.7433,NORMAL,0.170751,CJ_LOW,0.720166,0.170751,1.668333,0
2301,76.7767,NORMAL,0.170751,CJ_LOW,0.720166,0.170751,1.701700,0
2302,76.8101,NORMAL,0.170751,CJ_LOW,0.720166,0.170751,1.735067,0
2303,76.8434,NORMAL,0.170751,CJ_LOW,0.720166,0.170751,1.768433,0
2304,76.8768,NORMAL,0.170751,CJ_LOW,0.720166,0.170751,1.801800,0
2305,76.9102,NORMAL,0.170751,CJ_LOW,0.720166,0.170751,1.835167,0
2306,76.9435,NORMAL,0.170751,CJ_LOW,0.720166,0.170751,1.868533,0
2307,76.9769,NORMAL,0.170751,CJ_LOW,0.720166,0.170751,1.901900,0
2308,77.0103,NORMAL,0.170751,CJ_LOW,0.720166,0.170751,1.935267,0
2309,77.0436,NORMAL,0.170751,CJ_LOW,0.720166,0.170751,1.968633,0
2310,77.077,NORMAL,0.170751,CJ_LOW,0.716725,0.170751,2.002000,0
2311,77.1104,NORMAL,0.170751,CJ_LOW,0.716725,0.170751,2.035367,0
2312,77.1437,NORMAL,0.170751,CJ_LOW,0.716725,0.170751,2.068733,0
2313,77.1771,NORMAL,0.170751,CJ_LOW,0.716725,0.170751,2.102100,0
2314,77.2105,NORMAL,0.170751,CJ_LOW,0.716725,0.170751,2.135467,0
2315,77.2438,NORMAL,0.170751,CJ_LOW,0.716725,0.170751,2.168833,0
2316,77.2772,NORMAL,0.170751,CJ_LOW,0.716725,0.170751,2.202200,0
2317,77.3106,NORMAL,0.170751,CJ_LOW,0.716725,0.170751,2.235567,0
2318,77.3439,NORMAL,0.170751,CJ_LOW,0.716725,0.170751,2.268933,0
2319,77.3773,NORMAL,0.170751,CJ_LOW,0.716725,0.170751,2.302300,0
2320,77.4107,NORMAL,0.170751,CJ_LOW,0.716725,0.170751,2.335667,0
2321,77.444,NORMAL,0.170751,CJ_LOW,0.716725,0.170751,2.369033,0
2322,77.4774,NORMAL,0.170751,CJ_LOW,0.716725,0.170751,2.402400,0
2323,77.5108,NORMAL,0.170751,CJ_LOW,0.716725,0.170751,2.435767,0
2324,77.5441,NORMAL,0.170751,CJ_LOW,0.716725,0.170751,2.469133,0
2325,77.5775,NORMAL,0.170751,CJ_LOW,0.721737,0.170751,2.502500,0
2326,77.6109,NORMAL,0.170751,CJ_LOW,0.721737,0.170751,2.535867,0
2327,77.6442,NORMAL,0.170751,CJ_LOW,0.721737,0.170751,2.569233,0
2328,77.6776,NORMAL,0.170751,CJ_LOW,0.721737,0.170751,2.602600,0
2329,77.711,NORMAL,0.170751,CJ_LOW,0.721737,0.170751,2.635967,0
2330,77.7443,NORMAL,0.170751,CJ_LOW,0.721737,0.170751,2.669333,0
2331,77.7777,NORMAL,0.170751,CJ_LOW,0.721737,0.170751,2.702700,0
2332,77.8111,NORMAL,0.170751,CJ_LOW,0.721737,0.170751,2.736067,0
2333,77.8444,NORMAL,0.170751,CJ_LOW,0.721737,0.170751,2.769433,0
2334,77.8778,NORMAL,0.170751,CJ_LOW,0.721737,0.170751,2.802800,0
2335,77.9112,NORMAL,0.170751,CJ_LOW,0.721737,0.170751,2.836167,0
2336,77.9445,NORMAL,0.170751,CJ_LOW,0.721737,0.170751,2.869533,0
2337,77.9779,NORMAL,0.170751,CJ_LOW,0.721737,0.170751,2.902900,0
2338,78.0113,NORMAL,0.170751,CJ_LOW,0.721737,0.170751,2.936267,0
2339,78.0446,NORMAL,0.170751,CJ_LOW,0.721737,0.170751,2.969633,0
2340,78.078,NORMAL,0.170751,CJ_LOW,0.703977,0.170751,3.003000,0
2341,78.1114,NORMAL,0.170751,CJ_LOW,0.703977,0.170751,3.036367,0
2342,78.1447,NORMAL,0.170751,CJ_LOW,0.703977,0.170751,3.069733,0
2343,78.1781,NORMAL,0.170751,CJ_LOW,0.703977,0.170751,3.103100,0
2344,78.2115,NORMAL,0.170751,CJ_LOW,0.703977,0.170751,3.136467,0
2345,78.2448,NORMAL,0.170751,CJ_LOW,0.703977,0.170751,3.169833,0
2346,78.2782,NORMAL,0.170751,CJ_LOW,0.703977,0.170751,3.203200,0
2347,78.3116,NORMAL,0.170751,CJ_LOW,0.703977,0.170751,3.236567,0
2348,78.3449,NORMAL,0.170751,CJ_LOW,0.703977,0.170751,3.269933,0
2349,78.3783,NORMAL,0.170751,CJ_LOW,0.703977,0.170751,3.303300,0
2350,78.4117,NORMAL,0.170751,CJ_LOW,0.703977,0.170751,3.336667,0
2351,78.445,NORMAL,0.170751,CJ_LOW,0.703977,0.170751,3.370033,0
2352,78.4784,NORMAL,0.170751,CJ_LOW,0.703977,0.170751,3.403400,0
2353,78.5118,NORMAL,0.170751,CJ_LOW,0.703977,0.170751,3.436767,0
2354,78.5451,NORMAL,0.170751,CJ_LOW,0.703977,0.170751,3.470133,0
2355,78.5785,NORMAL,0.170751,CJ_LOW,0.72153,0.170751,3.503500,0
2356,78.6119,NORMAL,0.170751,CJ_LOW,0.72153,0.170751,3.536867,0
2357,78.6452,NORMAL,0.170751,CJ_LOW,0.72153,0.170751,3.570233,0
2358,78.6786,NORMAL,0.170751,CJ_LOW,0.72153,0.170751,3.603600,0
2359,78.712,NORMAL,0.170751,CJ_LOW,0.72153,0.170751,3.636967,0
2360,78.7453,NORMAL,0.170751,CJ_LOW,0.72153,0.170751,3.670333,0
2361,78.7787,NORMAL,0.170751,CJ_LOW,0.72153,0.170751,3.703700,0
2362,78.8121,NORMAL,0.170751,CJ_LOW,0.72153,0.170751,3.737067,0
2363,78.8454,NORMAL,0.170751,CJ_LOW,0.72153,0.170751,3.770433,0
2364,78.8788,NORMAL,0.170751,CJ_LOW,0.72153,0.170751,3.803800,0
2365,78.9122,NORMAL,0.170751,CJ_LOW,0.72153,0.170751,3.837167,0
2366,78.9455,NORMAL,0.170751,CJ_LOW,0.72153,0.170751,3.870533,0
2367,78.9789,NORMAL,0.170751,CJ_LOW,0.72153,0.170751,3.903900,0
2368,79.0123,NORMAL,0.170751,CJ_LOW,0.72153,0.170751,3.937267,0
2369,79.0456,NORMAL,0.170751,CJ_LOW,0.72153,0.170751,3.970633,0
2370,79.079,NORMAL,0.170751,CJ_LOW,0.722246,0.170751,4.004000,0
2371,79.1124,NORMAL,0.170751,CJ_LOW,0.722246,0.170751,4.037367,0
2372,79.1457,NORMAL,0.170751,CJ_LOW,0.722246,0.170751,4.070733,0
2373,79.1791,NORMAL,0.170751,CJ_LOW,0.722246,0.170751,4.104100,0
2374,79.2125,NORMAL,0.170751,CJ_LOW,0.722246,0.170751,4.137467,0
2375,79.2458,NORMAL,0.170751,CJ_LOW,0.722246,0.170751,4.170833,0
2376,79.2792,NORMAL,0.170751,CJ_LOW,0.722246,0.170751,4.204200,0
2377,79.3126,NORMAL,0.170751,CJ_LOW,0.722246,0.170751,4.237567,0
2378,79.3459,NORMAL,0.170751,CJ_LOW,0.722246,0.170751,4.270933,0
2379,79.3793,NORMAL,0.170751,CJ_LOW,0.722246,0.170751,4.304300,0
2380,79.4127,NORMAL,0.170751,CJ_LOW,0.722246,0.170751,4.337667,0
2381,79.446,NORMAL,0.170751,CJ_LOW,0.722246,0.170751,4.371033,0
2382,79.4794,NORMAL,0.170751,CJ_LOW,0.722246,0.170751,4.404400,0
2383,79.5128,NORMAL,0.170751,CJ_LOW,0.722246,0.170751,4.437767,0
2384,79.5461,NORMAL,0.170751,CJ_LOW,0.722246,0.170751,4.471133,0
2385,79.5795,NORMAL,0.170751,CJ_LOW,0.720353,0.170751,4.504500,0
2386,79.6129,NORMAL,0.170751,CJ_LOW,0.720353,0.170751,4.537867,0
2387,79.6462,NORMAL,0.170751,CJ_LOW,0.720353,0.170751,4.571233,0
2388,79.6796,NORMAL,0.170751,CJ_LOW,0.720353,0.170751,4.604600,0
