frame,time_sec,status,seizure_signal,seizure_source,current_risk,cj_prob,cj_age_sec,alert_latched
1,0.0333667,INITIALISING,0,INITIALISING,0,,,0
2,0.0667333,INITIALISING,0,INITIALISING,0,,,0
3,0.1001,INITIALISING,0,INITIALISING,0,,,0
4,0.133467,INITIALISING,0,INITIALISING,0,,,0
5,0.166833,INITIALISING,0,INITIALISING,0,,,0
6,0.2002,INITIALISING,0,INITIALISING,0,,,0
7,0.233567,INITIALISING,0,INITIALISING,0,,,0
8,0.266933,INITIALISING,0,INITIALISING,0,,,0
9,0.3003,INITIALISING,0,INITIALISING,0,,,0
10,0.333667,INITIALISING,0,INITIALISING,0,,,0
11,0.367033,INITIALISING,0,INITIALISING,0,,,0
12,0.4004,INITIALISING,0,INITIALISING,0,,,0
13,0.433767,INITIALISING,0,INITIALISING,0,,,0
14,0.467133,INITIALISING,0,INITIALISING,0,,,0
15,0.5005,INITIALISING,0,INITIALISING,0,,,0
16,0.533867,INITIALISING,0,INITIALISING,0,,,0
17,0.567233,INITIALISING,0,INITIALISING,0,,,0
18,0.6006,INITIALISING,0,INITIALISING,0,,,0
19,0.633967,INITIALISING,0,INITIALISING,0,,,0
20,0.667333,INITIALISING,0,INITIALISING,0,,,0
21,0.7007,INITIALISING,0,INITIALISING,0,,,0
22,0.734067,INITIALISING,0,INITIALISING,0,,,0
23,0.767433,INITIALISING,0,INITIALISING,0,,,0
24,0.8008,INITIALISING,0,INITIALISING,0,,,0
25,0.834167,INITIALISING,0,INITIALISING,0,,,0
26,0.867533,INITIALISING,0,INITIALISING,0,,,0
27,0.9009,INITIALISING,0,INITIALISING,0,,,0
28,0.934267,INITIALISING,0,INITIALISING,0,,,0
29,0.967633,INITIALISING,0,INITIALISING,0,,,0
30,1.001,INITIALISING,0,INITIALISING,0,,,0
31,1.03437,INITIALISING,0,INITIALISING,0,,,0
32,1.06773,INITIALISING,0,INITIALISING,0,,,0
33,1.1011,INITIALISING,0,INITIALISING,0,,,0
34,1.13447,INITIALISING,0,INITIALISING,0,,,0
35,1.16783,INITIALISING,0,INITIALISING,0,,,0
36,1.2012,INITIALISING,0,INITIALISING,0,,,0
37,1.23457,INITIALISING,0,INITIALISING,0,,,0
38,1.26793,INITIALISING,0,INITIALISING,0,,,0
39,1.3013,INITIALISING,0,INITIALISING,0,,,0
40,1.33467,INITIALISING,0,INITIALISING,0,,,0
41,1.36803,INITIALISING,0,INITIALISING,0,,,0
42,1.4014,INITIALISING,0,INITIALISING,0,,,0
43,1.43477,INITIALISING,0,INITIALISING,0,,,0
44,1.46813,INITIALISING,0,INITIALISING,0,,,0
45,1.5015,INITIALISING,0,INITIALISING,0,,,0
46,1.53487,INITIALISING,0,INITIALISING,0,,,0
47,1.56823,INITIALISING,0,INITIALISING,0,,,0
48,1.6016,INITIALISING,0,INITIALISING,0,,,0
49,1.63497,INITIALISING,0,INITIALISING,0,,,0
50,1.66833,INITIALISING,0,INITIALISING,0,,,0
51,1.7017,INITIALISING,0,INITIALISING,0,,,0
52,1.73507,INITIALISING,0,INITIALISING,0,,,0
53,1.76843,INITIALISING,0,INITIALISING,0,,,0
54,1.8018,INITIALISING,0,INITIALISING,0,,,0
55,1.83517,INITIALISING,0,INITIALISING,0,,,0
56,1.86853,INITIALISING,0,INITIALISING,0,,,0
57,1.9019,INITIALISING,0,INITIALISING,0,,,0
58,1.93527,INITIALISING,0,INITIALISING,0,,,0
59,1.96863,INITIALISING,0,INITIALISING,0,,,0
60,2.002,INITIALISING,0,INITIALISING,0,,,0
61,2.03537,INITIALISING,0,INITIALISING,0,,,0
62,2.06873,INITIALISING,0,INITIALISING,0,,,0
63,2.1021,INITIALISING,0,INITIALISING,0,,,0
64,2.13547,INITIALISING,0,INITIALISING,0,,,0
65,2.16883,INITIALISING,0,INITIALISING,0,,,0
66,2.2022,INITIALISING,0,INITIALISING,0,,,0
67,2.23557,INITIALISING,0,INITIALISING,0,,,0
68,2.26893,INITIALISING,0,INITIALISING,0,,,0
69,2.3023,INITIALISING,0,INITIALISING,0,,,0
70,2.33567,INITIALISING,0,INITIALISING,0,,,0
71,2.36903,INITIALISING,0,INITIALISING,0,,,0
72,2.4024,INITIALISING,0,INITIALISING,0,,,0
73,2.43577,INITIALISING,0,INITIALISING,0,,,0
74,2.46913,INITIALISING,0,INITIALISING,0,,,0
75,2.5025,INITIALISING,0,INITIALISING,0,,,0
76,2.53587,INITIALISING,0,INITIALISING,0,,,0
77,2.56923,INITIALISING,0,INITIALISING,0,,,0
78,2.6026,INITIALISING,0,INITIALISING,0,,,0
79,2.63597,INITIALISING,0,INITIALISING,0,,,0
80,2.66933,INITIALISING,0,INITIALISING,0,,,0
81,2.7027,INITIALISING,0,INITIALISING,0,,,0
82,2.73607,INITIALISING,0,INITIALISING,0,,,0
83,2.76943,INITIALISING,0,INITIALISING,0,,,0
84,2.8028,INITIALISING,0,INITIALISING,0,,,0
85,2.83617,INITIALISING,0,INITIALISING,0,,,0
86,2.86953,INITIALISING,0,INITIALISING,0,,,0
87,2.9029,INITIALISING,0,INITIALISING,0,,,0
88,2.93627,INITIALISING,0,INITIALISING,0,,,0
89,2.96963,INITIALISING,0,INITIALISING,0,,,0
90,3.003,INITIALISING,0,INITIALISING,0,,,0
91,3.03637,INITIALISING,0,INITIALISING,0,,,0
92,3.06973,INITIALISING,0,INITIALISING,0,,,0
93,3.1031,INITIALISING,0,INITIALISING,0,,,0
94,3.13647,INITIALISING,0,INITIALISING,0,,,0
95,3.16983,INITIALISING,0,INITIALISING,0,,,0
96,3.2032,INITIALISING,0,INITIALISING,0,,,0
97,3.23657,INITIALISING,0,INITIALISING,0,,,0
98,3.26993,INITIALISING,0,INITIALISING,0,,,0
99,3.3033,INITIALISING,0,INITIALISING,0,,,0
100,3.33667,INITIALISING,0,INITIALISING,0,,,0
101,3.37003,INITIALISING,0,INITIALISING,0,,,0
102,3.4034,INITIALISING,0,INITIALISING,0,,,0
103,3.43677,INITIALISING,0,INITIALISING,0,,,0
104,3.47013,INITIALISING,0,INITIALISING,0,,,0
105,3.5035,INITIALISING,0,INITIALISING,0,,,0
106,3.53687,INITIALISING,0,INITIALISING,0,,,0
107,3.57023,INITIALISING,0,INITIALISING,0,,,0
108,3.6036,INITIALISING,0,INITIALISING,0,,,0
109,3.63697,INITIALISING,0,INITIALISING,0,,,0
110,3.67033,INITIALISING,0,INITIALISING,0,,,0
111,3.7037,INITIALISING,0,INITIALISING,0,,,0
112,3.73707,INITIALISING,0,INITIALISING,0,,,0
113,3.77043,INITIALISING,0,INITIALISING,0,,,0
114,3.8038,INITIALISING,0,INITIALISING,0,,,0
115,3.83717,INITIALISING,0,INITIALISING,0,,,0
116,3.87053,INITIALISING,0,INITIALISING,0,,,0
117,3.9039,INITIALISING,0,INITIALISING,0,,,0
118,3.93727,INITIALISING,0,INITIALISING,0,,,0
119,3.97063,INITIALISING,0,INITIALISING,0,,,0
120,4.004,INITIALISING,0,INITIALISING,0,,,0
121,4.03737,INITIALISING,0,INITIALISING,0,,,0
122,4.07073,INITIALISING,0,INITIALISING,0,,,0
123,4.1041,INITIALISING,0,INITIALISING,0,,,0
124,4.13747,INITIALISING,0,INITIALISING,0,,,0
125,4.17083,INITIALISING,0,INITIALISING,0,,,0
126,4.2042,INITIALISING,0,INITIALISING,0,,,0
127,4.23757,INITIALISING,0,INITIALISING,0,,,0
128,4.27093,INITIALISING,0,INITIALISING,0,,,0
129,4.3043,INITIALISING,0,INITIALISING,0,,,0
130,4.33767,INITIALISING,0,INITIALISING,0,,,0
131,4.37103,INITIALISING,0,INITIALISING,0,,,0
132,4.4044,INITIALISING,0,INITIALISING,0,,,0
133,4.43777,INITIALISING,0,INITIALISING,0,,,0
134,4.47113,INITIALISING,0,INITIALISING,0,,,0
135,4.5045,INITIALISING,0,INITIALISING,0,,,0
136,4.53787,INITIALISING,0,INITIALISING,0,,,0
137,4.57123,INITIALISING,0,INITIALISING,0,,,0
138,4.6046,INITIALISING,0,INITIALISING,0,,,0
139,4.63797,INITIALISING,0,INITIALISING,0,,,0
140,4.67133,INITIALISING,0,INITIALISING,0,,,0
141,4.7047,INITIALISING,0,INITIALISING,0,,,0
142,4.73807,INITIALISING,0,INITIALISING,0,,,0
143,4.77143,INITIALISING,0,INITIALISING,0,,,0
144,4.8048,INITIALISING,0,INITIALISING,0,,,0
145,4.83817,INITIALISING,0,INITIALISING,0,,,0
146,4.87153,INITIALISING,0,INITIALISING,0,,,0
147,4.9049,INITIALISING,0,INITIALISING,0,,,0
148,4.93827,INITIALISING,0,INITIALISING,0,,,0
149,4.97163,INITIALISING,0,INITIALISING,0,,,0
150,5.005,INITIALISING,0,INITIALISING,0.535281,,,0
151,5.03837,INITIALISING,0,INITIALISING,0.535281,,,0
152,5.07173,INITIALISING,0,INITIALISING,0.535281,,,0
153,5.1051,INITIALISING,0,INITIALISING,0.535281,,,0
154,5.13847,INITIALISING,0,INITIALISING,0.535281,,,0
155,5.17183,INITIALISING,0,INITIALISING,0.535281,,,0
156,5.2052,INITIALISING,0,INITIALISING,0.535281,,,0
157,5.23857,INITIALISING,0,INITIALISING,0.535281,,,0
158,5.27193,INITIALISING,0,INITIALISING,0.535281,,,0
159,5.3053,INITIALISING,0,INITIALISING,0.535281,,,0
160,5.33867,INITIALISING,0,INITIALISING,0.535281,,,0
161,5.37203,INITIALISING,0,INITIALISING,0.535281,,,0
162,5.4054,INITIALISING,0,INITIALISING,0.535281,,,0
163,5.43877,INITIALISING,0,INITIALISING,0.535281,,,0
164,5.47213,INITIALISING,0,INITIALISING,0.535281,,,0
165,5.5055,INITIALISING,0,INITIALISING,0.523455,,,0
166,5.53887,INITIALISING,0,INITIALISING,0.523455,,,0
167,5.57223,INITIALISING,0,INITIALISING,0.523455,,,0
168,5.6056,INITIALISING,0,INITIALISING,0.523455,,,0
169,5.63897,INITIALISING,0,INITIALISING,0.523455,,,0
170,5.67233,INITIALISING,0,INITIALISING,0.523455,,,0
171,5.7057,INITIALISING,0,INITIALISING,0.523455,,,0
172,5.73907,INITIALISING,0,INITIALISING,0.523455,,,0
173,5.77243,INITIALISING,0,INITIALISING,0.523455,,,0
174,5.8058,INITIALISING,0,INITIALISING,0.523455,,,0
175,5.83917,INITIALISING,0,INITIALISING,0.523455,,,0
176,5.87253,INITIALISING,0,INITIALISING,0.523455,,,0
177,5.9059,INITIALISING,0,INITIALISING,0.523455,,,0
178,5.93927,INITIALISING,0,INITIALISING,0.523455,,,0
179,5.97263,INITIALISING,0,INITIALISING,0.523455,,,0
180,6.006,NORMAL,0.139431,CJ_LOW,0.527181,0.139431,1.001000,0
181,6.03937,NORMAL,0.139431,CJ_LOW,0.527181,0.139431,1.034367,0
182,6.07273,NORMAL,0.139431,CJ_LOW,0.527181,0.139431,1.067733,0
183,6.1061,NORMAL,0.139431,CJ_LOW,0.527181,0.139431,1.101100,0
184,6.13947,NORMAL,0.139431,CJ_LOW,0.527181,0.139431,1.134467,0
185,6.17283,NORMAL,0.139431,CJ_LOW,0.527181,0.139431,1.167833,0
186,6.2062,NORMAL,0.139431,CJ_LOW,0.527181,0.139431,1.201200,0
187,6.23957,NORMAL,0.139431,CJ_LOW,0.527181,0.139431,1.234567,0
188,6.27293,NORMAL,0.139431,CJ_LOW,0.527181,0.139431,1.267933,0
189,6.3063,NORMAL,0.139431,CJ_LOW,0.527181,0.139431,1.301300,0
190,6.33967,NORMAL,0.139431,CJ_LOW,0.527181,0.139431,1.334667,0
191,6.37303,NORMAL,0.139431,CJ_LOW,0.527181,0.139431,1.368033,0
192,6.4064,NORMAL,0.139431,CJ_LOW,0.527181,0.139431,1.401400,0
193,6.43977,NORMAL,0.139431,CJ_LOW,0.527181,0.139431,1.434767,0
194,6.47313,NORMAL,0.139431,CJ_LOW,0.527181,0.139431,1.468133,0
195,6.5065,NORMAL,0.139431,CJ_LOW,0.521141,0.139431,1.501500,0
196,6.53987,NORMAL,0.139431,CJ_LOW,0.521141,0.139431,1.534867,0
197,6.57323,NORMAL,0.139431,CJ_LOW,0.521141,0.139431,1.568233,0
198,6.6066,NORMAL,0.139431,CJ_LOW,0.521141,0.139431,1.601600,0
199,6.63997,NORMAL,0.139431,CJ_LOW,0.521141,0.139431,1.634967,0
200,6.67333,NORMAL,0.139431,CJ_LOW,0.521141,0.139431,1.668333,0
201,6.7067,NORMAL,0.139431,CJ_LOW,0.521141,0.139431,1.701700,0
202,6.74007,NORMAL,0.139431,CJ_LOW,0.521141,0.139431,1.735067,0
203,6.77343,NORMAL,0.139431,CJ_LOW,0.521141,0.139431,1.768433,0
204,6.8068,NORMAL,0.139431,CJ_LOW,0.521141,0.139431,1.801800,0
205,6.84017,NORMAL,0.139431,CJ_LOW,0.521141,0.139431,1.835167,0
206,6.87353,NORMAL,0.139431,CJ_LOW,0.521141,0.139431,1.868533,0
207,6.9069,NORMAL,0.139431,CJ_LOW,0.521141,0.139431,1.901900,0
208,6.94027,NORMAL,0.139431,CJ_LOW,0.521141,0.139431,1.935267,0
209,6.97363,NORMAL,0.139431,CJ_LOW,0.521141,0.139431,1.968633,0
210,7.007,NORMAL,0.139431,CJ_LOW,0.531655,0.139431,2.002000,0
211,7.04037,NORMAL,0.139431,CJ_LOW,0.531655,0.139431,2.035367,0
212,7.07373,NORMAL,0.139431,CJ_LOW,0.531655,0.139431,2.068733,0
213,7.1071,NORMAL,0.139431,CJ_LOW,0.531655,0.139431,2.102100,0
214,7.14047,NORMAL,0.139431,CJ_LOW,0.531655,0.139431,2.135467,0
215,7.17383,NORMAL,0.139431,CJ_LOW,0.531655,0.139431,2.168833,0
216,7.2072,NORMAL,0.139431,CJ_LOW,0.531655,0.139431,2.202200,0
217,7.24057,NORMAL,0.139431,CJ_LOW,0.531655,0.139431,2.235567,0
218,7.27393,NORMAL,0.139431,CJ_LOW,0.531655,0.139431,2.268933,0
219,7.3073,NORMAL,0.139431,CJ_LOW,0.531655,0.139431,2.302300,0
220,7.34067,NORMAL,0.139431,CJ_LOW,0.531655,0.139431,2.335667,0
221,7.37403,NORMAL,0.139431,CJ_LOW,0.531655,0.139431,2.369033,0
222,7.4074,NORMAL,0.139431,CJ_LOW,0.531655,0.139431,2.402400,0
223,7.44077,NORMAL,0.139431,CJ_LOW,0.531655,0.139431,2.435767,0
224,7.47413,NORMAL,0.139431,CJ_LOW,0.531655,0.139431,2.469133,0
225,7.5075,NORMAL,0.139431,CJ_LOW,0.519667,0.139431,2.502500,0
226,7.54087,NORMAL,0.139431,CJ_LOW,0.519667,0.139431,2.535867,0
227,7.57423,NORMAL,0.139431,CJ_LOW,0.519667,0.139431,2.569233,0
228,7.6076,NORMAL,0.139431,CJ_LOW,0.519667,0.139431,2.602600,0
229,7.64097,NORMAL,0.139431,CJ_LOW,0.519667,0.139431,2.635967,0
230,7.67433,NORMAL,0.139431,CJ_LOW,0.519667,0.139431,2.669333,0
231,7.7077,NORMAL,0.139431,CJ_LOW,0.519667,0.139431,2.702700,0
232,7.74107,NORMAL,0.139431,CJ_LOW,0.519667,0.139431,2.736067,0
233,7.77443,NORMAL,0.139431,CJ_LOW,0.519667,0.139431,2.769433,0
234,7.8078,NORMAL,0.139431,CJ_LOW,0.519667,0.139431,2.802800,0
235,7.84117,NORMAL,0.139431,CJ_LOW,0.519667,0.139431,2.836167,0
236,7.87453,NORMAL,0.139431,CJ_LOW,0.519667,0.139431,2.869533,0
237,7.9079,NORMAL,0.139431,CJ_LOW,0.519667,0.139431,2.902900,0
238,7.94127,NORMAL,0.139431,CJ_LOW,0.519667,0.139431,2.936267,0
239,7.97463,NORMAL,0.139431,CJ_LOW,0.519667,0.139431,2.969633,0
240,8.008,NORMAL,0.139431,CJ_LOW,0.533799,0.139431,3.003000,0
241,8.04137,NORMAL,0.139431,CJ_LOW,0.533799,0.139431,3.036367,0
242,8.07473,NORMAL,0.139431,CJ_LOW,0.533799,0.139431,3.069733,0
243,8.1081,NORMAL,0.139431,CJ_LOW,0.533799,0.139431,3.103100,0
244,8.14147,NORMAL,0.139431,CJ_LOW,0.533799,0.139431,3.136467,0
245,8.17483,NORMAL,0.139431,CJ_LOW,0.533799,0.139431,3.169833,0
246,8.2082,NORMAL,0.139431,CJ_LOW,0.533799,0.139431,3.203200,0
247,8.24157,NORMAL,0.139431,CJ_LOW,0.533799,0.139431,3.236567,0
248,8.27493,NORMAL,0.139431,CJ_LOW,0.533799,0.139431,3.269933,0
249,8.3083,NORMAL,0.139431,CJ_LOW,0.533799,0.139431,3.303300,0
250,8.34167,NORMAL,0.139431,CJ_LOW,0.533799,0.139431,3.336667,0
251,8.37503,NORMAL,0.139431,CJ_LOW,0.533799,0.139431,3.370033,0
252,8.4084,NORMAL,0.139431,CJ_LOW,0.533799,0.139431,3.403400,0
253,8.44177,NORMAL,0.139431,CJ_LOW,0.533799,0.139431,3.436767,0
254,8.47513,NORMAL,0.139431,CJ_LOW,0.533799,0.139431,3.470133,0
255,8.5085,NORMAL,0.139431,CJ_LOW,0.524247,0.139431,3.503500,0
256,8.54187,NORMAL,0.139431,CJ_LOW,0.524247,0.139431,3.536867,0
257,8.57523,NORMAL,0.139431,CJ_LOW,0.524247,0.139431,3.570233,0
258,8.6086,NORMAL,0.139431,CJ_LOW,0.524247,0.139431,3.603600,0
259,8.64197,NORMAL,0.139431,CJ_LOW,0.524247,0.139431,3.636967,0
260,8.67533,NORMAL,0.139431,CJ_LOW,0.524247,0.139431,3.670333,0
261,8.7087,NORMAL,0.139431,CJ_LOW,0.524247,0.139431,3.703700,0
262,8.74207,NORMAL,0.139431,CJ_LOW,0.524247,0.139431,3.737067,0
263,8.77543,NORMAL,0.139431,CJ_LOW,0.524247,0.139431,3.770433,0
264,8.8088,NORMAL,0.139431,CJ_LOW,0.524247,0.139431,3.803800,0
265,8.84217,NORMAL,0.139431,CJ_LOW,0.524247,0.139431,3.837167,0
266,8.87553,NORMAL,0.139431,CJ_LOW,0.524247,0.139431,3.870533,0
267,8.9089,NORMAL,0.139431,CJ_LOW,0.524247,0.139431,3.903900,0
268,8.94227,NORMAL,0.139431,CJ_LOW,0.524247,0.139431,3.937267,0
269,8.97563,NORMAL,0.139431,CJ_LOW,0.524247,0.139431,3.970633,0
270,9.009,NORMAL,0.139431,CJ_LOW,0.522364,0.139431,4.004000,0
271,9.04237,NORMAL,0.139431,CJ_LOW,0.522364,0.139431,4.037367,0
272,9.07573,NORMAL,0.139431,CJ_LOW,0.522364,0.139431,4.070733,0
273,9.1091,NORMAL,0.139431,CJ_LOW,0.522364,0.139431,4.104100,0
274,9.14247,NORMAL,0.139431,CJ_LOW,0.522364,0.139431,4.137467,0
275,9.17583,NORMAL,0.139431,CJ_LOW,0.522364,0.139431,4.170833,0
276,9.2092,NORMAL,0.139431,CJ_LOW,0.522364,0.139431,4.204200,0
277,9.24257,NORMAL,0.139431,CJ_LOW,0.522364,0.139431,4.237567,0
278,9.27593,NORMAL,0.139431,CJ_LOW,0.522364,0.139431,4.270933,0
279,9.3093,NORMAL,0.139431,CJ_LOW,0.522364,0.139431,4.304300,0
280,9.34267,NORMAL,0.139431,CJ_LOW,0.522364,0.139431,4.337667,0
281,9.37603,NORMAL,0.139431,CJ_LOW,0.522364,0.139431,4.371033,0
282,9.4094,NORMAL,0.139431,CJ_LOW,0.522364,0.139431,4.404400,0
283,9.44277,NORMAL,0.139431,CJ_LOW,0.522364,0.139431,4.437767,0
284,9.47613,NORMAL,0.139431,CJ_LOW,0.522364,0.139431,4.471133,0
285,9.5095,NORMAL,0.139431,CJ_LOW,0.5239,0.139431,4.504500,0
286,9.54287,NORMAL,0.139431,CJ_LOW,0.5239,0.139431,4.537867,0
287,9.57623,NORMAL,0.139431,CJ_LOW,0.5239,0.139431,4.571233,0
288,9.6096,NORMAL,0.139431,CJ_LOW,0.5239,0.139431,4.604600,0
289,9.64297,NORMAL,0.139431,CJ_LOW,0.5239,0.139431,4.637967,0
290,9.67633,NORMAL,0.139431,CJ_LOW,0.5239,0.139431,4.671333,0
291,9.7097,NORMAL,0.139431,CJ_LOW,0.5239,0.139431,4.704700,0
292,9.74307,NORMAL,0.139431,CJ_LOW,0.5239,0.139431,4.738067,0
293,9.77643,NORMAL,0.139431,CJ_LOW,0.5239,0.139431,4.771433,0
294,9.8098,NORMAL,0.139431,CJ_LOW,0.5239,0.139431,4.804800,0
295,9.84317,NORMAL,0.139431,CJ_LOW,0.5239,0.139431,4.838167,0
296,9.87653,NORMAL,0.139431,CJ_LOW,0.5239,0.139431,4.871533,0
297,9.9099,NORMAL,0.139431,CJ_LOW,0.5239,0.139431,4.904900,0
298,9.94327,NORMAL,0.139431,CJ_LOW,0.5239,0.139431,4.938267,0
299,9.97663,NORMAL,0.139431,CJ_LOW,0.5239,0.139431,4.971633,0
300,10.01,NORMAL,0.139431,CJ_LOW,0.525721,0.139431,5.005000,0
301,10.0434,NORMAL,0.139431,CJ_LOW,0.525721,0.139431,5.038367,0
302,10.0767,NORMAL,0.139431,CJ_LOW,0.525721,0.139431,5.071733,0
303,10.1101,NORMAL,0.139431,CJ_LOW,0.525721,0.139431,5.105100,0
304,10.1435,NORMAL,0.139431,CJ_LOW,0.525721,0.139431,5.138467,0
305,10.1768,NORMAL,0.139431,CJ_LOW,0.525721,0.139431,5.171833,0
306,10.2102,NORMAL,0.139431,CJ_LOW,0.525721,0.139431,5.205200,0
307,10.2436,NORMAL,0.139431,CJ_LOW,0.525721,0.139431,5.238567,0
308,10.2769,NORMAL,0.139431,CJ_LOW,0.525721,0.139431,5.271933,0
309,10.3103,NORMAL,0.139431,CJ_LOW,0.525721,0.139431,5.305300,0
310,10.3437,NORMAL,0.139431,CJ_LOW,0.525721,0.139431,5.338667,0
311,10.377,NORMAL,0.139431,CJ_LOW,0.525721,0.139431,5.372033,0
312,10.4104,NORMAL,0.139431,CJ_LOW,0.525721,0.139431,5.405400,0
313,10.4438,NORMAL,0.139431,CJ_LOW,0.525721,0.139431,5.438767,0
314,10.4771,NORMAL,0.139431,CJ_LOW,0.525721,0.139431,5.472133,0
315,10.5105,NORMAL,0.423512,BLEND,0.517513,0.204177,0.500500,0
316,10.5439,NORMAL,0.423512,BLEND,0.517513,0.204177,0.533867,0
317,10.5772,NORMAL,0.423512,BLEND,0.517513,0.204177,0.567233,0
318,10.6106,NORMAL,0.423512,BLEND,0.517513,0.204177,0.600600,0
319,10.644,NORMAL,0.423512,BLEND,0.517513,0.204177,0.633967,0
320,10.6773,NORMAL,0.423512,BLEND,0.517513,0.204177,0.667333,0
321,10.7107,NORMAL,0.423512,BLEND,0.517513,0.204177,0.700700,0
322,10.7441,NORMAL,0.423512,BLEND,0.517513,0.204177,0.734067,0
323,10.7774,NORMAL,0.423512,BLEND,0.517513,0.204177,0.767433,0
324,10.8108,NORMAL,0.423512,BLEND,0.517513,0.204177,0.800800,0
325,10.8442,NORMAL,0.423512,BLEND,0.517513,0.204177,0.834167,0
326,10.8775,NORMAL,0.423512,BLEND,0.517513,0.204177,0.867533,0
327,10.9109,NORMAL,0.423512,BLEND,0.517513,0.204177,0.900900,0
328,10.9443,NORMAL,0.423512,BLEND,0.517513,0.204177,0.934267,0
329,10.9776,NORMAL,0.423512,BLEND,0.517513,0.204177,0.967633,0
330,11.011,NORMAL,0.421761,BLEND,0.515012,0.204177,1.001000,0
331,11.0444,NORMAL,0.421761,BLEND,0.515012,0.204177,1.034367,0
332,11.0777,NORMAL,0.421761,BLEND,0.515012,0.204177,1.067733,0
333,11.1111,NORMAL,0.421761,BLEND,0.515012,0.204177,1.101100,0
334,11.1445,NORMAL,0.421761,BLEND,0.515012,0.204177,1.134467,0
335,11.1778,NORMAL,0.421761,BLEND,0.515012,0.204177,1.167833,0
336,11.2112,NORMAL,0.421761,BLEND,0.515012,0.204177,1.201200,0
337,11.2446,NORMAL,0.421761,BLEND,0.515012,0.204177,1.234567,0
338,11.2779,NORMAL,0.421761,BLEND,0.515012,0.204177,1.267933,0
339,11.3113,NORMAL,0.421761,BLEND,0.515012,0.204177,1.301300,0
340,11.3447,NORMAL,0.421761,BLEND,0.515012,0.204177,1.334667,0
341,11.378,NORMAL,0.421761,BLEND,0.515012,0.204177,1.368033,0
342,11.4114,NORMAL,0.421761,BLEND,0.515012,0.204177,1.401400,0
343,11.4448,NORMAL,0.421761,BLEND,0.515012,0.204177,1.434767,0
344,11.4781,NORMAL,0.421761,BLEND,0.515012,0.204177,1.468133,0
345,11.5115,NORMAL,0.422303,BLEND,0.515786,0.204177,1.501500,0
346,11.5449,NORMAL,0.422303,BLEND,0.515786,0.204177,1.534867,0
347,11.5782,NORMAL,0.422303,BLEND,0.515786,0.204177,1.568233,0
348,11.6116,NORMAL,0.422303,BLEND,0.515786,0.204177,1.601600,0
349,11.645,NORMAL,0.422303,BLEND,0.515786,0.204177,1.634967,0
350,11.6783,NORMAL,0.422303,BLEND,0.515786,0.204177,1.668333,0
351,11.7117,NORMAL,0.422303,BLEND,0.515786,0.204177,1.701700,0
352,11.7451,NORMAL,0.422303,BLEND,0.515786,0.204177,1.735067,0
353,11.7784,NORMAL,0.422303,BLEND,0.515786,0.204177,1.768433,0
354,11.8118,NORMAL,0.422303,BLEND,0.515786,0.204177,1.801800,0
355,11.8452,NORMAL,0.422303,BLEND,0.515786,0.204177,1.835167,0
356,11.8785,NORMAL,0.422303,BLEND,0.515786,0.204177,1.868533,0
357,11.9119,NORMAL,0.422303,BLEND,0.515786,0.204177,1.901900,0
358,11.9453,NORMAL,0.422303,BLEND,0.515786,0.204177,1.935267,0
359,11.9786,NORMAL,0.422303,BLEND,0.515786,0.204177,1.968633,0
360,12.012,NORMAL,0.421921,BLEND,0.51524,0.204177,2.002000,0
361,12.0454,NORMAL,0.421921,BLEND,0.51524,0.204177,2.035367,0
362,12.0787,NORMAL,0.421921,BLEND,0.51524,0.204177,2.068733,0
363,12.1121,NORMAL,0.421921,BLEND,0.51524,0.204177,2.102100,0
364,12.1455,NORMAL,0.421921,BLEND,0.51524,0.204177,2.135467,0
365,12.1788,NORMAL,0.421921,BLEND,0.51524,0.204177,2.168833,0
366,12.2122,NORMAL,0.421921,BLEND,0.51524,0.204177,2.202200,0
367,12.2456,NORMAL,0.421921,BLEND,0.51524,0.204177,2.235567,0
368,12.2789,NORMAL,0.421921,BLEND,0.51524,0.204177,2.268933,0
369,12.3123,NORMAL,0.421921,BLEND,0.51524,0.204177,2.302300,0
370,12.3457,NORMAL,0.421921,BLEND,0.51524,0.204177,2.335667,0
371,12.379,NORMAL,0.421921,BLEND,0.51524,0.204177,2.369033,0
372,12.4124,NORMAL,0.421921,BLEND,0.51524,0.204177,2.402400,0
373,12.4458,NORMAL,0.421921,BLEND,0.51524,0.204177,2.435767,0
374,12.4791,NORMAL,0.421921,BLEND,0.51524,0.204177,2.469133,0
375,12.5125,NORMAL,0.422098,BLEND,0.515492,0.204177,2.502500,0
376,12.5459,NORMAL,0.422098,BLEND,0.515492,0.204177,2.535867,0
377,12.5792,NORMAL,0.422098,BLEND,0.515492,0.204177,2.569233,0
378,12.6126,NORMAL,0.422098,BLEND,0.515492,0.204177,2.602600,0
379,12.646,NORMAL,0.422098,BLEND,0.515492,0.204177,2.635967,0
380,12.6793,NORMAL,0.422098,BLEND,0.515492,0.204177,2.669333,0
381,12.7127,NORMAL,0.422098,BLEND,0.515492,0.204177,2.702700,0
382,12.7461,NORMAL,0.422098,BLEND,0.515492,0.204177,2.736067,0
383,12.7794,NORMAL,0.422098,BLEND,0.515492,0.204177,2.769433,0
384,12.8128,NORMAL,0.422098,BLEND,0.515492,0.204177,2.802800,0
385,12.8462,NORMAL,0.422098,BLEND,0.515492,0.204177,2.836167,0
386,12.8795,NORMAL,0.422098,BLEND,0.515492,0.204177,2.869533,0
387,12.9129,NORMAL,0.422098,BLEND,0.515492,0.204177,2.902900,0
388,12.9463,NORMAL,0.422098,BLEND,0.515492,0.204177,2.936267,0
389,12.9796,NORMAL,0.422098,BLEND,0.515492,0.204177,2.969633,0
390,13.013,NORMAL,0.42226,BLEND,0.515724,0.204177,3.003000,0
391,13.0464,NORMAL,0.42226,BLEND,0.515724,0.204177,3.036367,0
392,13.0797,NORMAL,0.42226,BLEND,0.515724,0.204177,3.069733,0
393,13.1131,NORMAL,0.42226,BLEND,0.515724,0.204177,3.103100,0
394,13.1465,NORMAL,0.42226,BLEND,0.515724,0.204177,3.136467,0
395,13.1798,NORMAL,0.42226,BLEND,0.515724,0.204177,3.169833,0
396,13.2132,NORMAL,0.42226,BLEND,0.515724,0.204177,3.203200,0
397,13.2466,NORMAL,0.42226,BLEND,0.515724,0.204177,3.236567,0
398,13.2799,NORMAL,0.42226,BLEND,0.515724,0.204177,3.269933,0
399,13.3133,NORMAL,0.42226,BLEND,0.515724,0.204177,3.303300,0
400,13.3467,NORMAL,0.42226,BLEND,0.515724,0.204177,3.336667,0
401,13.38,NORMAL,0.42226,BLEND,0.515724,0.204177,3.370033,0
402,13.4134,NORMAL,0.42226,BLEND,0.515724,0.204177,3.403400,0
403,13.4468,NORMAL,0.42226,BLEND,0.515724,0.204177,3.436767,0
404,13.4801,NORMAL,0.42226,BLEND,0.515724,0.204177,3.470133,0
405,13.5135,NORMAL,0.422876,BLEND,0.516604,0.204177,3.503500,0
406,13.5469,NORMAL,0.422876,BLEND,0.516604,0.204177,3.536867,0
407,13.5802,NORMAL,0.422876,BLEND,0.516604,0.204177,3.570233,0
408,13.6136,NORMAL,0.422876,BLEND,0.516604,0.204177,3.603600,0
409,13.647,NORMAL,0.422876,BLEND,0.516604,0.204177,3.636967,0
410,13.6803,NORMAL,0.422876,BLEND,0.516604,0.204177,3.670333,0
411,13.7137,NORMAL,0.422876,BLEND,0.516604,0.204177,3.703700,0
412,13.7471,NORMAL,0.422876,BLEND,0.516604,0.204177,3.737067,0
413,13.7804,NORMAL,0.422876,BLEND,0.516604,0.204177,3.770433,0
414,13.8138,NORMAL,0.422876,BLEND,0.516604,0.204177,3.803800,0
415,13.8472,NORMAL,0.422876,BLEND,0.516604,0.204177,3.837167,0
416,13.8805,NORMAL,0.422876,BLEND,0.516604,0.204177,3.870533,0
417,13.9139,NORMAL,0.422876,BLEND,0.516604,0.204177,3.903900,0
418,13.9473,NORMAL,0.422876,BLEND,0.516604,0.204177,3.937267,0
419,13.9806,NORMAL,0.422876,BLEND,0.516604,0.204177,3.970633,0
420,14.014,NORMAL,0.422163,BLEND,0.515585,0.204177,4.004000,0
421,14.0474,NORMAL,0.422163,BLEND,0.515585,0.204177,4.037367,0
422,14.0807,NORMAL,0.422163,BLEND,0.515585,0.204177,4.070733,0
423,14.1141,NORMAL,0.422163,BLEND,0.515585,0.204177,4.104100,0
424,14.1475,NORMAL,0.422163,BLEND,0.515585,0.204177,4.137467,0
425,14.1808,NORMAL,0.422163,BLEND,0.515585,0.204177,4.170833,0
426,14.2142,NORMAL,0.422163,BLEND,0.515585,0.204177,4.204200,0
427,14.2476,NORMAL,0.422163,BLEND,0.515585,0.204177,4.237567,0
428,14.2809,NORMAL,0.422163,BLEND,0.515585,0.204177,4.270933,0
429,14.3143,NORMAL,0.422163,BLEND,0.515585,0.204177,4.304300,0
430,14.3477,NORMAL,0.422163,BLEND,0.515585,0.204177,4.337667,0
431,14.381,NORMAL,0.422163,BLEND,0.515585,0.204177,4.371033,0
432,14.4144,NORMAL,0.422163,BLEND,0.515585,0.204177,4.404400,0
433,14.4478,NORMAL,0.422163,BLEND,0.515585,0.204177,4.437767,0
434,14.4811,NORMAL,0.422163,BLEND,0.515585,0.204177,4.471133,0
435,14.5145,NORMAL,0.424451,BLEND,0.518854,0.204177,4.504500,0
436,14.5479,NORMAL,0.424451,BLEND,0.518854,0.204177,4.537867,0
437,14.5812,NORMAL,0.424451,BLEND,0.518854,0.204177,4.571233,0
438,14.6146,NORMAL,0.424451,BLEND,0.518854,0.204177,4.604600,0
439,14.648,NORMAL,0.424451,BLEND,0.518854,0.204177,4.637967,0
440,14.6813,NORMAL,0.424451,BLEND,0.518854,0.204177,4.671333,0
441,14.7147,NORMAL,0.424451,BLEND,0.518854,0.204177,4.704700,0
442,14.7481,NORMAL,0.424451,BLEND,0.518854,0.204177,4.738067,0
443,14.7814,NORMAL,0.424451,BLEND,0.518854,0.204177,4.771433,0
444,14.8148,NORMAL,0.424451,BLEND,0.518854,0.204177,4.804800,0
445,14.8482,NORMAL,0.424451,BLEND,0.518854,0.204177,4.838167,0
446,14.8815,NORMAL,0.424451,BLEND,0.518854,0.204177,4.871533,0
447,14.9149,NORMAL,0.424451,BLEND,0.518854,0.204177,4.904900,0
448,14.9483,NORMAL,0.424451,BLEND,0.518854,0.204177,4.938267,0
449,14.9816,NORMAL,0.424451,BLEND,0.518854,0.204177,4.971633,0
450,15.015,NORMAL,0.438749,BLEND,0.539279,0.204177,5.005000,0
451,15.0484,NORMAL,0.438749,BLEND,0.539279,0.204177,5.038367,0
452,15.0817,NORMAL,0.438749,BLEND,0.539279,0.204177,5.071733,0
453,15.1151,NORMAL,0.438749,BLEND,0.539279,0.204177,5.105100,0
454,15.1485,NORMAL,0.438749,BLEND,0.539279,0.204177,5.138467,0
455,15.1818,NORMAL,0.438749,BLEND,0.539279,0.204177,5.171833,0
456,15.2152,NORMAL,0.438749,BLEND,0.539279,0.204177,5.205200,0
457,15.2486,NORMAL,0.438749,BLEND,0.539279,0.204177,5.238567,0
458,15.2819,NORMAL,0.438749,BLEND,0.539279,0.204177,5.271933,0
459,15.3153,NORMAL,0.438749,BLEND,0.539279,0.204177,5.305300,0
460,15.3487,NORMAL,0.438749,BLEND,0.539279,0.204177,5.338667,0
461,15.382,NORMAL,0.438749,BLEND,0.539279,0.204177,5.372033,0
462,15.4154,NORMAL,0.438749,BLEND,0.539279,0.204177,5.405400,0
463,15.4488,NORMAL,0.438749,BLEND,0.539279,0.204177,5.438767,0
464,15.4821,NORMAL,0.438749,BLEND,0.539279,0.204177,5.472133,0
465,15.5155,NORMAL,0.165747,CJ_LOW,0.542407,0.165747,0.500500,0
466,15.5489,NORMAL,0.165747,CJ_LOW,0.542407,0.165747,0.533867,0
467,15.5822,NORMAL,0.165747,CJ_LOW,0.542407,0.165747,0.567233,0
468,15.6156,NORMAL,0.165747,CJ_LOW,0.542407,0.165747,0.600600,0
469,15.649,NORMAL,0.165747,CJ_LOW,0.542407,0.165747,0.633967,0
470,15.6823,NORMAL,0.165747,CJ_LOW,0.542407,0.165747,0.667333,0
471,15.7157,NORMAL,0.165747,CJ_LOW,0.542407,0.165747,0.700700,0
472,15.7491,NORMAL,0.165747,CJ_LOW,0.542407,0.165747,0.734067,0
473,15.7824,NORMAL,0.165747,CJ_LOW,0.542407,0.165747,0.767433,0
474,15.8158,NORMAL,0.165747,CJ_LOW,0.542407,0.165747,0.800800,0
475,15.8492,NORMAL,0.165747,CJ_LOW,0.542407,0.165747,0.834167,0
476,15.8825,NORMAL,0.165747,CJ_LOW,0.542407,0.165747,0.867533,0
477,15.9159,NORMAL,0.165747,CJ_LOW,0.542407,0.165747,0.900900,0
478,15.9493,NORMAL,0.165747,CJ_LOW,0.542407,0.165747,0.934267,0
479,15.9826,NORMAL,0.165747,CJ_LOW,0.542407,0.165747,0.967633,0
480,16.016,NORMAL,0.165747,CJ_LOW,0.525037,0.165747,1.001000,0
481,16.0494,NORMAL,0.165747,CJ_LOW,0.525037,0.165747,1.034367,0
482,16.0827,NORMAL,0.165747,CJ_LOW,0.525037,0.165747,1.067733,0
483,16.1161,NORMAL,0.165747,CJ_LOW,0.525037,0.165747,1.101100,0
484,16.1495,NORMAL,0.165747,CJ_LOW,0.525037,0.165747,1.134467,0
485,16.1828,NORMAL,0.165747,CJ_LOW,0.525037,0.165747,1.167833,0
486,16.2162,NORMAL,0.165747,CJ_LOW,0.525037,0.165747,1.201200,0
487,16.2496,NORMAL,0.165747,CJ_LOW,0.525037,0.165747,1.234567,0
488,16.2829,NORMAL,0.165747,CJ_LOW,0.525037,0.165747,1.267933,0
489,16.3163,NORMAL,0.165747,CJ_LOW,0.525037,0.165747,1.301300,0
490,16.3497,NORMAL,0.165747,CJ_LOW,0.525037,0.165747,1.334667,0
491,16.383,NORMAL,0.165747,CJ_LOW,0.525037,0.165747,1.368033,0
492,16.4164,NORMAL,0.165747,CJ_LOW,0.525037,0.165747,1.401400,0
493,16.4498,NORMAL,0.165747,CJ_LOW,0.525037,0.165747,1.434767,0
494,16.4831,NORMAL,0.165747,CJ_LOW,0.525037,0.165747,1.468133,0
495,16.5165,NORMAL,0.165747,CJ_LOW,0.530597,0.165747,1.501500,0
496,16.5499,NORMAL,0.165747,CJ_LOW,0.530597,0.165747,1.534867,0
497,16.5832,NORMAL,0.165747,CJ_LOW,0.530597,0.165747,1.568233,0
498,16.6166,NORMAL,0.165747,CJ_LOW,0.530597,0.165747,1.601600,0
499,16.65,NORMAL,0.165747,CJ_LOW,0.530597,0.165747,1.634967,0
500,16.6833,NORMAL,0.165747,CJ_LOW,0.530597,0.165747,1.668333,0
501,16.7167,NORMAL,0.165747,CJ_LOW,0.530597,0.165747,1.701700,0
502,16.7501,NORMAL,0.165747,CJ_LOW,0.530597,0.165747,1.735067,0
503,16.7834,NORMAL,0.165747,CJ_LOW,0.530597,0.165747,1.768433,0
504,16.8168,NORMAL,0.165747,CJ_LOW,0.530597,0.165747,1.801800,0
505,16.8502,NORMAL,0.165747,CJ_LOW,0.530597,0.165747,1.835167,0
506,16.8835,NORMAL,0.165747,CJ_LOW,0.530597,0.165747,1.868533,0
507,16.9169,NORMAL,0.165747,CJ_LOW,0.530597,0.165747,1.901900,0
508,16.9503,NORMAL,0.165747,CJ_LOW,0.530597,0.165747,1.935267,0
509,16.9836,NORMAL,0.165747,CJ_LOW,0.530597,0.165747,1.968633,0
510,17.017,NORMAL,0.165747,CJ_LOW,0.526211,0.165747,2.002000,0
511,17.0504,NORMAL,0.165747,CJ_LOW,0.526211,0.165747,2.035367,0
512,17.0837,NORMAL,0.165747,CJ_LOW,0.526211,0.165747,2.068733,0
513,17.1171,NORMAL,0.165747,CJ_LOW,0.526211,0.165747,2.102100,0
514,17.1505,NORMAL,0.165747,CJ_LOW,0.526211,0.165747,2.135467,0
515,17.1838,NORMAL,0.165747,CJ_LOW,0.526211,0.165747,2.168833,0
516,17.2172,NORMAL,0.165747,CJ_LOW,0.526211,0.165747,2.202200,0
517,17.2506,NORMAL,0.165747,CJ_LOW,0.526211,0.165747,2.235567,0
518,17.2839,NORMAL,0.165747,CJ_LOW,0.526211,0.165747,2.268933,0
519,17.3173,NORMAL,0.165747,CJ_LOW,0.526211,0.165747,2.302300,0
520,17.3507,NORMAL,0.165747,CJ_LOW,0.526211,0.165747,2.335667,0
521,17.384,NORMAL,0.165747,CJ_LOW,0.526211,0.165747,2.369033,0
522,17.4174,NORMAL,0.165747,CJ_LOW,0.526211,0.165747,2.402400,0
523,17.4508,NORMAL,0.165747,CJ_LOW,0.526211,0.165747,2.435767,0
524,17.4841,NORMAL,0.165747,CJ_LOW,0.526211,0.165747,2.469133,0
525,17.5175,NORMAL,0.165747,CJ_LOW,0.633016,0.165747,2.502500,0
526,17.5509,NORMAL,0.165747,CJ_LOW,0.633016,0.165747,2.535867,0
527,17.5842,NORMAL,0.165747,CJ_LOW,0.633016,0.165747,2.569233,0
528,17.6176,NORMAL,0.165747,CJ_LOW,0.633016,0.165747,2.602600,0
529,17.651,NORMAL,0.165747,CJ_LOW,0.633016,0.165747,2.635967,0
530,17.6843,NORMAL,0.165747,CJ_LOW,0.633016,0.165747,2.669333,0
531,17.7177,NORMAL,0.165747,CJ_LOW,0.633016,0.165747,2.702700,0
532,17.7511,NORMAL,0.165747,CJ_LOW,0.633016,0.165747,2.736067,0
533,17.7844,NORMAL,0.165747,CJ_LOW,0.633016,0.165747,2.769433,0
534,17.8178,NORMAL,0.165747,CJ_LOW,0.633016,0.165747,2.802800,0
535,17.8512,NORMAL,0.165747,CJ_LOW,0.633016,0.165747,2.836167,0
536,17.8845,NORMAL,0.165747,CJ_LOW,0.633016,0.165747,2.869533,0
537,17.9179,NORMAL,0.165747,CJ_LOW,0.633016,0.165747,2.902900,0
538,17.9513,NORMAL,0.165747,CJ_LOW,0.633016,0.165747,2.936267,0
539,17.9846,NORMAL,0.165747,CJ_LOW,0.633016,0.165747,2.969633,0
540,18.018,NORMAL,0.165747,CJ_LOW,0.54934,0.165747,3.003000,0
541,18.0514,NORMAL,0.165747,CJ_LOW,0.54934,0.165747,3.036367,0
542,18.0847,NORMAL,0.165747,CJ_LOW,0.54934,0.165747,3.069733,0
543,18.1181,NORMAL,0.165747,CJ_LOW,0.54934,0.165747,3.103100,0
544,18.1515,NORMAL,0.165747,CJ_LOW,0.54934,0.165747,3.136467,0
545,18.1848,NORMAL,0.165747,CJ_LOW,0.54934,0.165747,3.169833,0
546,18.2182,NORMAL,0.165747,CJ_LOW,0.54934,0.165747,3.203200,0
547,18.2516,NORMAL,0.165747,CJ_LOW,0.54934,0.165747,3.236567,0
548,18.2849,NORMAL,0.165747,CJ_LOW,0.54934,0.165747,3.269933,0
549,18.3183,NORMAL,0.165747,CJ_LOW,0.54934,0.165747,3.303300,0
550,18.3517,NORMAL,0.165747,CJ_LOW,0.54934,0.165747,3.336667,0
551,18.385,NORMAL,0.165747,CJ_LOW,0.54934,0.165747,3.370033,0
552,18.4184,NORMAL,0.165747,CJ_LOW,0.54934,0.165747,3.403400,0
553,18.4518,NORMAL,0.165747,CJ_LOW,0.54934,0.165747,3.436767,0
554,18.4851,NORMAL,0.165747,CJ_LOW,0.54934,0.165747,3.470133,0
555,18.5185,NORMAL,0.165747,CJ_LOW,0.691259,0.165747,3.503500,0
556,18.5519,NORMAL,0.165747,CJ_LOW,0.691259,0.165747,3.536867,0
557,18.5852,NORMAL,0.165747,CJ_LOW,0.691259,0.165747,3.570233,0
558,18.6186,NORMAL,0.165747,CJ_LOW,0.691259,0.165747,3.603600,0
559,18.652,NORMAL,0.165747,CJ_LOW,0.691259,0.165747,3.636967,0
560,18.6853,NORMAL,0.165747,CJ_LOW,0.691259,0.165747,3.670333,0
561,18.7187,NORMAL,0.165747,CJ_LOW,0.691259,0.165747,3.703700,0
562,18.7521,NORMAL,0.165747,CJ_LOW,0.691259,0.165747,3.737067,0
563,18.7854,NORMAL,0.165747,CJ_LOW,0.691259,0.165747,3.770433,0
564,18.8188,NORMAL,0.165747,CJ_LOW,0.691259,0.165747,3.803800,0
565,18.8522,NORMAL,0.165747,CJ_LOW,0.691259,0.165747,3.837167,0
566,18.8855,NORMAL,0.165747,CJ_LOW,0.691259,0.165747,3.870533,0
567,18.9189,NORMAL,0.165747,CJ_LOW,0.691259,0.165747,3.903900,0
568,18.9523,NORMAL,0.165747,CJ_LOW,0.691259,0.165747,3.937267,0
569,18.9856,NORMAL,0.165747,CJ_LOW,0.691259,0.165747,3.970633,0
570,19.019,NORMAL,0.165747,CJ_LOW,0.560946,0.165747,4.004000,0
571,19.0524,NORMAL,0.165747,CJ_LOW,0.560946,0.165747,4.037367,0
572,19.0857,NORMAL,0.165747,CJ_LOW,0.560946,0.165747,4.070733,0
573,19.1191,NORMAL,0.165747,CJ_LOW,0.560946,0.165747,4.104100,0
574,19.1525,NORMAL,0.165747,CJ_LOW,0.560946,0.165747,4.137467,0
575,19.1858,NORMAL,0.165747,CJ_LOW,0.560946,0.165747,4.170833,0
576,19.2192,NORMAL,0.165747,CJ_LOW,0.560946,0.165747,4.204200,0
577,19.2526,NORMAL,0.165747,CJ_LOW,0.560946,0.165747,4.237567,0
578,19.2859,NORMAL,0.165747,CJ_LOW,0.560946,0.165747,4.270933,0
579,19.3193,NORMAL,0.165747,CJ_LOW,0.560946,0.165747,4.304300,0
580,19.3527,NORMAL,0.165747,CJ_LOW,0.560946,0.165747,4.337667,0
581,19.386,NORMAL,0.165747,CJ_LOW,0.560946,0.165747,4.371033,0
582,19.4194,NORMAL,0.165747,CJ_LOW,0.560946,0.165747,4.404400,0
583,19.4528,NORMAL,0.165747,CJ_LOW,0.560946,0.165747,4.437767,0
584,19.4861,NORMAL,0.165747,CJ_LOW,0.560946,0.165747,4.471133,0
585,19.5195,NORMAL,0.165747,CJ_LOW,0.681461,0.165747,4.504500,0
586,19.5529,NORMAL,0.165747,CJ_LOW,0.681461,0.165747,4.537867,0
587,19.5862,NORMAL,0.165747,CJ_LOW,0.681461,0.165747,4.571233,0
588,19.6196,NORMAL,0.165747,CJ_LOW,0.681461,0.165747,4.604600,0
589,19.653,NORMAL,0.165747,CJ_LOW,0.681461,0.165747,4.637967,0
590,19.6863,NORMAL,0.165747,CJ_LOW,0.681461,0.165747,4.671333,0
591,19.7197,NORMAL,0.165747,CJ_LOW,0.681461,0.165747,4.704700,0
592,19.7531,NORMAL,0.165747,CJ_LOW,0.681461,0.165747,4.738067,0
593,19.7864,NORMAL,0.165747,CJ_LOW,0.681461,0.165747,4.771433,0
594,19.8198,NORMAL,0.165747,CJ_LOW,0.681461,0.165747,4.804800,0
595,19.8532,NORMAL,0.165747,CJ_LOW,0.681461,0.165747,4.838167,0
596,19.8865,NORMAL,0.165747,CJ_LOW,0.681461,0.165747,4.871533,0
597,19.9199,NORMAL,0.165747,CJ_LOW,0.681461,0.165747,4.904900,0
598,19.9533,NORMAL,0.165747,CJ_LOW,0.681461,0.165747,4.938267,0
599,19.9866,NORMAL,0.165747,CJ_LOW,0.681461,0.165747,4.971633,0
600,20.02,NORMAL,0.165747,CJ_LOW,0.586198,0.165747,5.005000,0
601,20.0534,NORMAL,0.165747,CJ_LOW,0.586198,0.165747,5.038367,0
602,20.0867,NORMAL,0.165747,CJ_LOW,0.586198,0.165747,5.071733,0
603,20.1201,NORMAL,0.165747,CJ_LOW,0.586198,0.165747,5.105100,0
604,20.1535,NORMAL,0.165747,CJ_LOW,0.586198,0.165747,5.138467,0
605,20.1868,NORMAL,0.165747,CJ_LOW,0.586198,0.165747,5.171833,0
606,20.2202,NORMAL,0.165747,CJ_LOW,0.586198,0.165747,5.205200,0
607,20.2536,NORMAL,0.165747,CJ_LOW,0.586198,0.165747,5.238567,0
608,20.2869,NORMAL,0.165747,CJ_LOW,0.586198,0.165747,5.271933,0
609,20.3203,NORMAL,0.165747,CJ_LOW,0.586198,0.165747,5.305300,0
610,20.3537,NORMAL,0.165747,CJ_LOW,0.586198,0.165747,5.338667,0
611,20.387,NORMAL,0.165747,CJ_LOW,0.586198,0.165747,5.372033,0
612,20.4204,NORMAL,0.165747,CJ_LOW,0.586198,0.165747,5.405400,0
613,20.4538,NORMAL,0.165747,CJ_LOW,0.586198,0.165747,5.438767,0
614,20.4871,NORMAL,0.165747,CJ_LOW,0.586198,0.165747,5.472133,0
615,20.5205,SEIZURE,0.550591,CJ,0.664917,0.550591,0.500500,1
616,20.5539,SEIZURE,0.550591,CJ,0.664917,0.550591,0.533867,1
617,20.5872,SEIZURE,0.550591,CJ,0.664917,0.550591,0.567233,1
618,20.6206,SEIZURE,0.550591,CJ,0.664917,0.550591,0.600600,1
619,20.654,SEIZURE,0.550591,CJ,0.664917,0.550591,0.633967,1
620,20.6873,SEIZURE,0.550591,CJ,0.664917,0.550591,0.667333,1
621,20.7207,SEIZURE,0.550591,CJ,0.664917,0.550591,0.700700,1
622,20.7541,SEIZURE,0.550591,CJ,0.664917,0.550591,0.734067,1
623,20.7874,SEIZURE,0.550591,CJ,0.664917,0.550591,0.767433,1
624,20.8208,SEIZURE,0.550591,CJ,0.664917,0.550591,0.800800,1
625,20.8542,SEIZURE,0.550591,CJ,0.664917,0.550591,0.834167,1
626,20.8875,SEIZURE,0.550591,CJ,0.664917,0.550591,0.867533,1
627,20.9209,SEIZURE,0.550591,CJ,0.664917,0.550591,0.900900,1
628,20.9543,SEIZURE,0.550591,CJ,0.664917,0.550591,0.934267,1
629,20.9876,SEIZURE,0.550591,CJ,0.664917,0.550591,0.967633,1
630,21.021,SEIZURE,0.550591,CJ,0.639521,0.550591,1.001000,1
631,21.0544,SEIZURE,0.550591,CJ,0.639521,0.550591,1.034367,1
632,21.0877,SEIZURE,0.550591,CJ,0.639521,0.550591,1.067733,1
633,21.1211,SEIZURE,0.550591,CJ,0.639521,0.550591,1.101100,1
634,21.1545,SEIZURE,0.550591,CJ,0.639521,0.550591,1.134467,1
635,21.1878,SEIZURE,0.550591,CJ,0.639521,0.550591,1.167833,1
636,21.2212,SEIZURE,0.550591,CJ,0.639521,0.550591,1.201200,1
637,21.2546,SEIZURE,0.550591,CJ,0.639521,0.550591,1.234567,1
638,21.2879,SEIZURE,0.550591,CJ,0.639521,0.550591,1.267933,1
639,21.3213,SEIZURE,0.550591,CJ,0.639521,0.550591,1.301300,1
640,21.3547,SEIZURE,0.550591,CJ,0.639521,0.550591,1.334667,1
641,21.388,SEIZURE,0.550591,CJ,0.639521,0.550591,1.368033,1
642,21.4214,SEIZURE,0.550591,CJ,0.639521,0.550591,1.401400,1
643,21.4548,SEIZURE,0.550591,CJ,0.639521,0.550591,1.434767,1
644,21.4881,SEIZURE,0.550591,CJ,0.639521,0.550591,1.468133,1
645,21.5215,SEIZURE,0.550591,CJ,0.71035,0.550591,1.501500,1
646,21.5549,SEIZURE,0.550591,CJ,0.71035,0.550591,1.534867,1
647,21.5882,SEIZURE,0.550591,CJ,0.71035,0.550591,1.568233,1
648,21.6216,SEIZURE,0.550591,CJ,0.71035,0.550591,1.601600,1
649,21.655,SEIZURE,0.550591,CJ,0.71035,0.550591,1.634967,1
650,21.6883,SEIZURE,0.550591,CJ,0.71035,0.550591,1.668333,1
651,21.7217,SEIZURE,0.550591,CJ,0.71035,0.550591,1.701700,1
652,21.7551,SEIZURE,0.550591,CJ,0.71035,0.550591,1.735067,1
653,21.7884,SEIZURE,0.550591,CJ,0.71035,0.550591,1.768433,1
654,21.8218,SEIZURE,0.550591,CJ,0.71035,0.550591,1.801800,1
655,21.8552,SEIZURE,0.550591,CJ,0.71035,0.550591,1.835167,1
656,21.8885,SEIZURE,0.550591,CJ,0.71035,0.550591,1.868533,1
657,21.9219,SEIZURE,0.550591,CJ,0.71035,0.550591,1.901900,1
658,21.9553,SEIZURE,0.550591,CJ,0.71035,0.550591,1.935267,1
659,21.9886,SEIZURE,0.550591,CJ,0.71035,0.550591,1.968633,1
660,22.022,SEIZURE,0.550591,CJ,0.686728,0.550591,2.002000,1
661,22.0554,SEIZURE,0.550591,CJ,0.686728,0.550591,2.035367,1
662,22.0887,SEIZURE,0.550591,CJ,0.686728,0.550591,2.068733,1
663,22.1221,SEIZURE,0.550591,CJ,0.686728,0.550591,2.102100,1
664,22.1555,SEIZURE,0.550591,CJ,0.686728,0.550591,2.135467,1
665,22.1888,SEIZURE,0.550591,CJ,0.686728,0.550591,2.168833,1
666,22.2222,SEIZURE,0.550591,CJ,0.686728,0.550591,2.202200,1
667,22.2556,SEIZURE,0.550591,CJ,0.686728,0.550591,2.235567,1
668,22.2889,SEIZURE,0.550591,CJ,0.686728,0.550591,2.268933,1
669,22.3223,SEIZURE,0.550591,CJ,0.686728,0.550591,2.302300,1
670,22.3557,SEIZURE,0.550591,CJ,0.686728,0.550591,2.335667,1
671,22.389,SEIZURE,0.550591,CJ,0.686728,0.550591,2.369033,1
672,22.4224,SEIZURE,0.550591,CJ,0.686728,0.550591,2.402400,1
673,22.4558,SEIZURE,0.550591,CJ,0.686728,0.550591,2.435767,1
674,22.4891,SEIZURE,0.550591,CJ,0.686728,0.550591,2.469133,1
675,22.5225,SEIZURE,0.550591,CJ,0.70672,0.550591,2.502500,1
676,22.5559,SEIZURE,0.550591,CJ,0.70672,0.550591,2.535867,1
677,22.5892,SEIZURE,0.550591,CJ,0.70672,0.550591,2.569233,1
678,22.6226,SEIZURE,0.550591,CJ,0.70672,0.550591,2.602600,1
679,22.656,SEIZURE,0.550591,CJ,0.70672,0.550591,2.635967,1
680,22.6893,SEIZURE,0.550591,CJ,0.70672,0.550591,2.669333,1
681,22.7227,SEIZURE,0.550591,CJ,0.70672,0.550591,2.702700,1
682,22.7561,SEIZURE,0.550591,CJ,0.70672,0.550591,2.736067,1
683,22.7894,SEIZURE,0.550591,CJ,0.70672,0.550591,2.769433,1
684,22.8228,SEIZURE,0.550591,CJ,0.70672,0.550591,2.802800,1
685,22.8562,SEIZURE,0.550591,CJ,0.70672,0.550591,2.836167,1
686,22.8895,SEIZURE,0.550591,CJ,0.70672,0.550591,2.869533,1
687,22.9229,SEIZURE,0.550591,CJ,0.70672,0.550591,2.902900,1
688,22.9563,SEIZURE,0.550591,CJ,0.70672,0.550591,2.936267,1
689,22.9896,SEIZURE,0.550591,CJ,0.70672,0.550591,2.969633,1
690,23.023,SEIZURE,0.550591,CJ,0.718166,0.550591,3.003000,1
691,23.0564,SEIZURE,0.550591,CJ,0.718166,0.550591,3.036367,1
692,23.0897,SEIZURE,0.550591,CJ,0.718166,0.550591,3.069733,1
693,23.1231,SEIZURE,0.550591,CJ,0.718166,0.550591,3.103100,1
694,23.1565,SEIZURE,0.550591,CJ,0.718166,0.550591,3.136467,1
695,23.1898,SEIZURE,0.550591,CJ,0.718166,0.550591,3.169833,1
696,23.2232,SEIZURE,0.550591,CJ,0.718166,0.550591,3.203200,1
697,23.2566,SEIZURE,0.550591,CJ,0.718166,0.550591,3.236567,1
698,23.2899,SEIZURE,0.550591,CJ,0.718166,0.550591,3.269933,1
699,23.3233,SEIZURE,0.550591,CJ,0.718166,0.550591,3.303300,1
700,23.3567,SEIZURE,0.550591,CJ,0.718166,0.550591,3.336667,1
701,23.39,SEIZURE,0.550591,CJ,0.718166,0.550591,3.370033,1
702,23.4234,SEIZURE,0.550591,CJ,0.718166,0.550591,3.403400,1
703,23.4568,SEIZURE,0.550591,CJ,0.718166,0.550591,3.436767,1
704,23.4901,SEIZURE,0.550591,CJ,0.718166,0.550591,3.470133,1
705,23.5235,SEIZURE,0.550591,CJ,0.628193,0.550591,3.503500,1
706,23.5569,SEIZURE,0.550591,CJ,0.628193,0.550591,3.536867,1
707,23.5902,SEIZURE,0.550591,CJ,0.628193,0.550591,3.570233,1
708,23.6236,SEIZURE,0.550591,CJ,0.628193,0.550591,3.603600,1
709,23.657,SEIZURE,0.550591,CJ,0.628193,0.550591,3.636967,1
710,23.6903,SEIZURE,0.550591,CJ,0.628193,0.550591,3.670333,1
711,23.7237,SEIZURE,0.550591,CJ,0.628193,0.550591,3.703700,1
712,23.7571,SEIZURE,0.550591,CJ,0.628193,0.550591,3.737067,1
713,23.7904,SEIZURE,0.550591,CJ,0.628193,0.550591,3.770433,1
714,23.8238,SEIZURE,0.550591,CJ,0.628193,0.550591,3.803800,1
715,23.8572,SEIZURE,0.550591,CJ,0.628193,0.550591,3.837167,1
716,23.8905,SEIZURE,0.550591,CJ,0.628193,0.550591,3.870533,1
717,23.9239,SEIZURE,0.550591,CJ,0.628193,0.550591,3.903900,1
718,23.9573,SEIZURE,0.550591,CJ,0.628193,0.550591,3.937267,1
719,23.9906,SEIZURE,0.550591,CJ,0.628193,0.550591,3.970633,1
720,24.024,SEIZURE,0.550591,CJ,0.645635,0.550591,4.004000,1
721,24.0574,SEIZURE,0.550591,CJ,0.645635,0.550591,4.037367,1
722,24.0907,SEIZURE,0.550591,CJ,0.645635,0.550591,4.070733,1
723,24.1241,SEIZURE,0.550591,CJ,0.645635,0.550591,4.104100,1
724,24.1575,SEIZURE,0.550591,CJ,0.645635,0.550591,4.137467,1
725,24.1908,SEIZURE,0.550591,CJ,0.645635,0.550591,4.170833,1
726,24.2242,SEIZURE,0.550591,CJ,0.645635,0.550591,4.204200,1
727,24.2576,SEIZURE,0.550591,CJ,0.645635,0.550591,4.237567,1
728,24.2909,SEIZURE,0.550591,CJ,0.645635,0.550591,4.270933,1
729,24.3243,SEIZURE,0.550591,CJ,0.645635,0.550591,4.304300,1
730,24.3577,SEIZURE,0.550591,CJ,0.645635,0.550591,4.337667,1
731,24.391,SEIZURE,0.550591,CJ,0.645635,0.550591,4.371033,1
732,24.4244,SEIZURE,0.550591,CJ,0.645635,0.550591,4.404400,1
733,24.4578,SEIZURE,0.550591,CJ,0.645635,0.550591,4.437767,1
734,24.4911,SEIZURE,0.550591,CJ,0.645635,0.550591,4.471133,1
735,24.5245,SEIZURE,0.550591,CJ,0.703536,0.550591,4.504500,1
736,24.5579,SEIZURE,0.550591,CJ,0.703536,0.550591,4.537867,1
737,24.5912,SEIZURE,0.550591,CJ,0.703536,0.550591,4.571233,1
738,24.6246,SEIZURE,0.550591,CJ,0.703536,0.550591,4.604600,1
739,24.658,SEIZURE,0.550591,CJ,0.703536,0.550591,4.637967,1
740,24.6913,SEIZURE,0.550591,CJ,0.703536,0.550591,4.671333,1
741,24.7247,SEIZURE,0.550591,CJ,0.703536,0.550591,4.704700,1
742,24.7581,SEIZURE,0.550591,CJ,0.703536,0.550591,4.738067,1
743,24.7914,SEIZURE,0.550591,CJ,0.703536,0.550591,4.771433,1
744,24.8248,SEIZURE,0.550591,CJ,0.703536,0.550591,4.804800,1
745,24.8582,SEIZURE,0.550591,CJ,0.703536,0.550591,4.838167,1
746,24.8915,SEIZURE,0.550591,CJ,0.703536,0.550591,4.871533,1
747,24.9249,SEIZURE,0.550591,CJ,0.703536,0.550591,4.904900,1
748,24.9583,SEIZURE,0.550591,CJ,0.703536,0.550591,4.938267,1
749,24.9916,SEIZURE,0.550591,CJ,0.703536,0.550591,4.971633,1
750,25.025,SEIZURE,0.550591,CJ,0.706833,0.550591,5.005000,1
751,25.0584,SEIZURE,0.550591,CJ,0.706833,0.550591,5.038367,1
752,25.0917,SEIZURE,0.550591,CJ,0.706833,0.550591,5.071733,1
753,25.1251,SEIZURE,0.550591,CJ,0.706833,0.550591,5.105100,1
754,25.1585,SEIZURE,0.550591,CJ,0.706833,0.550591,5.138467,1
755,25.1918,SEIZURE,0.550591,CJ,0.706833,0.550591,5.171833,1
756,25.2252,SEIZURE,0.550591,CJ,0.706833,0.550591,5.205200,1
757,25.2586,SEIZURE,0.550591,CJ,0.706833,0.550591,5.238567,1
758,25.2919,SEIZURE,0.550591,CJ,0.706833,0.550591,5.271933,1
759,25.3253,SEIZURE,0.550591,CJ,0.706833,0.550591,5.305300,1
760,25.3587,SEIZURE,0.550591,CJ,0.706833,0.550591,5.338667,1
761,25.392,SEIZURE,0.550591,CJ,0.706833,0.550591,5.372033,1
762,25.4254,SEIZURE,0.550591,CJ,0.706833,0.550591,5.405400,1
763,25.4588,SEIZURE,0.550591,CJ,0.706833,0.550591,5.438767,1
764,25.4921,SEIZURE,0.550591,CJ,0.706833,0.550591,5.472133,1
765,25.5255,SEIZURE,0.527948,BLEND,0.643965,0.257242,0.500500,1
766,25.5589,SEIZURE,0.527948,BLEND,0.643965,0.257242,0.533867,1
767,25.5922,SEIZURE,0.527948,BLEND,0.643965,0.257242,0.567233,1
768,25.6256,SEIZURE,0.527948,BLEND,0.643965,0.257242,0.600600,1
769,25.659,SEIZURE,0.527948,BLEND,0.643965,0.257242,0.633967,1
770,25.6923,SEIZURE,0.527948,BLEND,0.643965,0.257242,0.667333,1
771,25.7257,SEIZURE,0.527948,BLEND,0.643965,0.257242,0.700700,1
772,25.7591,SEIZURE,0.527948,BLEND,0.643965,0.257242,0.734067,1
773,25.7924,SEIZURE,0.527948,BLEND,0.643965,0.257242,0.767433,1
774,25.8258,SEIZURE,0.527948,BLEND,0.643965,0.257242,0.800800,1
775,25.8592,SEIZURE,0.527948,BLEND,0.643965,0.257242,0.834167,1
776,25.8925,SEIZURE,0.527948,BLEND,0.643965,0.257242,0.867533,1
777,25.9259,SEIZURE,0.527948,BLEND,0.643965,0.257242,0.900900,1
778,25.9593,SEIZURE,0.527948,BLEND,0.643965,0.257242,0.934267,1
779,25.9926,SEIZURE,0.527948,BLEND,0.643965,0.257242,0.967633,1
780,26.026,SEIZURE,0.500804,BLEND,0.605187,0.257242,1.001000,1
781,26.0594,SEIZURE,0.500804,BLEND,0.605187,0.257242,1.034367,1
782,26.0927,SEIZURE,0.500804,BLEND,0.605187,0.257242,1.067733,1
783,26.1261,SEIZURE,0.500804,BLEND,0.605187,0.257242,1.101100,1
784,26.1595,SEIZURE,0.500804,BLEND,0.605187,0.257242,1.134467,1
785,26.1928,SEIZURE,0.500804,BLEND,0.605187,0.257242,1.167833,1
786,26.2262,SEIZURE,0.500804,BLEND,0.605187,0.257242,1.201200,1
787,26.2596,SEIZURE,0.500804,BLEND,0.605187,0.257242,1.234567,1
788,26.2929,SEIZURE,0.500804,BLEND,0.605187,0.257242,1.267933,1
789,26.3263,SEIZURE,0.500804,BLEND,0.605187,0.257242,1.301300,1
790,26.3597,SEIZURE,0.500804,BLEND,0.605187,0.257242,1.334667,1
791,26.393,SEIZURE,0.500804,BLEND,0.605187,0.257242,1.368033,1
792,26.4264,SEIZURE,0.500804,BLEND,0.605187,0.257242,1.401400,1
793,26.4598,SEIZURE,0.500804,BLEND,0.605187,0.257242,1.434767,1
794,26.4931,SEIZURE,0.500804,BLEND,0.605187,0.257242,1.468133,1
795,26.5265,NORMAL,0.479518,BLEND,0.57478,0.257242,1.501500,0
796,26.5599,NORMAL,0.479518,BLEND,0.57478,0.257242,1.534867,0
797,26.5932,NORMAL,0.479518,BLEND,0.57478,0.257242,1.568233,0
798,26.6266,NORMAL,0.479518,BLEND,0.57478,0.257242,1.601600,0
799,26.66,NORMAL,0.479518,BLEND,0.57478,0.257242,1.634967,0
800,26.6933,NORMAL,0.479518,BLEND,0.57478,0.257242,1.668333,0
801,26.7267,NORMAL,0.479518,BLEND,0.57478,0.257242,1.701700,0
802,26.7601,NORMAL,0.479518,BLEND,0.57478,0.257242,1.735067,0
803,26.7934,NORMAL,0.479518,BLEND,0.57478,0.257242,1.768433,0
804,26.8268,NORMAL,0.479518,BLEND,0.57478,0.257242,1.801800,0
805,26.8602,NORMAL,0.479518,BLEND,0.57478,0.257242,1.835167,0
806,26.8935,NORMAL,0.479518,BLEND,0.57478,0.257242,1.868533,0
807,26.9269,NORMAL,0.479518,BLEND,0.57478,0.257242,1.901900,0
808,26.9603,NORMAL,0.479518,BLEND,0.57478,0.257242,1.935267,0
809,26.9936,NORMAL,0.479518,BLEND,0.57478,0.257242,1.968633,0
810,27.027,NORMAL,0.467897,BLEND,0.558178,0.257242,2.002000,0
811,27.0604,NORMAL,0.467897,BLEND,0.558178,0.257242,2.035367,0
812,27.0937,NORMAL,0.467897,BLEND,0.558178,0.257242,2.068733,0
813,27.1271,NORMAL,0.467897,BLEND,0.558178,0.257242,2.102100,0
814,27.1605,NORMAL,0.467897,BLEND,0.558178,0.257242,2.135467,0
815,27.1938,NORMAL,0.467897,BLEND,0.558178,0.257242,2.168833,0
816,27.2272,NORMAL,0.467897,BLEND,0.558178,0.257242,2.202200,0
817,27.2606,NORMAL,0.467897,BLEND,0.558178,0.257242,2.235567,0
818,27.2939,NORMAL,0.467897,BLEND,0.558178,0.257242,2.268933,0
819,27.3273,NORMAL,0.467897,BLEND,0.558178,0.257242,2.302300,0
820,27.3607,NORMAL,0.467897,BLEND,0.558178,0.257242,2.335667,0
821,27.394,NORMAL,0.467897,BLEND,0.558178,0.257242,2.369033,0
822,27.4274,NORMAL,0.467897,BLEND,0.558178,0.257242,2.402400,0
823,27.4608,NORMAL,0.467897,BLEND,0.558178,0.257242,2.435767,0
824,27.4941,NORMAL,0.467897,BLEND,0.558178,0.257242,2.469133,0
825,27.5275,NORMAL,0.482536,BLEND,0.57909,0.257242,2.502500,0
826,27.5609,NORMAL,0.482536,BLEND,0.57909,0.257242,2.535867,0
827,27.5942,NORMAL,0.482536,BLEND,0.57909,0.257242,2.569233,0
828,27.6276,NORMAL,0.482536,BLEND,0.57909,0.257242,2.602600,0
829,27.661,NORMAL,0.482536,BLEND,0.57909,0.257242,2.635967,0
830,27.6943,NORMAL,0.482536,BLEND,0.57909,0.257242,2.669333,0
831,27.7277,NORMAL,0.482536,BLEND,0.57909,0.257242,2.702700,0
832,27.7611,NORMAL,0.482536,BLEND,0.57909,0.257242,2.736067,0
833,27.7944,NORMAL,0.482536,BLEND,0.57909,0.257242,2.769433,0
834,27.8278,NORMAL,0.482536,BLEND,0.57909,0.257242,2.802800,0
835,27.8612,NORMAL,0.482536,BLEND,0.57909,0.257242,2.836167,0
836,27.8945,NORMAL,0.482536,BLEND,0.57909,0.257242,2.869533,0
837,27.9279,NORMAL,0.482536,BLEND,0.57909,0.257242,2.902900,0
838,27.9613,NORMAL,0.482536,BLEND,0.57909,0.257242,2.936267,0
839,27.9946,NORMAL,0.482536,BLEND,0.57909,0.257242,2.969633,0
840,28.028,NORMAL,0.446883,BLEND,0.528157,0.257242,3.003000,0
841,28.0614,NORMAL,0.446883,BLEND,0.528157,0.257242,3.036367,0
842,28.0947,NORMAL,0.446883,BLEND,0.528157,0.257242,3.069733,0
843,28.1281,NORMAL,0.446883,BLEND,0.528157,0.257242,3.103100,0
844,28.1615,NORMAL,0.446883,BLEND,0.528157,0.257242,3.136467,0
845,28.1948,NORMAL,0.446883,BLEND,0.528157,0.257242,3.169833,0
846,28.2282,NORMAL,0.446883,BLEND,0.528157,0.257242,3.203200,0
847,28.2616,NORMAL,0.446883,BLEND,0.528157,0.257242,3.236567,0
848,28.2949,NORMAL,0.446883,BLEND,0.528157,0.257242,3.269933,0
849,28.3283,NORMAL,0.446883,BLEND,0.528157,0.257242,3.303300,0
850,28.3617,NORMAL,0.446883,BLEND,0.528157,0.257242,3.336667,0
851,28.395,NORMAL,0.446883,BLEND,0.528157,0.257242,3.370033,0
852,28.4284,NORMAL,0.446883,BLEND,0.528157,0.257242,3.403400,0
853,28.4618,NORMAL,0.446883,BLEND,0.528157,0.257242,3.436767,0
854,28.4951,NORMAL,0.446883,BLEND,0.528157,0.257242,3.470133,0
855,28.5285,NORMAL,0.446063,BLEND,0.526987,0.257242,3.503500,0
856,28.5619,NORMAL,0.446063,BLEND,0.526987,0.257242,3.536867,0
857,28.5952,NORMAL,0.446063,BLEND,0.526987,0.257242,3.570233,0
858,28.6286,NORMAL,0.446063,BLEND,0.526987,0.257242,3.603600,0
859,28.662,NORMAL,0.446063,BLEND,0.526987,0.257242,3.636967,0
860,28.6953,NORMAL,0.446063,BLEND,0.526987,0.257242,3.670333,0
861,28.7287,NORMAL,0.446063,BLEND,0.526987,0.257242,3.703700,0
862,28.7621,NORMAL,0.446063,BLEND,0.526987,0.257242,3.737067,0
863,28.7954,NORMAL,0.446063,BLEND,0.526987,0.257242,3.770433,0
864,28.8288,NORMAL,0.446063,BLEND,0.526987,0.257242,3.803800,0
865,28.8622,NORMAL,0.446063,BLEND,0.526987,0.257242,3.837167,0
866,28.8955,NORMAL,0.446063,BLEND,0.526987,0.257242,3.870533,0
867,28.9289,NORMAL,0.446063,BLEND,0.526987,0.257242,3.903900,0
868,28.9623,NORMAL,0.446063,BLEND,0.526987,0.257242,3.937267,0
869,28.9956,NORMAL,0.446063,BLEND,0.526987,0.257242,3.970633,0
870,29.029,NORMAL,0.459282,BLEND,0.54587,0.257242,4.004000,0
871,29.0624,NORMAL,0.459282,BLEND,0.54587,0.257242,4.037367,0
872,29.0957,NORMAL,0.459282,BLEND,0.54587,0.257242,4.070733,0
873,29.1291,NORMAL,0.459282,BLEND,0.54587,0.257242,4.104100,0
874,29.1625,NORMAL,0.459282,BLEND,0.54587,0.257242,4.137467,0
875,29.1958,NORMAL,0.459282,BLEND,0.54587,0.257242,4.170833,0
876,29.2292,NORMAL,0.459282,BLEND,0.54587,0.257242,4.204200,0
877,29.2626,NORMAL,0.459282,BLEND,0.54587,0.257242,4.237567,0
878,29.2959,NORMAL,0.459282,BLEND,0.54587,0.257242,4.270933,0
879,29.3293,NORMAL,0.459282,BLEND,0.54587,0.257242,4.304300,0
880,29.3627,NORMAL,0.459282,BLEND,0.54587,0.257242,4.337667,0
881,29.396,NORMAL,0.459282,BLEND,0.54587,0.257242,4.371033,0
882,29.4294,NORMAL,0.459282,BLEND,0.54587,0.257242,4.404400,0
883,29.4628,NORMAL,0.459282,BLEND,0.54587,0.257242,4.437767,0
884,29.4961,NORMAL,0.459282,BLEND,0.54587,0.257242,4.471133,0
885,29.5295,NORMAL,0.456811,BLEND,0.542341,0.257242,4.504500,0
886,29.5629,NORMAL,0.456811,BLEND,0.542341,0.257242,4.537867,0
887,29.5962,NORMAL,0.456811,BLEND,0.542341,0.257242,4.571233,0
888,29.6296,NORMAL,0.456811,BLEND,0.542341,0.257242,4.604600,0
889,29.663,NORMAL,0.456811,BLEND,0.542341,0.257242,4.637967,0
890,29.6963,NORMAL,0.456811,BLEND,0.542341,0.257242,4.671333,0
891,29.7297,NORMAL,0.456811,BLEND,0.542341,0.257242,4.704700,0
892,29.7631,NORMAL,0.456811,BLEND,0.542341,0.257242,4.738067,0
893,29.7964,NORMAL,0.456811,BLEND,0.542341,0.257242,4.771433,0
894,29.8298,NORMAL,0.456811,BLEND,0.542341,0.257242,4.804800,0
895,29.8632,NORMAL,0.456811,BLEND,0.542341,0.257242,4.838167,0
896,29.8965,NORMAL,0.456811,BLEND,0.542341,0.257242,4.871533,0
897,29.9299,NORMAL,0.456811,BLEND,0.542341,0.257242,4.904900,0
898,29.9633,NORMAL,0.456811,BLEND,0.542341,0.257242,4.938267,0
899,29.9966,NORMAL,0.456811,BLEND,0.542341,0.257242,4.971633,0
900,30.03,NORMAL,0.451778,BLEND,0.53515,0.257242,5.005000,0
901,30.0634,NORMAL,0.451778,BLEND,0.53515,0.257242,5.038367,0
902,30.0967,NORMAL,0.451778,BLEND,0.53515,0.257242,5.071733,0
903,30.1301,NORMAL,0.451778,BLEND,0.53515,0.257242,5.105100,0
904,30.1635,NORMAL,0.451778,BLEND,0.53515,0.257242,5.138467,0
905,30.1968,NORMAL,0.451778,BLEND,0.53515,0.257242,5.171833,0
906,30.2302,NORMAL,0.451778,BLEND,0.53515,0.257242,5.205200,0
907,30.2636,NORMAL,0.451778,BLEND,0.53515,0.257242,5.238567,0
908,30.2969,NORMAL,0.451778,BLEND,0.53515,0.257242,5.271933,0
909,30.3303,NORMAL,0.451778,BLEND,0.53515,0.257242,5.305300,0
910,30.3637,NORMAL,0.451778,BLEND,0.53515,0.257242,5.338667,0
911,30.397,NORMAL,0.451778,BLEND,0.53515,0.257242,5.372033,0
912,30.4304,NORMAL,0.451778,BLEND,0.53515,0.257242,5.405400,0
913,30.4638,NORMAL,0.451778,BLEND,0.53515,0.257242,5.438767,0
914,30.4971,NORMAL,0.451778,BLEND,0.53515,0.257242,5.472133,0
915,30.5305,SEIZURE,0.521565,BLEND,0.532602,0.495814,0.500500,1
916,30.5639,SEIZURE,0.521565,BLEND,0.532602,0.495814,0.533867,1
917,30.5972,SEIZURE,0.521565,BLEND,0.532602,0.495814,0.567233,1
918,30.6306,SEIZURE,0.521565,BLEND,0.532602,0.495814,0.600600,1
919,30.664,SEIZURE,0.521565,BLEND,0.532602,0.495814,0.633967,1
920,30.6973,SEIZURE,0.521565,BLEND,0.532602,0.495814,0.667333,1
921,30.7307,SEIZURE,0.521565,BLEND,0.532602,0.495814,0.700700,1
922,30.7641,SEIZURE,0.521565,BLEND,0.532602,0.495814,0.734067,1
923,30.7974,SEIZURE,0.521565,BLEND,0.532602,0.495814,0.767433,1
924,30.8308,SEIZURE,0.521565,BLEND,0.532602,0.495814,0.800800,1
925,30.8642,SEIZURE,0.521565,BLEND,0.532602,0.495814,0.834167,1
926,30.8975,SEIZURE,0.521565,BLEND,0.532602,0.495814,0.867533,1
927,30.9309,SEIZURE,0.521565,BLEND,0.532602,0.495814,0.900900,1
928,30.9643,SEIZURE,0.521565,BLEND,0.532602,0.495814,0.934267,1
929,30.9976,SEIZURE,0.521565,BLEND,0.532602,0.495814,0.967633,1
930,31.031,SEIZURE,0.522398,BLEND,0.533791,0.495814,1.001000,1
931,31.0644,SEIZURE,0.522398,BLEND,0.533791,0.495814,1.034367,1
932,31.0977,SEIZURE,0.522398,BLEND,0.533791,0.495814,1.067733,1
933,31.1311,SEIZURE,0.522398,BLEND,0.533791,0.495814,1.101100,1
934,31.1645,SEIZURE,0.522398,BLEND,0.533791,0.495814,1.134467,1
935,31.1978,SEIZURE,0.522398,BLEND,0.533791,0.495814,1.167833,1
936,31.2312,SEIZURE,0.522398,BLEND,0.533791,0.495814,1.201200,1
937,31.2646,SEIZURE,0.522398,BLEND,0.533791,0.495814,1.234567,1
938,31.2979,SEIZURE,0.522398,BLEND,0.533791,0.495814,1.267933,1
939,31.3313,SEIZURE,0.522398,BLEND,0.533791,0.495814,1.301300,1
940,31.3647,SEIZURE,0.522398,BLEND,0.533791,0.495814,1.334667,1
941,31.398,SEIZURE,0.522398,BLEND,0.533791,0.495814,1.368033,1
942,31.4314,SEIZURE,0.522398,BLEND,0.533791,0.495814,1.401400,1
943,31.4648,SEIZURE,0.522398,BLEND,0.533791,0.495814,1.434767,1
944,31.4981,SEIZURE,0.522398,BLEND,0.533791,0.495814,1.468133,1
945,31.5315,SEIZURE,0.521563,BLEND,0.532599,0.495814,1.501500,1
946,31.5649,SEIZURE,0.521563,BLEND,0.532599,0.495814,1.534867,1
947,31.5982,SEIZURE,0.521563,BLEND,0.532599,0.495814,1.568233,1
948,31.6316,SEIZURE,0.521563,BLEND,0.532599,0.495814,1.601600,1
949,31.665,SEIZURE,0.521563,BLEND,0.532599,0.495814,1.634967,1
950,31.6983,SEIZURE,0.521563,BLEND,0.532599,0.495814,1.668333,1
951,31.7317,SEIZURE,0.521563,BLEND,0.532599,0.495814,1.701700,1
952,31.7651,SEIZURE,0.521563,BLEND,0.532599,0.495814,1.735067,1
953,31.7984,SEIZURE,0.521563,BLEND,0.532599,0.495814,1.768433,1
954,31.8318,SEIZURE,0.521563,BLEND,0.532599,0.495814,1.801800,1
955,31.8652,SEIZURE,0.521563,BLEND,0.532599,0.495814,1.835167,1
956,31.8985,SEIZURE,0.521563,BLEND,0.532599,0.495814,1.868533,1
957,31.9319,SEIZURE,0.521563,BLEND,0.532599,0.495814,1.901900,1
958,31.9653,SEIZURE,0.521563,BLEND,0.532599,0.495814,1.935267,1
959,31.9986,SEIZURE,0.521563,BLEND,0.532599,0.495814,1.968633,1
960,32.032,SEIZURE,0.517794,BLEND,0.527213,0.495814,2.002000,1
961,32.0654,SEIZURE,0.517794,BLEND,0.527213,0.495814,2.035367,1
962,32.0987,SEIZURE,0.517794,BLEND,0.527213,0.495814,2.068733,1
963,32.1321,SEIZURE,0.517794,BLEND,0.527213,0.495814,2.102100,1
964,32.1655,SEIZURE,0.517794,BLEND,0.527213,0.495814,2.135467,1
965,32.1988,SEIZURE,0.517794,BLEND,0.527213,0.495814,2.168833,1
966,32.2322,SEIZURE,0.517794,BLEND,0.527213,0.495814,2.202200,1
967,32.2656,SEIZURE,0.517794,BLEND,0.527213,0.495814,2.235567,1
968,32.2989,SEIZURE,0.517794,BLEND,0.527213,0.495814,2.268933,1
969,32.3323,SEIZURE,0.517794,BLEND,0.527213,0.495814,2.302300,1
970,32.3657,SEIZURE,0.517794,BLEND,0.527213,0.495814,2.335667,1
971,32.399,SEIZURE,0.517794,BLEND,0.527213,0.495814,2.369033,1
972,32.4324,SEIZURE,0.517794,BLEND,0.527213,0.495814,2.402400,1
973,32.4658,SEIZURE,0.517794,BLEND,0.527213,0.495814,2.435767,1
974,32.4991,SEIZURE,0.517794,BLEND,0.527213,0.495814,2.469133,1
975,32.5325,SEIZURE,0.519471,BLEND,0.529609,0.495814,2.502500,1
976,32.5659,SEIZURE,0.519471,BLEND,0.529609,0.495814,2.535867,1
977,32.5992,SEIZURE,0.519471,BLEND,0.529609,0.495814,2.569233,1
978,32.6326,SEIZURE,0.519471,BLEND,0.529609,0.495814,2.602600,1
979,32.666,SEIZURE,0.519471,BLEND,0.529609,0.495814,2.635967,1
980,32.6993,SEIZURE,0.519471,BLEND,0.529609,0.495814,2.669333,1
981,32.7327,SEIZURE,0.519471,BLEND,0.529609,0.495814,2.702700,1
982,32.7661,SEIZURE,0.519471,BLEND,0.529609,0.495814,2.736067,1
983,32.7994,SEIZURE,0.519471,BLEND,0.529609,0.495814,2.769433,1
984,32.8328,SEIZURE,0.519471,BLEND,0.529609,0.495814,2.802800,1
985,32.8662,SEIZURE,0.519471,BLEND,0.529609,0.495814,2.836167,1
986,32.8995,SEIZURE,0.519471,BLEND,0.529609,0.495814,2.869533,1
987,32.9329,SEIZURE,0.519471,BLEND,0.529609,0.495814,2.902900,1
988,32.9663,SEIZURE,0.519471,BLEND,0.529609,0.495814,2.936267,1
989,32.9996,SEIZURE,0.519471,BLEND,0.529609,0.495814,2.969633,1
990,33.033,SEIZURE,0.55153,BLEND,0.575408,0.495814,3.003000,1
991,33.0664,SEIZURE,0.55153,BLEND,0.575408,0.495814,3.036367,1
992,33.0997,SEIZURE,0.55153,BLEND,0.575408,0.495814,3.069733,1
993,33.1331,SEIZURE,0.55153,BLEND,0.575408,0.495814,3.103100,1
994,33.1665,SEIZURE,0.55153,BLEND,0.575408,0.495814,3.136467,1
995,33.1998,SEIZURE,0.55153,BLEND,0.575408,0.495814,3.169833,1
996,33.2332,SEIZURE,0.55153,BLEND,0.575408,0.495814,3.203200,1
997,33.2666,SEIZURE,0.55153,BLEND,0.575408,0.495814,3.236567,1
998,33.2999,SEIZURE,0.55153,BLEND,0.575408,0.495814,3.269933,1
999,33.3333,SEIZURE,0.55153,BLEND,0.575408,0.495814,3.303300,1
1000,33.3667,SEIZURE,0.55153,BLEND,0.575408,0.495814,3.336667,1
1001,33.4,SEIZURE,0.55153,BLEND,0.575408,0.495814,3.370033,1
1002,33.4334,SEIZURE,0.55153,BLEND,0.575408,0.495814,3.403400,1
1003,33.4668,SEIZURE,0.55153,BLEND,0.575408,0.495814,3.436767,1
1004,33.5001,SEIZURE,0.55153,BLEND,0.575408,0.495814,3.470133,1
1005,33.5335,SEIZURE,0.516119,BLEND,0.524822,0.495814,3.503500,1
1006,33.5669,SEIZURE,0.516119,BLEND,0.524822,0.495814,3.536867,1
1007,33.6002,SEIZURE,0.516119,BLEND,0.524822,0.495814,3.570233,1
1008,33.6336,SEIZURE,0.516119,BLEND,0.524822,0.495814,3.603600,1
1009,33.667,SEIZURE,0.516119,BLEND,0.524822,0.495814,3.636967,1
1010,33.7003,SEIZURE,0.516119,BLEND,0.524822,0.495814,3.670333,1
1011,33.7337,SEIZURE,0.516119,BLEND,0.524822,0.495814,3.703700,1
1012,33.7671,SEIZURE,0.516119,BLEND,0.524822,0.495814,3.737067,1
1013,33.8004,SEIZURE,0.516119,BLEND,0.524822,0.495814,3.770433,1
1014,33.8338,SEIZURE,0.516119,BLEND,0.524822,0.495814,3.803800,1
1015,33.8672,SEIZURE,0.516119,BLEND,0.524822,0.495814,3.837167,1
1016,33.9005,SEIZURE,0.516119,BLEND,0.524822,0.495814,3.870533,1
1017,33.9339,SEIZURE,0.516119,BLEND,0.524822,0.495814,3.903900,1
1018,33.9673,SEIZURE,0.516119,BLEND,0.524822,0.495814,3.937267,1
1019,34.0006,SEIZURE,0.516119,BLEND,0.524822,0.495814,3.970633,1
1020,34.034,SEIZURE,0.556026,BLEND,0.581831,0.495814,4.004000,1
1021,34.0674,SEIZURE,0.556026,BLEND,0.581831,0.495814,4.037367,1
1022,34.1007,SEIZURE,0.556026,BLEND,0.581831,0.495814,4.070733,1
1023,34.1341,SEIZURE,0.556026,BLEND,0.581831,0.495814,4.104100,1
1024,34.1675,SEIZURE,0.556026,BLEND,0.581831,0.495814,4.137467,1
1025,34.2008,SEIZURE,0.556026,BLEND,0.581831,0.495814,4.170833,1
1026,34.2342,SEIZURE,0.556026,BLEND,0.581831,0.495814,4.204200,1
1027,34.2676,SEIZURE,0.556026,BLEND,0.581831,0.495814,4.237567,1
1028,34.3009,SEIZURE,0.556026,BLEND,0.581831,0.495814,4.270933,1
1029,34.3343,SEIZURE,0.556026,BLEND,0.581831,0.495814,4.304300,1
1030,34.3677,SEIZURE,0.556026,BLEND,0.581831,0.495814,4.337667,1
1031,34.401,SEIZURE,0.556026,BLEND,0.581831,0.495814,4.371033,1
1032,34.4344,SEIZURE,0.556026,BLEND,0.581831,0.495814,4.404400,1
1033,34.4678,SEIZURE,0.556026,BLEND,0.581831,0.495814,4.437767,1
1034,34.5011,SEIZURE,0.556026,BLEND,0.581831,0.495814,4.471133,1
1035,34.5345,SEIZURE,0.556326,BLEND,0.58226,0.495814,4.504500,1
1036,34.5679,SEIZURE,0.556326,BLEND,0.58226,0.495814,4.537867,1
1037,34.6012,SEIZURE,0.556326,BLEND,0.58226,0.495814,4.571233,1
1038,34.6346,SEIZURE,0.556326,BLEND,0.58226,0.495814,4.604600,1
1039,34.668,SEIZURE,0.556326,BLEND,0.58226,0.495814,4.637967,1
1040,34.7013,SEIZURE,0.556326,BLEND,0.58226,0.495814,4.671333,1
1041,34.7347,SEIZURE,0.556326,BLEND,0.58226,0.495814,4.704700,1
1042,34.7681,SEIZURE,0.556326,BLEND,0.58226,0.495814,4.738067,1
1043,34.8014,SEIZURE,0.556326,BLEND,0.58226,0.495814,4.771433,1
1044,34.8348,SEIZURE,0.556326,BLEND,0.58226,0.495814,4.804800,1
1045,34.8682,SEIZURE,0.556326,BLEND,0.58226,0.495814,4.838167,1
1046,34.9015,SEIZURE,0.556326,BLEND,0.58226,0.495814,4.871533,1
1047,34.9349,SEIZURE,0.556326,BLEND,0.58226,0.495814,4.904900,1
1048,34.9683,SEIZURE,0.556326,BLEND,0.58226,0.495814,4.938267,1
1049,35.0016,SEIZURE,0.556326,BLEND,0.58226,0.495814,4.971633,1
1050,35.035,SEIZURE,0.558214,BLEND,0.584958,0.495814,5.005000,1
1051,35.0684,SEIZURE,0.558214,BLEND,0.584958,0.495814,5.038367,1
1052,35.1017,SEIZURE,0.558214,BLEND,0.584958,0.495814,5.071733,1
1053,35.1351,SEIZURE,0.558214,BLEND,0.584958,0.495814,5.105100,1
1054,35.1685,SEIZURE,0.558214,BLEND,0.584958,0.495814,5.138467,1
1055,35.2018,SEIZURE,0.558214,BLEND,0.584958,0.495814,5.171833,1
1056,35.2352,SEIZURE,0.558214,BLEND,0.584958,0.495814,5.205200,1
1057,35.2686,SEIZURE,0.558214,BLEND,0.584958,0.495814,5.238567,1
1058,35.3019,SEIZURE,0.558214,BLEND,0.584958,0.495814,5.271933,1
1059,35.3353,SEIZURE,0.558214,BLEND,0.584958,0.495814,5.305300,1
1060,35.3687,SEIZURE,0.558214,BLEND,0.584958,0.495814,5.338667,1
1061,35.402,SEIZURE,0.558214,BLEND,0.584958,0.495814,5.372033,1
1062,35.4354,SEIZURE,0.558214,BLEND,0.584958,0.495814,5.405400,1
1063,35.4688,SEIZURE,0.558214,BLEND,0.584958,0.495814,5.438767,1
1064,35.5021,SEIZURE,0.558214,BLEND,0.584958,0.495814,5.472133,1
1065,35.5355,NORMAL,0.484049,BLEND,0.583264,0.252548,0.500500,0
1066,35.5689,NORMAL,0.484049,BLEND,0.583264,0.252548,0.533867,0
1067,35.6022,NORMAL,0.484049,BLEND,0.583264,0.252548,0.567233,0
1068,35.6356,NORMAL,0.484049,BLEND,0.583264,0.252548,0.600600,0
1069,35.669,NORMAL,0.484049,BLEND,0.583264,0.252548,0.633967,0
1070,35.7023,NORMAL,0.484049,BLEND,0.583264,0.252548,0.667333,0
1071,35.7357,NORMAL,0.484049,BLEND,0.583264,0.252548,0.700700,0
1072,35.7691,NORMAL,0.484049,BLEND,0.583264,0.252548,0.734067,0
1073,35.8024,NORMAL,0.484049,BLEND,0.583264,0.252548,0.767433,0
1074,35.8358,NORMAL,0.484049,BLEND,0.583264,0.252548,0.800800,0
1075,35.8692,NORMAL,0.484049,BLEND,0.583264,0.252548,0.834167,0
1076,35.9025,NORMAL,0.484049,BLEND,0.583264,0.252548,0.867533,0
1077,35.9359,NORMAL,0.484049,BLEND,0.583264,0.252548,0.900900,0
1078,35.9693,NORMAL,0.484049,BLEND,0.583264,0.252548,0.934267,0
1079,36.0026,NORMAL,0.484049,BLEND,0.583264,0.252548,0.967633,0
1080,36.036,SEIZURE,0.556136,BLEND,0.686246,0.252548,1.001000,1
1081,36.0694,SEIZURE,0.556136,BLEND,0.686246,0.252548,1.034367,1
1082,36.1027,SEIZURE,0.556136,BLEND,0.686246,0.252548,1.067733,1
1083,36.1361,SEIZURE,0.556136,BLEND,0.686246,0.252548,1.101100,1
1084,36.1695,SEIZURE,0.556136,BLEND,0.686246,0.252548,1.134467,1
1085,36.2028,SEIZURE,0.556136,BLEND,0.686246,0.252548,1.167833,1
1086,36.2362,SEIZURE,0.556136,BLEND,0.686246,0.252548,1.201200,1
1087,36.2696,SEIZURE,0.556136,BLEND,0.686246,0.252548,1.234567,1
1088,36.3029,SEIZURE,0.556136,BLEND,0.686246,0.252548,1.267933,1
1089,36.3363,SEIZURE,0.556136,BLEND,0.686246,0.252548,1.301300,1
1090,36.3697,SEIZURE,0.556136,BLEND,0.686246,0.252548,1.334667,1
1091,36.403,SEIZURE,0.556136,BLEND,0.686246,0.252548,1.368033,1
1092,36.4364,SEIZURE,0.556136,BLEND,0.686246,0.252548,1.401400,1
1093,36.4698,SEIZURE,0.556136,BLEND,0.686246,0.252548,1.434767,1
1094,36.5031,SEIZURE,0.556136,BLEND,0.686246,0.252548,1.468133,1
1095,36.5365,SEIZURE,0.575994,BLEND,0.714613,0.252548,1.501500,1
1096,36.5699,SEIZURE,0.575994,BLEND,0.714613,0.252548,1.534867,1
1097,36.6032,SEIZURE,0.575994,BLEND,0.714613,0.252548,1.568233,1
1098,36.6366,SEIZURE,0.575994,BLEND,0.714613,0.252548,1.601600,1
1099,36.67,SEIZURE,0.575994,BLEND,0.714613,0.252548,1.634967,1
1100,36.7033,SEIZURE,0.575994,BLEND,0.714613,0.252548,1.668333,1
1101,36.7367,SEIZURE,0.575994,BLEND,0.714613,0.252548,1.701700,1
1102,36.7701,SEIZURE,0.575994,BLEND,0.714613,0.252548,1.735067,1
1103,36.8034,SEIZURE,0.575994,BLEND,0.714613,0.252548,1.768433,1
1104,36.8368,SEIZURE,0.575994,BLEND,0.714613,0.252548,1.801800,1
1105,36.8702,SEIZURE,0.575994,BLEND,0.714613,0.252548,1.835167,1
1106,36.9035,SEIZURE,0.575994,BLEND,0.714613,0.252548,1.868533,1
1107,36.9369,SEIZURE,0.575994,BLEND,0.714613,0.252548,1.901900,1
1108,36.9703,SEIZURE,0.575994,BLEND,0.714613,0.252548,1.935267,1
1109,37.0036,SEIZURE,0.575994,BLEND,0.714613,0.252548,1.968633,1
1110,37.037,SEIZURE,0.579316,BLEND,0.719359,0.252548,2.002000,1
1111,37.0704,SEIZURE,0.579316,BLEND,0.719359,0.252548,2.035367,1
1112,37.1037,SEIZURE,0.579316,BLEND,0.719359,0.252548,2.068733,1
1113,37.1371,SEIZURE,0.579316,BLEND,0.719359,0.252548,2.102100,1
1114,37.1705,SEIZURE,0.579316,BLEND,0.719359,0.252548,2.135467,1
1115,37.2038,SEIZURE,0.579316,BLEND,0.719359,0.252548,2.168833,1
1116,37.2372,SEIZURE,0.579316,BLEND,0.719359,0.252548,2.202200,1
1117,37.2706,SEIZURE,0.579316,BLEND,0.719359,0.252548,2.235567,1
1118,37.3039,SEIZURE,0.579316,BLEND,0.719359,0.252548,2.268933,1
1119,37.3373,SEIZURE,0.579316,BLEND,0.719359,0.252548,2.302300,1
1120,37.3707,SEIZURE,0.579316,BLEND,0.719359,0.252548,2.335667,1
1121,37.404,SEIZURE,0.579316,BLEND,0.719359,0.252548,2.369033,1
1122,37.4374,SEIZURE,0.579316,BLEND,0.719359,0.252548,2.402400,1
1123,37.4708,SEIZURE,0.579316,BLEND,0.719359,0.252548,2.435767,1
1124,37.5041,SEIZURE,0.579316,BLEND,0.719359,0.252548,2.469133,1
1125,37.5375,SEIZURE,0.565052,BLEND,0.698982,0.252548,2.502500,1
1126,37.5709,SEIZURE,0.565052,BLEND,0.698982,0.252548,2.535867,1
1127,37.6042,SEIZURE,0.565052,BLEND,0.698982,0.252548,2.569233,1
1128,37.6376,SEIZURE,0.565052,BLEND,0.698982,0.252548,2.602600,1
1129,37.671,SEIZURE,0.565052,BLEND,0.698982,0.252548,2.635967,1
1130,37.7043,SEIZURE,0.565052,BLEND,0.698982,0.252548,2.669333,1
1131,37.7377,SEIZURE,0.565052,BLEND,0.698982,0.252548,2.702700,1
1132,37.7711,SEIZURE,0.565052,BLEND,0.698982,0.252548,2.736067,1
1133,37.8044,SEIZURE,0.565052,BLEND,0.698982,0.252548,2.769433,1
1134,37.8378,SEIZURE,0.565052,BLEND,0.698982,0.252548,2.802800,1
1135,37.8712,SEIZURE,0.565052,BLEND,0.698982,0.252548,2.836167,1
1136,37.9045,SEIZURE,0.565052,BLEND,0.698982,0.252548,2.869533,1
1137,37.9379,SEIZURE,0.565052,BLEND,0.698982,0.252548,2.902900,1
1138,37.9713,SEIZURE,0.565052,BLEND,0.698982,0.252548,2.936267,1
1139,38.0046,SEIZURE,0.565052,BLEND,0.698982,0.252548,2.969633,1
1140,38.038,SEIZURE,0.541506,BLEND,0.665346,0.252548,3.003000,1
1141,38.0714,SEIZURE,0.541506,BLEND,0.665346,0.252548,3.036367,1
1142,38.1047,SEIZURE,0.541506,BLEND,0.665346,0.252548,3.069733,1
1143,38.1381,SEIZURE,0.541506,BLEND,0.665346,0.252548,3.103100,1
1144,38.1715,SEIZURE,0.541506,BLEND,0.665346,0.252548,3.136467,1
1145,38.2048,SEIZURE,0.541506,BLEND,0.665346,0.252548,3.169833,1
1146,38.2382,SEIZURE,0.541506,BLEND,0.665346,0.252548,3.203200,1
1147,38.2716,SEIZURE,0.541506,BLEND,0.665346,0.252548,3.236567,1
1148,38.3049,SEIZURE,0.541506,BLEND,0.665346,0.252548,3.269933,1
1149,38.3383,SEIZURE,0.541506,BLEND,0.665346,0.252548,3.303300,1
1150,38.3717,SEIZURE,0.541506,BLEND,0.665346,0.252548,3.336667,1
1151,38.405,SEIZURE,0.541506,BLEND,0.665346,0.252548,3.370033,1
1152,38.4384,SEIZURE,0.541506,BLEND,0.665346,0.252548,3.403400,1
1153,38.4718,SEIZURE,0.541506,BLEND,0.665346,0.252548,3.436767,1
1154,38.5051,SEIZURE,0.541506,BLEND,0.665346,0.252548,3.470133,1
1155,38.5385,SEIZURE,0.556657,BLEND,0.68699,0.252548,3.503500,1
1156,38.5719,SEIZURE,0.556657,BLEND,0.68699,0.252548,3.536867,1
1157,38.6052,SEIZURE,0.556657,BLEND,0.68699,0.252548,3.570233,1
1158,38.6386,SEIZURE,0.556657,BLEND,0.68699,0.252548,3.603600,1
1159,38.672,SEIZURE,0.556657,BLEND,0.68699,0.252548,3.636967,1
1160,38.7053,SEIZURE,0.556657,BLEND,0.68699,0.252548,3.670333,1
1161,38.7387,SEIZURE,0.556657,BLEND,0.68699,0.252548,3.703700,1
1162,38.7721,SEIZURE,0.556657,BLEND,0.68699,0.252548,3.737067,1
1163,38.8054,SEIZURE,0.556657,BLEND,0.68699,0.252548,3.770433,1
1164,38.8388,SEIZURE,0.556657,BLEND,0.68699,0.252548,3.803800,1
1165,38.8722,SEIZURE,0.556657,BLEND,0.68699,0.252548,3.837167,1
1166,38.9055,SEIZURE,0.556657,BLEND,0.68699,0.252548,3.870533,1
1167,38.9389,SEIZURE,0.556657,BLEND,0.68699,0.252548,3.903900,1
1168,38.9723,SEIZURE,0.556657,BLEND,0.68699,0.252548,3.937267,1
1169,39.0056,SEIZURE,0.556657,BLEND,0.68699,0.252548,3.970633,1
1170,39.039,NORMAL,0.478502,BLEND,0.575339,0.252548,4.004000,0
1171,39.0724,NORMAL,0.478502,BLEND,0.575339,0.252548,4.037367,0
1172,39.1057,NORMAL,0.478502,BLEND,0.575339,0.252548,4.070733,0
1173,39.1391,NORMAL,0.478502,BLEND,0.575339,0.252548,4.104100,0
1174,39.1725,NORMAL,0.478502,BLEND,0.575339,0.252548,4.137467,0
1175,39.2058,NORMAL,0.478502,BLEND,0.575339,0.252548,4.170833,0
1176,39.2392,NORMAL,0.478502,BLEND,0.575339,0.252548,4.204200,0
1177,39.2726,NORMAL,0.478502,BLEND,0.575339,0.252548,4.237567,0
1178,39.3059,NORMAL,0.478502,BLEND,0.575339,0.252548,4.270933,0
1179,39.3393,NORMAL,0.478502,BLEND,0.575339,0.252548,4.304300,0
1180,39.3727,NORMAL,0.478502,BLEND,0.575339,0.252548,4.337667,0
1181,39.406,NORMAL,0.478502,BLEND,0.575339,0.252548,4.371033,0
1182,39.4394,NORMAL,0.478502,BLEND,0.575339,0.252548,4.404400,0
1183,39.4728,NORMAL,0.478502,BLEND,0.575339,0.252548,4.437767,0
1184,39.5061,NORMAL,0.478502,BLEND,0.575339,0.252548,4.471133,0
1185,39.5395,NORMAL,0.476636,BLEND,0.572673,0.252548,4.504500,0
1186,39.5729,NORMAL,0.476636,BLEND,0.572673,0.252548,4.537867,0
1187,39.6062,NORMAL,0.476636,BLEND,0.572673,0.252548,4.571233,0
1188,39.6396,NORMAL,0.476636,BLEND,0.572673,0.252548,4.604600,0
1189,39.673,NORMAL,0.476636,BLEND,0.572673,0.252548,4.637967,0
1190,39.7063,NORMAL,0.476636,BLEND,0.572673,0.252548,4.671333,0
1191,39.7397,NORMAL,0.476636,BLEND,0.572673,0.252548,4.704700,0
1192,39.7731,NORMAL,0.476636,BLEND,0.572673,0.252548,4.738067,0
1193,39.8064,NORMAL,0.476636,BLEND,0.572673,0.252548,4.771433,0
1194,39.8398,NORMAL,0.476636,BLEND,0.572673,0.252548,4.804800,0
1195,39.8732,NORMAL,0.476636,BLEND,0.572673,0.252548,4.838167,0
1196,39.9065,NORMAL,0.476636,BLEND,0.572673,0.252548,4.871533,0
1197,39.9399,NORMAL,0.476636,BLEND,0.572673,0.252548,4.904900,0
1198,39.9733,NORMAL,0.476636,BLEND,0.572673,0.252548,4.938267,0
1199,40.0066,NORMAL,0.476636,BLEND,0.572673,0.252548,4.971633,0
1200,40.04,NORMAL,0.453416,BLEND,0.539503,0.252548,5.005000,0
1201,40.0734,NORMAL,0.453416,BLEND,0.539503,0.252548,5.038367,0
1202,40.1067,NORMAL,0.453416,BLEND,0.539503,0.252548,5.071733,0
1203,40.1401,NORMAL,0.453416,BLEND,0.539503,0.252548,5.105100,0
1204,40.1735,NORMAL,0.453416,BLEND,0.539503,0.252548,5.138467,0
1205,40.2068,NORMAL,0.453416,BLEND,0.539503,0.252548,5.171833,0
1206,40.2402,NORMAL,0.453416,BLEND,0.539503,0.252548,5.205200,0
1207,40.2736,NORMAL,0.453416,BLEND,0.539503,0.252548,5.238567,0
1208,40.3069,NORMAL,0.453416,BLEND,0.539503,0.252548,5.271933,0
1209,40.3403,NORMAL,0.453416,BLEND,0.539503,0.252548,5.305300,0
1210,40.3737,NORMAL,0.453416,BLEND,0.539503,0.252548,5.338667,0
1211,40.407,NORMAL,0.453416,BLEND,0.539503,0.252548,5.372033,0
1212,40.4404,NORMAL,0.453416,BLEND,0.539503,0.252548,5.405400,0
1213,40.4738,NORMAL,0.453416,BLEND,0.539503,0.252548,5.438767,0
1214,40.5071,NORMAL,0.453416,BLEND,0.539503,0.252548,5.472133,0
1215,40.5405,NORMAL,0.186221,CJ_LOW,0.553653,0.186221,0.500500,0
1216,40.5739,NORMAL,0.186221,CJ_LOW,0.553653,0.186221,0.533867,0
1217,40.6072,NORMAL,0.186221,CJ_LOW,0.553653,0.186221,0.567233,0
1218,40.6406,NORMAL,0.186221,CJ_LOW,0.553653,0.186221,0.600600,0
1219,40.674,NORMAL,0.186221,CJ_LOW,0.553653,0.186221,0.633967,0
1220,40.7073,NORMAL,0.186221,CJ_LOW,0.553653,0.186221,0.667333,0
1221,40.7407,NORMAL,0.186221,CJ_LOW,0.553653,0.186221,0.700700,0
1222,40.7741,NORMAL,0.186221,CJ_LOW,0.553653,0.186221,0.734067,0
1223,40.8074,NORMAL,0.186221,CJ_LOW,0.553653,0.186221,0.767433,0
1224,40.8408,NORMAL,0.186221,CJ_LOW,0.553653,0.186221,0.800800,0
1225,40.8742,NORMAL,0.186221,CJ_LOW,0.553653,0.186221,0.834167,0
1226,40.9075,NORMAL,0.186221,CJ_LOW,0.553653,0.186221,0.867533,0
1227,40.9409,NORMAL,0.186221,CJ_LOW,0.553653,0.186221,0.900900,0
1228,40.9743,NORMAL,0.186221,CJ_LOW,0.553653,0.186221,0.934267,0
1229,41.0076,NORMAL,0.186221,CJ_LOW,0.553653,0.186221,0.967633,0
1230,41.041,NORMAL,0.186221,CJ_LOW,0.529064,0.186221,1.001000,0
1231,41.0744,NORMAL,0.186221,CJ_LOW,0.529064,0.186221,1.034367,0
1232,41.1077,NORMAL,0.186221,CJ_LOW,0.529064,0.186221,1.067733,0
1233,41.1411,NORMAL,0.186221,CJ_LOW,0.529064,0.186221,1.101100,0
1234,41.1745,NORMAL,0.186221,CJ_LOW,0.529064,0.186221,1.134467,0
1235,41.2078,NORMAL,0.186221,CJ_LOW,0.529064,0.186221,1.167833,0
1236,41.2412,NORMAL,0.186221,CJ_LOW,0.529064,0.186221,1.201200,0
1237,41.2746,NORMAL,0.186221,CJ_LOW,0.529064,0.186221,1.234567,0
1238,41.3079,NORMAL,0.186221,CJ_LOW,0.529064,0.186221,1.267933,0
1239,41.3413,NORMAL,0.186221,CJ_LOW,0.529064,0.186221,1.301300,0
1240,41.3747,NORMAL,0.186221,CJ_LOW,0.529064,0.186221,1.334667,0
1241,41.408,NORMAL,0.186221,CJ_LOW,0.529064,0.186221,1.368033,0
1242,41.4414,NORMAL,0.186221,CJ_LOW,0.529064,0.186221,1.401400,0
1243,41.4748,NORMAL,0.186221,CJ_LOW,0.529064,0.186221,1.434767,0
1244,41.5081,NORMAL,0.186221,CJ_LOW,0.529064,0.186221,1.468133,0
1245,41.5415,NORMAL,0.186221,CJ_LOW,0.537067,0.186221,1.501500,0
1246,41.5749,NORMAL,0.186221,CJ_LOW,0.537067,0.186221,1.534867,0
1247,41.6082,NORMAL,0.186221,CJ_LOW,0.537067,0.186221,1.568233,0
1248,41.6416,NORMAL,0.186221,CJ_LOW,0.537067,0.186221,1.601600,0
1249,41.675,NORMAL,0.186221,CJ_LOW,0.537067,0.186221,1.634967,0
1250,41.7083,NORMAL,0.186221,CJ_LOW,0.537067,0.186221,1.668333,0
1251,41.7417,NORMAL,0.186221,CJ_LOW,0.537067,0.186221,1.701700,0
1252,41.7751,NORMAL,0.186221,CJ_LOW,0.537067,0.186221,1.735067,0
1253,41.8084,NORMAL,0.186221,CJ_LOW,0.537067,0.186221,1.768433,0
1254,41.8418,NORMAL,0.186221,CJ_LOW,0.537067,0.186221,1.801800,0
1255,41.8752,NORMAL,0.186221,CJ_LOW,0.537067,0.186221,1.835167,0
1256,41.9085,NORMAL,0.186221,CJ_LOW,0.537067,0.186221,1.868533,0
1257,41.9419,NORMAL,0.186221,CJ_LOW,0.537067,0.186221,1.901900,0
1258,41.9753,NORMAL,0.186221,CJ_LOW,0.537067,0.186221,1.935267,0
1259,42.0086,NORMAL,0.186221,CJ_LOW,0.537067,0.186221,1.968633,0
1260,42.042,NORMAL,0.186221,CJ_LOW,0.529879,0.186221,2.002000,0
1261,42.0754,NORMAL,0.186221,CJ_LOW,0.529879,0.186221,2.035367,0
1262,42.1087,NORMAL,0.186221,CJ_LOW,0.529879,0.186221,2.068733,0
1263,42.1421,NORMAL,0.186221,CJ_LOW,0.529879,0.186221,2.102100,0
1264,42.1755,NORMAL,0.186221,CJ_LOW,0.529879,0.186221,2.135467,0
1265,42.2088,NORMAL,0.186221,CJ_LOW,0.529879,0.186221,2.168833,0
1266,42.2422,NORMAL,0.186221,CJ_LOW,0.529879,0.186221,2.202200,0
1267,42.2756,NORMAL,0.186221,CJ_LOW,0.529879,0.186221,2.235567,0
1268,42.3089,NORMAL,0.186221,CJ_LOW,0.529879,0.186221,2.268933,0
1269,42.3423,NORMAL,0.186221,CJ_LOW,0.529879,0.186221,2.302300,0
1270,42.3757,NORMAL,0.186221,CJ_LOW,0.529879,0.186221,2.335667,0
1271,42.409,NORMAL,0.186221,CJ_LOW,0.529879,0.186221,2.369033,0
1272,42.4424,NORMAL,0.186221,CJ_LOW,0.529879,0.186221,2.402400,0
1273,42.4758,NORMAL,0.186221,CJ_LOW,0.529879,0.186221,2.435767,0
1274,42.5091,NORMAL,0.186221,CJ_LOW,0.529879,0.186221,2.469133,0
1275,42.5425,NORMAL,0.186221,CJ_LOW,0.530336,0.186221,2.502500,0
1276,42.5759,NORMAL,0.186221,CJ_LOW,0.530336,0.186221,2.535867,0
1277,42.6092,NORMAL,0.186221,CJ_LOW,0.530336,0.186221,2.569233,0
1278,42.6426,NORMAL,0.186221,CJ_LOW,0.530336,0.186221,2.602600,0
1279,42.676,NORMAL,0.186221,CJ_LOW,0.530336,0.186221,2.635967,0
1280,42.7093,NORMAL,0.186221,CJ_LOW,0.530336,0.186221,2.669333,0
1281,42.7427,NORMAL,0.186221,CJ_LOW,0.530336,0.186221,2.702700,0
1282,42.7761,NORMAL,0.186221,CJ_LOW,0.530336,0.186221,2.736067,0
1283,42.8094,NORMAL,0.186221,CJ_LOW,0.530336,0.186221,2.769433,0
1284,42.8428,NORMAL,0.186221,CJ_LOW,0.530336,0.186221,2.802800,0
1285,42.8762,NORMAL,0.186221,CJ_LOW,0.530336,0.186221,2.836167,0
1286,42.9095,NORMAL,0.186221,CJ_LOW,0.530336,0.186221,2.869533,0
1287,42.9429,NORMAL,0.186221,CJ_LOW,0.530336,0.186221,2.902900,0
1288,42.9763,NORMAL,0.186221,CJ_LOW,0.530336,0.186221,2.936267,0
1289,43.0096,NORMAL,0.186221,CJ_LOW,0.530336,0.186221,2.969633,0
1290,43.043,NORMAL,0.186221,CJ_LOW,0.529154,0.186221,3.003000,0
1291,43.0764,NORMAL,0.186221,CJ_LOW,0.529154,0.186221,3.036367,0
1292,43.1097,NORMAL,0.186221,CJ_LOW,0.529154,0.186221,3.069733,0
1293,43.1431,NORMAL,0.186221,CJ_LOW,0.529154,0.186221,3.103100,0
1294,43.1765,NORMAL,0.186221,CJ_LOW,0.529154,0.186221,3.136467,0
1295,43.2098,NORMAL,0.186221,CJ_LOW,0.529154,0.186221,3.169833,0
1296,43.2432,NORMAL,0.186221,CJ_LOW,0.529154,0.186221,3.203200,0
1297,43.2766,NORMAL,0.186221,CJ_LOW,0.529154,0.186221,3.236567,0
1298,43.3099,NORMAL,0.186221,CJ_LOW,0.529154,0.186221,3.269933,0
1299,43.3433,NORMAL,0.186221,CJ_LOW,0.529154,0.186221,3.303300,0
1300,43.3767,NORMAL,0.186221,CJ_LOW,0.529154,0.186221,3.336667,0
1301,43.41,NORMAL,0.186221,CJ_LOW,0.529154,0.186221,3.370033,0
1302,43.4434,NORMAL,0.186221,CJ_LOW,0.529154,0.186221,3.403400,0
1303,43.4768,NORMAL,0.186221,CJ_LOW,0.529154,0.186221,3.436767,0
1304,43.5101,NORMAL,0.186221,CJ_LOW,0.529154,0.186221,3.470133,0
1305,43.5435,NORMAL,0.186221,CJ_LOW,0.526075,0.186221,3.503500,0
1306,43.5769,NORMAL,0.186221,CJ_LOW,0.526075,0.186221,3.536867,0
1307,43.6102,NORMAL,0.186221,CJ_LOW,0.526075,0.186221,3.570233,0
1308,43.6436,NORMAL,0.186221,CJ_LOW,0.526075,0.186221,3.603600,0
1309,43.677,NORMAL,0.186221,CJ_LOW,0.526075,0.186221,3.636967,0
1310,43.7103,NORMAL,0.186221,CJ_LOW,0.526075,0.186221,3.670333,0
1311,43.7437,NORMAL,0.186221,CJ_LOW,0.526075,0.186221,3.703700,0
1312,43.7771,NORMAL,0.186221,CJ_LOW,0.526075,0.186221,3.737067,0
1313,43.8104,NORMAL,0.186221,CJ_LOW,0.526075,0.186221,3.770433,0
1314,43.8438,NORMAL,0.186221,CJ_LOW,0.526075,0.186221,3.803800,0
1315,43.8772,NORMAL,0.186221,CJ_LOW,0.526075,0.186221,3.837167,0
1316,43.9105,NORMAL,0.186221,CJ_LOW,0.526075,0.186221,3.870533,0
1317,43.9439,NORMAL,0.186221,CJ_LOW,0.526075,0.186221,3.903900,0
1318,43.9773,NORMAL,0.186221,CJ_LOW,0.526075,0.186221,3.937267,0
1319,44.0106,NORMAL,0.186221,CJ_LOW,0.526075,0.186221,3.970633,0
1320,44.044,NORMAL,0.186221,CJ_LOW,0.517686,0.186221,4.004000,0
1321,44.0774,NORMAL,0.186221,CJ_LOW,0.517686,0.186221,4.037367,0
1322,44.1107,NORMAL,0.186221,CJ_LOW,0.517686,0.186221,4.070733,0
1323,44.1441,NORMAL,0.186221,CJ_LOW,0.517686,0.186221,4.104100,0
1324,44.1775,NORMAL,0.186221,CJ_LOW,0.517686,0.186221,4.137467,0
1325,44.2108,NORMAL,0.186221,CJ_LOW,0.517686,0.186221,4.170833,0
1326,44.2442,NORMAL,0.186221,CJ_LOW,0.517686,0.186221,4.204200,0
1327,44.2776,NORMAL,0.186221,CJ_LOW,0.517686,0.186221,4.237567,0
1328,44.3109,NORMAL,0.186221,CJ_LOW,0.517686,0.186221,4.270933,0
1329,44.3443,NORMAL,0.186221,CJ_LOW,0.517686,0.186221,4.304300,0
1330,44.3777,NORMAL,0.186221,CJ_LOW,0.517686,0.186221,4.337667,0
1331,44.411,NORMAL,0.186221,CJ_LOW,0.517686,0.186221,4.371033,0
1332,44.4444,NORMAL,0.186221,CJ_LOW,0.517686,0.186221,4.404400,0
1333,44.4778,NORMAL,0.186221,CJ_LOW,0.517686,0.186221,4.437767,0
1334,44.5111,NORMAL,0.186221,CJ_LOW,0.517686,0.186221,4.471133,0
1335,44.5445,NORMAL,0.186221,CJ_LOW,0.536173,0.186221,4.504500,0
1336,44.5779,NORMAL,0.186221,CJ_LOW,0.536173,0.186221,4.537867,0
1337,44.6112,NORMAL,0.186221,CJ_LOW,0.536173,0.186221,4.571233,0
1338,44.6446,NORMAL,0.186221,CJ_LOW,0.536173,0.186221,4.604600,0
1339,44.678,NORMAL,0.186221,CJ_LOW,0.536173,0.186221,4.637967,0
1340,44.7113,NORMAL,0.186221,CJ_LOW,0.536173,0.186221,4.671333,0
1341,44.7447,NORMAL,0.186221,CJ_LOW,0.536173,0.186221,4.704700,0
1342,44.7781,NORMAL,0.186221,CJ_LOW,0.536173,0.186221,4.738067,0
1343,44.8114,NORMAL,0.186221,CJ_LOW,0.536173,0.186221,4.771433,0
1344,44.8448,NORMAL,0.186221,CJ_LOW,0.536173,0.186221,4.804800,0
1345,44.8782,NORMAL,0.186221,CJ_LOW,0.536173,0.186221,4.838167,0
1346,44.9115,NORMAL,0.186221,CJ_LOW,0.536173,0.186221,4.871533,0
1347,44.9449,NORMAL,0.186221,CJ_LOW,0.536173,0.186221,4.904900,0
1348,44.9783,NORMAL,0.186221,CJ_LOW,0.536173,0.186221,4.938267,0
1349,45.0116,NORMAL,0.186221,CJ_LOW,0.536173,0.186221,4.971633,0
1350,45.045,NORMAL,0.186221,CJ_LOW,0.516314,0.186221,5.005000,0
1351,45.0784,NORMAL,0.427446,BLEND,0.516314,0.220089,0.033367,0
1352,45.1117,NORMAL,0.427446,BLEND,0.516314,0.220089,0.066733,0
1353,45.1451,NORMAL,0.427446,BLEND,0.516314,0.220089,0.100100,0
1354,45.1785,NORMAL,0.427446,BLEND,0.516314,0.220089,0.133467,0
1355,45.2118,NORMAL,0.427446,BLEND,0.516314,0.220089,0.166833,0
1356,45.2452,NORMAL,0.427446,BLEND,0.516314,0.220089,0.200200,0
1357,45.2786,NORMAL,0.427446,BLEND,0.516314,0.220089,0.233567,0
1358,45.3119,NORMAL,0.427446,BLEND,0.516314,0.220089,0.266933,0
1359,45.3453,NORMAL,0.427446,BLEND,0.516314,0.220089,0.300300,0
1360,45.3787,NORMAL,0.427446,BLEND,0.516314,0.220089,0.333667,0
1361,45.412,NORMAL,0.427446,BLEND,0.516314,0.220089,0.367033,0
1362,45.4454,NORMAL,0.427446,BLEND,0.516314,0.220089,0.400400,0
1363,45.4788,NORMAL,0.427446,BLEND,0.516314,0.220089,0.433767,0
1364,45.5121,NORMAL,0.427446,BLEND,0.516314,0.220089,0.467133,0
1365,45.5455,NORMAL,0.438653,BLEND,0.532324,0.220089,0.500500,0
1366,45.5789,NORMAL,0.438653,BLEND,0.532324,0.220089,0.533867,0
1367,45.6122,NORMAL,0.438653,BLEND,0.532324,0.220089,0.567233,0
1368,45.6456,NORMAL,0.438653,BLEND,0.532324,0.220089,0.600600,0
1369,45.679,NORMAL,0.438653,BLEND,0.532324,0.220089,0.633967,0
1370,45.7123,NORMAL,0.438653,BLEND,0.532324,0.220089,0.667333,0
1371,45.7457,NORMAL,0.438653,BLEND,0.532324,0.220089,0.700700,0
1372,45.7791,NORMAL,0.438653,BLEND,0.532324,0.220089,0.734067,0
1373,45.8124,NORMAL,0.438653,BLEND,0.532324,0.220089,0.767433,0
1374,45.8458,NORMAL,0.438653,BLEND,0.532324,0.220089,0.800800,0
1375,45.8792,NORMAL,0.438653,BLEND,0.532324,0.220089,0.834167,0
1376,45.9125,NORMAL,0.438653,BLEND,0.532324,0.220089,0.867533,0
1377,45.9459,NORMAL,0.438653,BLEND,0.532324,0.220089,0.900900,0
1378,45.9793,NORMAL,0.438653,BLEND,0.532324,0.220089,0.934267,0
1379,46.0126,NORMAL,0.438653,BLEND,0.532324,0.220089,0.967633,0
1380,46.046,NORMAL,0.427586,BLEND,0.516514,0.220089,1.001000,0
1381,46.0794,NORMAL,0.427586,BLEND,0.516514,0.220089,1.034367,0
1382,46.1127,NORMAL,0.427586,BLEND,0.516514,0.220089,1.067733,0
1383,46.1461,NORMAL,0.427586,BLEND,0.516514,0.220089,1.101100,0
1384,46.1795,NORMAL,0.427586,BLEND,0.516514,0.220089,1.134467,0
1385,46.2128,NORMAL,0.427586,BLEND,0.516514,0.220089,1.167833,0
1386,46.2462,NORMAL,0.427586,BLEND,0.516514,0.220089,1.201200,0
1387,46.2796,NORMAL,0.427586,BLEND,0.516514,0.220089,1.234567,0
1388,46.3129,NORMAL,0.427586,BLEND,0.516514,0.220089,1.267933,0
1389,46.3463,NORMAL,0.427586,BLEND,0.516514,0.220089,1.301300,0
1390,46.3797,NORMAL,0.427586,BLEND,0.516514,0.220089,1.334667,0
1391,46.413,NORMAL,0.427586,BLEND,0.516514,0.220089,1.368033,0
1392,46.4464,NORMAL,0.427586,BLEND,0.516514,0.220089,1.401400,0
1393,46.4798,NORMAL,0.427586,BLEND,0.516514,0.220089,1.434767,0
1394,46.5131,NORMAL,0.427586,BLEND,0.516514,0.220089,1.468133,0
1395,46.5465,NORMAL,0.437598,BLEND,0.530816,0.220089,1.501500,0
1396,46.5799,NORMAL,0.437598,BLEND,0.530816,0.220089,1.534867,0
1397,46.6132,NORMAL,0.437598,BLEND,0.530816,0.220089,1.568233,0
1398,46.6466,NORMAL,0.437598,BLEND,0.530816,0.220089,1.601600,0
1399,46.68,NORMAL,0.437598,BLEND,0.530816,0.220089,1.634967,0
1400,46.7133,NORMAL,0.437598,BLEND,0.530816,0.220089,1.668333,0
1401,46.7467,NORMAL,0.437598,BLEND,0.530816,0.220089,1.701700,0
1402,46.7801,NORMAL,0.437598,BLEND,0.530816,0.220089,1.735067,0
1403,46.8134,NORMAL,0.437598,BLEND,0.530816,0.220089,1.768433,0
1404,46.8468,NORMAL,0.437598,BLEND,0.530816,0.220089,1.801800,0
1405,46.8802,NORMAL,0.437598,BLEND,0.530816,0.220089,1.835167,0
1406,46.9135,NORMAL,0.437598,BLEND,0.530816,0.220089,1.868533,0
1407,46.9469,NORMAL,0.437598,BLEND,0.530816,0.220089,1.901900,0
1408,46.9803,NORMAL,0.437598,BLEND,0.530816,0.220089,1.935267,0
1409,47.0136,NORMAL,0.437598,BLEND,0.530816,0.220089,1.968633,0
1410,47.047,NORMAL,0.426042,BLEND,0.514308,0.220089,2.002000,0
1411,47.0804,NORMAL,0.426042,BLEND,0.514308,0.220089,2.035367,0
1412,47.1137,NORMAL,0.426042,BLEND,0.514308,0.220089,2.068733,0
1413,47.1471,NORMAL,0.426042,BLEND,0.514308,0.220089,2.102100,0
1414,47.1805,NORMAL,0.426042,BLEND,0.514308,0.220089,2.135467,0
1415,47.2138,NORMAL,0.426042,BLEND,0.514308,0.220089,2.168833,0
1416,47.2472,NORMAL,0.426042,BLEND,0.514308,0.220089,2.202200,0
1417,47.2806,NORMAL,0.426042,BLEND,0.514308,0.220089,2.235567,0
1418,47.3139,NORMAL,0.426042,BLEND,0.514308,0.220089,2.268933,0
1419,47.3473,NORMAL,0.426042,BLEND,0.514308,0.220089,2.302300,0
1420,47.3807,NORMAL,0.426042,BLEND,0.514308,0.220089,2.335667,0
1421,47.414,NORMAL,0.426042,BLEND,0.514308,0.220089,2.369033,0
1422,47.4474,NORMAL,0.426042,BLEND,0.514308,0.220089,2.402400,0
1423,47.4808,NORMAL,0.426042,BLEND,0.514308,0.220089,2.435767,0
1424,47.5141,NORMAL,0.426042,BLEND,0.514308,0.220089,2.469133,0
1425,47.5475,NORMAL,0.429481,BLEND,0.51922,0.220089,2.502500,0
1426,47.5809,NORMAL,0.429481,BLEND,0.51922,0.220089,2.535867,0
1427,47.6142,NORMAL,0.429481,BLEND,0.51922,0.220089,2.569233,0
1428,47.6476,NORMAL,0.429481,BLEND,0.51922,0.220089,2.602600,0
1429,47.681,NORMAL,0.429481,BLEND,0.51922,0.220089,2.635967,0
1430,47.7143,NORMAL,0.429481,BLEND,0.51922,0.220089,2.669333,0
1431,47.7477,NORMAL,0.429481,BLEND,0.51922,0.220089,2.702700,0
1432,47.7811,NORMAL,0.429481,BLEND,0.51922,0.220089,2.736067,0
1433,47.8144,NORMAL,0.429481,BLEND,0.51922,0.220089,2.769433,0
1434,47.8478,NORMAL,0.429481,BLEND,0.51922,0.220089,2.802800,0
1435,47.8812,NORMAL,0.429481,BLEND,0.51922,0.220089,2.836167,0
1436,47.9145,NORMAL,0.429481,BLEND,0.51922,0.220089,2.869533,0
1437,47.9479,NORMAL,0.429481,BLEND,0.51922,0.220089,2.902900,0
1438,47.9813,NORMAL,0.429481,BLEND,0.51922,0.220089,2.936267,0
1439,48.0146,NORMAL,0.429481,BLEND,0.51922,0.220089,2.969633,0
1440,48.048,NORMAL,0.424841,BLEND,0.512592,0.220089,3.003000,0
1441,48.0814,NORMAL,0.424841,BLEND,0.512592,0.220089,3.036367,0
1442,48.1147,NORMAL,0.424841,BLEND,0.512592,0.220089,3.069733,0
1443,48.1481,NORMAL,0.424841,BLEND,0.512592,0.220089,3.103100,0
1444,48.1815,NORMAL,0.424841,BLEND,0.512592,0.220089,3.136467,0
1445,48.2148,NORMAL,0.424841,BLEND,0.512592,0.220089,3.169833,0
1446,48.2482,NORMAL,0.424841,BLEND,0.512592,0.220089,3.203200,0
1447,48.2816,NORMAL,0.424841,BLEND,0.512592,0.220089,3.236567,0
1448,48.3149,NORMAL,0.424841,BLEND,0.512592,0.220089,3.269933,0
1449,48.3483,NORMAL,0.424841,BLEND,0.512592,0.220089,3.303300,0
1450,48.3817,NORMAL,0.424841,BLEND,0.512592,0.220089,3.336667,0
1451,48.415,NORMAL,0.424841,BLEND,0.512592,0.220089,3.370033,0
1452,48.4484,NORMAL,0.424841,BLEND,0.512592,0.220089,3.403400,0
1453,48.4818,NORMAL,0.424841,BLEND,0.512592,0.220089,3.436767,0
1454,48.5151,NORMAL,0.424841,BLEND,0.512592,0.220089,3.470133,0
1455,48.5485,NORMAL,0.433213,BLEND,0.524552,0.220089,3.503500,0
1456,48.5819,NORMAL,0.433213,BLEND,0.524552,0.220089,3.536867,0
1457,48.6152,NORMAL,0.433213,BLEND,0.524552,0.220089,3.570233,0
1458,48.6486,NORMAL,0.433213,BLEND,0.524552,0.220089,3.603600,0
1459,48.682,NORMAL,0.433213,BLEND,0.524552,0.220089,3.636967,0
1460,48.7153,NORMAL,0.433213,BLEND,0.524552,0.220089,3.670333,0
1461,48.7487,NORMAL,0.433213,BLEND,0.524552,0.220089,3.703700,0
1462,48.7821,NORMAL,0.433213,BLEND,0.524552,0.220089,3.737067,0
1463,48.8154,NORMAL,0.433213,BLEND,0.524552,0.220089,3.770433,0
1464,48.8488,NORMAL,0.433213,BLEND,0.524552,0.220089,3.803800,0
1465,48.8822,NORMAL,0.433213,BLEND,0.524552,0.220089,3.837167,0
1466,48.9155,NORMAL,0.433213,BLEND,0.524552,0.220089,3.870533,0
1467,48.9489,NORMAL,0.433213,BLEND,0.524552,0.220089,3.903900,0
1468,48.9823,NORMAL,0.433213,BLEND,0.524552,0.220089,3.937267,0
1469,49.0156,NORMAL,0.433213,BLEND,0.524552,0.220089,3.970633,0
1470,49.049,NORMAL,0.426273,BLEND,0.514637,0.220089,4.004000,0
1471,49.0824,NORMAL,0.426273,BLEND,0.514637,0.220089,4.037367,0
1472,49.1157,NORMAL,0.426273,BLEND,0.514637,0.220089,4.070733,0
1473,49.1491,NORMAL,0.426273,BLEND,0.514637,0.220089,4.104100,0
1474,49.1825,NORMAL,0.426273,BLEND,0.514637,0.220089,4.137467,0
1475,49.2158,NORMAL,0.426273,BLEND,0.514637,0.220089,4.170833,0
1476,49.2492,NORMAL,0.426273,BLEND,0.514637,0.220089,4.204200,0
1477,49.2826,NORMAL,0.426273,BLEND,0.514637,0.220089,4.237567,0
1478,49.3159,NORMAL,0.426273,BLEND,0.514637,0.220089,4.270933,0
1479,49.3493,NORMAL,0.426273,BLEND,0.514637,0.220089,4.304300,0
1480,49.3827,NORMAL,0.426273,BLEND,0.514637,0.220089,4.337667,0
1481,49.416,NORMAL,0.426273,BLEND,0.514637,0.220089,4.371033,0
1482,49.4494,NORMAL,0.426273,BLEND,0.514637,0.220089,4.404400,0
1483,49.4828,NORMAL,0.426273,BLEND,0.514637,0.220089,4.437767,0
1484,49.5161,NORMAL,0.426273,BLEND,0.514637,0.220089,4.471133,0
1485,49.5495,NORMAL,0.431116,BLEND,0.521556,0.220089,4.504500,0
1486,49.5829,NORMAL,0.431116,BLEND,0.521556,0.220089,4.537867,0
1487,49.6162,NORMAL,0.431116,BLEND,0.521556,0.220089,4.571233,0
1488,49.6496,NORMAL,0.431116,BLEND,0.521556,0.220089,4.604600,0
1489,49.683,NORMAL,0.431116,BLEND,0.521556,0.220089,4.637967,0
1490,49.7163,NORMAL,0.431116,BLEND,0.521556,0.220089,4.671333,0
1491,49.7497,NORMAL,0.431116,BLEND,0.521556,0.220089,4.704700,0
1492,49.7831,NORMAL,0.431116,BLEND,0.521556,0.220089,4.738067,0
1493,49.8164,NORMAL,0.431116,BLEND,0.521556,0.220089,4.771433,0
1494,49.8498,NORMAL,0.431116,BLEND,0.521556,0.220089,4.804800,0
1495,49.8832,NORMAL,0.431116,BLEND,0.521556,0.220089,4.838167,0
1496,49.9165,NORMAL,0.431116,BLEND,0.521556,0.220089,4.871533,0
1497,49.9499,NORMAL,0.431116,BLEND,0.521556,0.220089,4.904900,0
1498,49.9833,NORMAL,0.431116,BLEND,0.521556,0.220089,4.938267,0
1499,50.0166,NORMAL,0.431116,BLEND,0.521556,0.220089,4.971633,0
1500,50.05,NORMAL,0.426981,BLEND,0.515649,0.220089,5.005000,0
1501,50.0834,NORMAL,0.426981,BLEND,0.515649,0.220089,5.038367,0
1502,50.1167,NORMAL,0.426981,BLEND,0.515649,0.220089,5.071733,0
1503,50.1501,NORMAL,0.426981,BLEND,0.515649,0.220089,5.105100,0
1504,50.1835,NORMAL,0.426981,BLEND,0.515649,0.220089,5.138467,0
1505,50.2168,SEIZURE,0.596064,CJ,0.515649,0.596064,0.166833,1
1506,50.2502,SEIZURE,0.596064,CJ,0.515649,0.596064,0.200200,1
1507,50.2836,SEIZURE,0.596064,CJ,0.515649,0.596064,0.233567,1
1508,50.3169,SEIZURE,0.596064,CJ,0.515649,0.596064,0.266933,1
1509,50.3503,SEIZURE,0.596064,CJ,0.515649,0.596064,0.300300,1
1510,50.3837,SEIZURE,0.596064,CJ,0.515649,0.596064,0.333667,1
1511,50.417,SEIZURE,0.596064,CJ,0.515649,0.596064,0.367033,1
1512,50.4504,SEIZURE,0.596064,CJ,0.515649,0.596064,0.400400,1
1513,50.4838,SEIZURE,0.596064,CJ,0.515649,0.596064,0.433767,1
1514,50.5171,SEIZURE,0.596064,CJ,0.515649,0.596064,0.467133,1
1515,50.5505,SEIZURE,0.596064,CJ,0.523394,0.596064,0.500500,1
1516,50.5839,SEIZURE,0.596064,CJ,0.523394,0.596064,0.533867,1
1517,50.6172,SEIZURE,0.596064,CJ,0.523394,0.596064,0.567233,1
1518,50.6506,SEIZURE,0.596064,CJ,0.523394,0.596064,0.600600,1
1519,50.684,SEIZURE,0.596064,CJ,0.523394,0.596064,0.633967,1
1520,50.7173,SEIZURE,0.596064,CJ,0.523394,0.596064,0.667333,1
1521,50.7507,SEIZURE,0.596064,CJ,0.523394,0.596064,0.700700,1
1522,50.7841,SEIZURE,0.596064,CJ,0.523394,0.596064,0.734067,1
1523,50.8174,SEIZURE,0.596064,CJ,0.523394,0.596064,0.767433,1
1524,50.8508,SEIZURE,0.596064,CJ,0.523394,0.596064,0.800800,1
1525,50.8842,SEIZURE,0.596064,CJ,0.523394,0.596064,0.834167,1
1526,50.9175,SEIZURE,0.596064,CJ,0.523394,0.596064,0.867533,1
1527,50.9509,SEIZURE,0.596064,CJ,0.523394,0.596064,0.900900,1
1528,50.9843,SEIZURE,0.596064,CJ,0.523394,0.596064,0.934267,1
1529,51.0176,SEIZURE,0.596064,CJ,0.523394,0.596064,0.967633,1
1530,51.051,SEIZURE,0.596064,CJ,0.526404,0.596064,1.001000,1
1531,51.0844,SEIZURE,0.596064,CJ,0.526404,0.596064,1.034367,1
1532,51.1177,SEIZURE,0.596064,CJ,0.526404,0.596064,1.067733,1
1533,51.1511,SEIZURE,0.596064,CJ,0.526404,0.596064,1.101100,1
1534,51.1845,SEIZURE,0.596064,CJ,0.526404,0.596064,1.134467,1
1535,51.2178,SEIZURE,0.596064,CJ,0.526404,0.596064,1.167833,1
1536,51.2512,SEIZURE,0.596064,CJ,0.526404,0.596064,1.201200,1
1537,51.2846,SEIZURE,0.596064,CJ,0.526404,0.596064,1.234567,1
1538,51.3179,SEIZURE,0.596064,CJ,0.526404,0.596064,1.267933,1
1539,51.3513,SEIZURE,0.596064,CJ,0.526404,0.596064,1.301300,1
1540,51.3847,SEIZURE,0.596064,CJ,0.526404,0.596064,1.334667,1
1541,51.418,SEIZURE,0.596064,CJ,0.526404,0.596064,1.368033,1
1542,51.4514,SEIZURE,0.596064,CJ,0.526404,0.596064,1.401400,1
1543,51.4848,SEIZURE,0.596064,CJ,0.526404,0.596064,1.434767,1
1544,51.5181,SEIZURE,0.596064,CJ,0.526404,0.596064,1.468133,1
1545,51.5515,SEIZURE,0.596064,CJ,0.547547,0.596064,1.501500,1
1546,51.5849,SEIZURE,0.596064,CJ,0.547547,0.596064,1.534867,1
1547,51.6182,SEIZURE,0.596064,CJ,0.547547,0.596064,1.568233,1
1548,51.6516,SEIZURE,0.596064,CJ,0.547547,0.596064,1.601600,1
1549,51.685,SEIZURE,0.596064,CJ,0.547547,0.596064,1.634967,1
1550,51.7183,SEIZURE,0.596064,CJ,0.547547,0.596064,1.668333,1
1551,51.7517,SEIZURE,0.596064,CJ,0.547547,0.596064,1.701700,1
1552,51.7851,SEIZURE,0.596064,CJ,0.547547,0.596064,1.735067,1
1553,51.8184,SEIZURE,0.596064,CJ,0.547547,0.596064,1.768433,1
1554,51.8518,SEIZURE,0.596064,CJ,0.547547,0.596064,1.801800,1
1555,51.8852,SEIZURE,0.596064,CJ,0.547547,0.596064,1.835167,1
1556,51.9185,SEIZURE,0.596064,CJ,0.547547,0.596064,1.868533,1
1557,51.9519,SEIZURE,0.596064,CJ,0.547547,0.596064,1.901900,1
1558,51.9853,SEIZURE,0.596064,CJ,0.547547,0.596064,1.935267,1
1559,52.0186,SEIZURE,0.596064,CJ,0.547547,0.596064,1.968633,1
1560,52.052,SEIZURE,0.596064,CJ,0.550311,0.596064,2.002000,1
1561,52.0854,SEIZURE,0.596064,CJ,0.550311,0.596064,2.035367,1
1562,52.1187,SEIZURE,0.596064,CJ,0.550311,0.596064,2.068733,1
1563,52.1521,SEIZURE,0.596064,CJ,0.550311,0.596064,2.102100,1
1564,52.1855,SEIZURE,0.596064,CJ,0.550311,0.596064,2.135467,1
1565,52.2188,SEIZURE,0.596064,CJ,0.550311,0.596064,2.168833,1
1566,52.2522,SEIZURE,0.596064,CJ,0.550311,0.596064,2.202200,1
1567,52.2856,SEIZURE,0.596064,CJ,0.550311,0.596064,2.235567,1
1568,52.3189,SEIZURE,0.596064,CJ,0.550311,0.596064,2.268933,1
1569,52.3523,SEIZURE,0.596064,CJ,0.550311,0.596064,2.302300,1
1570,52.3857,SEIZURE,0.596064,CJ,0.550311,0.596064,2.335667,1
1571,52.419,SEIZURE,0.596064,CJ,0.550311,0.596064,2.369033,1
1572,52.4524,SEIZURE,0.596064,CJ,0.550311,0.596064,2.402400,1
1573,52.4858,SEIZURE,0.596064,CJ,0.550311,0.596064,2.435767,1
1574,52.5191,SEIZURE,0.596064,CJ,0.550311,0.596064,2.469133,1
1575,52.5525,SEIZURE,0.596064,CJ,0.632453,0.596064,2.502500,1
1576,52.5859,SEIZURE,0.596064,CJ,0.632453,0.596064,2.535867,1
1577,52.6192,SEIZURE,0.596064,CJ,0.632453,0.596064,2.569233,1
1578,52.6526,SEIZURE,0.596064,CJ,0.632453,0.596064,2.602600,1
1579,52.686,SEIZURE,0.596064,CJ,0.632453,0.596064,2.635967,1
1580,52.7193,SEIZURE,0.596064,CJ,0.632453,0.596064,2.669333,1
1581,52.7527,SEIZURE,0.596064,CJ,0.632453,0.596064,2.702700,1
1582,52.7861,SEIZURE,0.596064,CJ,0.632453,0.596064,2.736067,1
1583,52.8194,SEIZURE,0.596064,CJ,0.632453,0.596064,2.769433,1
1584,52.8528,SEIZURE,0.596064,CJ,0.632453,0.596064,2.802800,1
1585,52.8862,SEIZURE,0.596064,CJ,0.632453,0.596064,2.836167,1
1586,52.9195,SEIZURE,0.596064,CJ,0.632453,0.596064,2.869533,1
1587,52.9529,SEIZURE,0.596064,CJ,0.632453,0.596064,2.902900,1
1588,52.9863,SEIZURE,0.596064,CJ,0.632453,0.596064,2.936267,1
1589,53.0196,SEIZURE,0.596064,CJ,0.632453,0.596064,2.969633,1
1590,53.053,SEIZURE,0.596064,CJ,0.583801,0.596064,3.003000,1
1591,53.0864,SEIZURE,0.596064,CJ,0.583801,0.596064,3.036367,1
1592,53.1197,SEIZURE,0.596064,CJ,0.583801,0.596064,3.069733,1
1593,53.1531,SEIZURE,0.596064,CJ,0.583801,0.596064,3.103100,1
1594,53.1865,SEIZURE,0.596064,CJ,0.583801,0.596064,3.136467,1
1595,53.2198,SEIZURE,0.596064,CJ,0.583801,0.596064,3.169833,1
1596,53.2532,SEIZURE,0.596064,CJ,0.583801,0.596064,3.203200,1
1597,53.2866,SEIZURE,0.596064,CJ,0.583801,0.596064,3.236567,1
1598,53.3199,SEIZURE,0.596064,CJ,0.583801,0.596064,3.269933,1
1599,53.3533,SEIZURE,0.596064,CJ,0.583801,0.596064,3.303300,1
1600,53.3867,SEIZURE,0.596064,CJ,0.583801,0.596064,3.336667,1
1601,53.42,SEIZURE,0.596064,CJ,0.583801,0.596064,3.370033,1
1602,53.4534,SEIZURE,0.596064,CJ,0.583801,0.596064,3.403400,1
1603,53.4868,SEIZURE,0.596064,CJ,0.583801,0.596064,3.436767,1
1604,53.5201,SEIZURE,0.596064,CJ,0.583801,0.596064,3.470133,1
1605,53.5535,SEIZURE,0.596064,CJ,0.594114,0.596064,3.503500,1
1606,53.5869,SEIZURE,0.596064,CJ,0.594114,0.596064,3.536867,1
1607,53.6202,SEIZURE,0.596064,CJ,0.594114,0.596064,3.570233,1
1608,53.6536,SEIZURE,0.596064,CJ,0.594114,0.596064,3.603600,1
1609,53.687,SEIZURE,0.596064,CJ,0.594114,0.596064,3.636967,1
1610,53.7203,SEIZURE,0.596064,CJ,0.594114,0.596064,3.670333,1
1611,53.7537,SEIZURE,0.596064,CJ,0.594114,0.596064,3.703700,1
1612,53.7871,SEIZURE,0.596064,CJ,0.594114,0.596064,3.737067,1
1613,53.8204,SEIZURE,0.596064,CJ,0.594114,0.596064,3.770433,1
1614,53.8538,SEIZURE,0.596064,CJ,0.594114,0.596064,3.803800,1
1615,53.8872,SEIZURE,0.596064,CJ,0.594114,0.596064,3.837167,1
1616,53.9205,SEIZURE,0.596064,CJ,0.594114,0.596064,3.870533,1
1617,53.9539,SEIZURE,0.596064,CJ,0.594114,0.596064,3.903900,1
1618,53.9873,SEIZURE,0.596064,CJ,0.594114,0.596064,3.937267,1
1619,54.0206,SEIZURE,0.596064,CJ,0.594114,0.596064,3.970633,1
1620,54.054,SEIZURE,0.596064,CJ,0.672225,0.596064,4.004000,1
1621,54.0874,SEIZURE,0.596064,CJ,0.672225,0.596064,4.037367,1
1622,54.1207,SEIZURE,0.596064,CJ,0.672225,0.596064,4.070733,1
1623,54.1541,SEIZURE,0.596064,CJ,0.672225,0.596064,4.104100,1
1624,54.1875,SEIZURE,0.596064,CJ,0.672225,0.596064,4.137467,1
1625,54.2208,SEIZURE,0.596064,CJ,0.672225,0.596064,4.170833,1
1626,54.2542,SEIZURE,0.596064,CJ,0.672225,0.596064,4.204200,1
1627,54.2876,SEIZURE,0.596064,CJ,0.672225,0.596064,4.237567,1
1628,54.3209,SEIZURE,0.596064,CJ,0.672225,0.596064,4.270933,1
1629,54.3543,SEIZURE,0.596064,CJ,0.672225,0.596064,4.304300,1
1630,54.3877,SEIZURE,0.596064,CJ,0.672225,0.596064,4.337667,1
1631,54.421,SEIZURE,0.596064,CJ,0.672225,0.596064,4.371033,1
1632,54.4544,SEIZURE,0.596064,CJ,0.672225,0.596064,4.404400,1
1633,54.4878,SEIZURE,0.596064,CJ,0.672225,0.596064,4.437767,1
1634,54.5211,SEIZURE,0.596064,CJ,0.672225,0.596064,4.471133,1
1635,54.5545,SEIZURE,0.596064,CJ,0.718637,0.596064,4.504500,1
1636,54.5879,SEIZURE,0.596064,CJ,0.718637,0.596064,4.537867,1
1637,54.6212,SEIZURE,0.596064,CJ,0.718637,0.596064,4.571233,1
1638,54.6546,SEIZURE,0.596064,CJ,0.718637,0.596064,4.604600,1
1639,54.688,SEIZURE,0.596064,CJ,0.718637,0.596064,4.637967,1
1640,54.7213,SEIZURE,0.596064,CJ,0.718637,0.596064,4.671333,1
1641,54.7547,SEIZURE,0.596064,CJ,0.718637,0.596064,4.704700,1
1642,54.7881,SEIZURE,0.596064,CJ,0.718637,0.596064,4.738067,1
1643,54.8214,SEIZURE,0.596064,CJ,0.718637,0.596064,4.771433,1
1644,54.8548,SEIZURE,0.596064,CJ,0.718637,0.596064,4.804800,1
1645,54.8882,SEIZURE,0.596064,CJ,0.718637,0.596064,4.838167,1
1646,54.9215,SEIZURE,0.596064,CJ,0.718637,0.596064,4.871533,1
1647,54.9549,SEIZURE,0.596064,CJ,0.718637,0.596064,4.904900,1
1648,54.9883,SEIZURE,0.596064,CJ,0.718637,0.596064,4.938267,1
1649,55.0216,SEIZURE,0.596064,CJ,0.718637,0.596064,4.971633,1
1650,55.055,SEIZURE,0.596064,CJ,0.72212,0.596064,5.005000,1
1651,55.0884,SEIZURE,0.596064,CJ,0.72212,0.596064,5.038367,1
1652,55.1217,SEIZURE,0.596064,CJ,0.72212,0.596064,5.071733,1
1653,55.1551,SEIZURE,0.596064,CJ,0.72212,0.596064,5.105100,1
1654,55.1885,SEIZURE,0.596064,CJ,0.72212,0.596064,5.138467,1
1655,55.2218,SEIZURE,0.596064,CJ,0.72212,0.596064,5.171833,1
1656,55.2552,SEIZURE,0.596064,CJ,0.72212,0.596064,5.205200,1
1657,55.2886,SEIZURE,0.596064,CJ,0.72212,0.596064,5.238567,1
1658,55.3219,SEIZURE,0.596064,CJ,0.72212,0.596064,5.271933,1
1659,55.3553,SEIZURE,0.596064,CJ,0.72212,0.596064,5.305300,1
1660,55.3887,SEIZURE,0.596064,CJ,0.72212,0.596064,5.338667,1
1661,55.422,SEIZURE,0.639553,CJ,0.72212,0.639553,0.367033,1
1662,55.4554,SEIZURE,0.639553,CJ,0.72212,0.639553,0.400400,1
1663,55.4888,SEIZURE,0.639553,CJ,0.72212,0.639553,0.433767,1
1664,55.5221,SEIZURE,0.639553,CJ,0.72212,0.639553,0.467133,1
1665,55.5555,SEIZURE,0.639553,CJ,0.722088,0.639553,0.500500,1
1666,55.5889,SEIZURE,0.639553,CJ,0.722088,0.639553,0.533867,1
1667,55.6222,SEIZURE,0.639553,CJ,0.722088,0.639553,0.567233,1
1668,55.6556,SEIZURE,0.639553,CJ,0.722088,0.639553,0.600600,1
1669,55.689,SEIZURE,0.639553,CJ,0.722088,0.639553,0.633967,1
1670,55.7223,SEIZURE,0.639553,CJ,0.722088,0.639553,0.667333,1
1671,55.7557,SEIZURE,0.639553,CJ,0.722088,0.639553,0.700700,1
1672,55.7891,SEIZURE,0.639553,CJ,0.722088,0.639553,0.734067,1
1673,55.8224,SEIZURE,0.639553,CJ,0.722088,0.639553,0.767433,1
1674,55.8558,SEIZURE,0.639553,CJ,0.722088,0.639553,0.800800,1
1675,55.8892,SEIZURE,0.639553,CJ,0.722088,0.639553,0.834167,1
1676,55.9225,SEIZURE,0.639553,CJ,0.722088,0.639553,0.867533,1
1677,55.9559,SEIZURE,0.639553,CJ,0.722088,0.639553,0.900900,1
1678,55.9893,SEIZURE,0.639553,CJ,0.722088,0.639553,0.934267,1
1679,56.0226,SEIZURE,0.639553,CJ,0.722088,0.639553,0.967633,1
1680,56.056,SEIZURE,0.639553,CJ,0.712746,0.639553,1.001000,1
1681,56.0894,SEIZURE,0.639553,CJ,0.712746,0.639553,1.034367,1
1682,56.1227,SEIZURE,0.639553,CJ,0.712746,0.639553,1.067733,1
1683,56.1561,SEIZURE,0.639553,CJ,0.712746,0.639553,1.101100,1
1684,56.1895,SEIZURE,0.639553,CJ,0.712746,0.639553,1.134467,1
1685,56.2228,SEIZURE,0.639553,CJ,0.712746,0.639553,1.167833,1
1686,56.2562,SEIZURE,0.639553,CJ,0.712746,0.639553,1.201200,1
1687,56.2896,SEIZURE,0.639553,CJ,0.712746,0.639553,1.234567,1
1688,56.3229,SEIZURE,0.639553,CJ,0.712746,0.639553,1.267933,1
1689,56.3563,SEIZURE,0.639553,CJ,0.712746,0.639553,1.301300,1
1690,56.3897,SEIZURE,0.639553,CJ,0.712746,0.639553,1.334667,1
1691,56.423,SEIZURE,0.639553,CJ,0.712746,0.639553,1.368033,1
1692,56.4564,SEIZURE,0.639553,CJ,0.712746,0.639553,1.401400,1
1693,56.4898,SEIZURE,0.639553,CJ,0.712746,0.639553,1.434767,1
1694,56.5231,SEIZURE,0.639553,CJ,0.712746,0.639553,1.468133,1
1695,56.5565,SEIZURE,0.639553,CJ,0.722037,0.639553,1.501500,1
1696,56.5899,SEIZURE,0.639553,CJ,0.722037,0.639553,1.534867,1
1697,56.6232,SEIZURE,0.639553,CJ,0.722037,0.639553,1.568233,1
1698,56.6566,SEIZURE,0.639553,CJ,0.722037,0.639553,1.601600,1
1699,56.69,SEIZURE,0.639553,CJ,0.722037,0.639553,1.634967,1
1700,56.7233,SEIZURE,0.639553,CJ,0.722037,0.639553,1.668333,1
1701,56.7567,SEIZURE,0.639553,CJ,0.722037,0.639553,1.701700,1
1702,56.7901,SEIZURE,0.639553,CJ,0.722037,0.639553,1.735067,1
1703,56.8234,SEIZURE,0.639553,CJ,0.722037,0.639553,1.768433,1
1704,56.8568,SEIZURE,0.639553,CJ,0.722037,0.639553,1.801800,1
1705,56.8902,SEIZURE,0.639553,CJ,0.722037,0.639553,1.835167,1
1706,56.9235,SEIZURE,0.639553,CJ,0.722037,0.639553,1.868533,1
1707,56.9569,SEIZURE,0.639553,CJ,0.722037,0.639553,1.901900,1
1708,56.9903,SEIZURE,0.639553,CJ,0.722037,0.639553,1.935267,1
1709,57.0236,SEIZURE,0.639553,CJ,0.722037,0.639553,1.968633,1
1710,57.057,SEIZURE,0.639553,CJ,0.693279,0.639553,2.002000,1
1711,57.0904,SEIZURE,0.639553,CJ,0.693279,0.639553,2.035367,1
1712,57.1237,SEIZURE,0.639553,CJ,0.693279,0.639553,2.068733,1
1713,57.1571,SEIZURE,0.639553,CJ,0.693279,0.639553,2.102100,1
1714,57.1905,SEIZURE,0.639553,CJ,0.693279,0.639553,2.135467,1
1715,57.2238,SEIZURE,0.639553,CJ,0.693279,0.639553,2.168833,1
1716,57.2572,SEIZURE,0.639553,CJ,0.693279,0.639553,2.202200,1
1717,57.2906,SEIZURE,0.639553,CJ,0.693279,0.639553,2.235567,1
1718,57.3239,SEIZURE,0.639553,CJ,0.693279,0.639553,2.268933,1
1719,57.3573,SEIZURE,0.639553,CJ,0.693279,0.639553,2.302300,1
1720,57.3907,SEIZURE,0.639553,CJ,0.693279,0.639553,2.335667,1
1721,57.424,SEIZURE,0.639553,CJ,0.693279,0.639553,2.369033,1
1722,57.4574,SEIZURE,0.639553,CJ,0.693279,0.639553,2.402400,1
1723,57.4908,SEIZURE,0.639553,CJ,0.693279,0.639553,2.435767,1
1724,57.5241,SEIZURE,0.639553,CJ,0.693279,0.639553,2.469133,1
1725,57.5575,SEIZURE,0.639553,CJ,0.675346,0.639553,2.502500,1
1726,57.5909,SEIZURE,0.639553,CJ,0.675346,0.639553,2.535867,1
1727,57.6242,SEIZURE,0.639553,CJ,0.675346,0.639553,2.569233,1
1728,57.6576,SEIZURE,0.639553,CJ,0.675346,0.639553,2.602600,1
1729,57.691,SEIZURE,0.639553,CJ,0.675346,0.639553,2.635967,1
1730,57.7243,SEIZURE,0.639553,CJ,0.675346,0.639553,2.669333,1
1731,57.7577,SEIZURE,0.639553,CJ,0.675346,0.639553,2.702700,1
1732,57.7911,SEIZURE,0.639553,CJ,0.675346,0.639553,2.736067,1
1733,57.8244,SEIZURE,0.639553,CJ,0.675346,0.639553,2.769433,1
1734,57.8578,SEIZURE,0.639553,CJ,0.675346,0.639553,2.802800,1
1735,57.8912,SEIZURE,0.639553,CJ,0.675346,0.639553,2.836167,1
1736,57.9245,SEIZURE,0.639553,CJ,0.675346,0.639553,2.869533,1
1737,57.9579,SEIZURE,0.639553,CJ,0.675346,0.639553,2.902900,1
1738,57.9913,SEIZURE,0.639553,CJ,0.675346,0.639553,2.936267,1
1739,58.0246,SEIZURE,0.639553,CJ,0.675346,0.639553,2.969633,1
1740,58.058,SEIZURE,0.639553,CJ,0.672508,0.639553,3.003000,1
1741,58.0914,SEIZURE,0.639553,CJ,0.672508,0.639553,3.036367,1
1742,58.1247,SEIZURE,0.639553,CJ,0.672508,0.639553,3.069733,1
1743,58.1581,SEIZURE,0.639553,CJ,0.672508,0.639553,3.103100,1
1744,58.1915,SEIZURE,0.639553,CJ,0.672508,0.639553,3.136467,1
1745,58.2248,SEIZURE,0.639553,CJ,0.672508,0.639553,3.169833,1
1746,58.2582,SEIZURE,0.639553,CJ,0.672508,0.639553,3.203200,1
1747,58.2916,SEIZURE,0.639553,CJ,0.672508,0.639553,3.236567,1
1748,58.3249,SEIZURE,0.639553,CJ,0.672508,0.639553,3.269933,1
1749,58.3583,SEIZURE,0.639553,CJ,0.672508,0.639553,3.303300,1
1750,58.3917,SEIZURE,0.639553,CJ,0.672508,0.639553,3.336667,1
1751,58.425,SEIZURE,0.639553,CJ,0.672508,0.639553,3.370033,1
1752,58.4584,SEIZURE,0.639553,CJ,0.672508,0.639553,3.403400,1
1753,58.4918,SEIZURE,0.639553,CJ,0.672508,0.639553,3.436767,1
1754,58.5251,SEIZURE,0.639553,CJ,0.672508,0.639553,3.470133,1
1755,58.5585,SEIZURE,0.639553,CJ,0.589748,0.639553,3.503500,1
1756,58.5919,SEIZURE,0.639553,CJ,0.589748,0.639553,3.536867,1
1757,58.6252,SEIZURE,0.639553,CJ,0.589748,0.639553,3.570233,1
1758,58.6586,SEIZURE,0.639553,CJ,0.589748,0.639553,3.603600,1
1759,58.692,SEIZURE,0.639553,CJ,0.589748,0.639553,3.636967,1
1760,58.7253,SEIZURE,0.639553,CJ,0.589748,0.639553,3.670333,1
1761,58.7587,SEIZURE,0.639553,CJ,0.589748,0.639553,3.703700,1
1762,58.7921,SEIZURE,0.639553,CJ,0.589748,0.639553,3.737067,1
1763,58.8254,SEIZURE,0.639553,CJ,0.589748,0.639553,3.770433,1
1764,58.8588,SEIZURE,0.639553,CJ,0.589748,0.639553,3.803800,1
1765,58.8922,SEIZURE,0.639553,CJ,0.589748,0.639553,3.837167,1
1766,58.9255,SEIZURE,0.639553,CJ,0.589748,0.639553,3.870533,1
1767,58.9589,SEIZURE,0.639553,CJ,0.589748,0.639553,3.903900,1
1768,58.9923,SEIZURE,0.639553,CJ,0.589748,0.639553,3.937267,1
1769,59.0256,SEIZURE,0.639553,CJ,0.589748,0.639553,3.970633,1
1770,59.059,SEIZURE,0.639553,CJ,0.683956,0.639553,4.004000,1
1771,59.0924,SEIZURE,0.639553,CJ,0.683956,0.639553,4.037367,1
1772,59.1257,SEIZURE,0.639553,CJ,0.683956,0.639553,4.070733,1
1773,59.1591,SEIZURE,0.639553,CJ,0.683956,0.639553,4.104100,1
1774,59.1925,SEIZURE,0.639553,CJ,0.683956,0.639553,4.137467,1
1775,59.2258,SEIZURE,0.639553,CJ,0.683956,0.639553,4.170833,1
1776,59.2592,SEIZURE,0.639553,CJ,0.683956,0.639553,4.204200,1
1777,59.2926,SEIZURE,0.639553,CJ,0.683956,0.639553,4.237567,1
1778,59.3259,SEIZURE,0.639553,CJ,0.683956,0.639553,4.270933,1
1779,59.3593,SEIZURE,0.639553,CJ,0.683956,0.639553,4.304300,1
1780,59.3927,SEIZURE,0.639553,CJ,0.683956,0.639553,4.337667,1
1781,59.426,SEIZURE,0.639553,CJ,0.683956,0.639553,4.371033,1
1782,59.4594,SEIZURE,0.639553,CJ,0.683956,0.639553,4.404400,1
1783,59.4928,SEIZURE,0.639553,CJ,0.683956,0.639553,4.437767,1
1784,59.5261,SEIZURE,0.639553,CJ,0.683956,0.639553,4.471133,1
1785,59.5595,SEIZURE,0.639553,CJ,0.693454,0.639553,4.504500,1
1786,59.5929,SEIZURE,0.639553,CJ,0.693454,0.639553,4.537867,1
1787,59.6262,SEIZURE,0.639553,CJ,0.693454,0.639553,4.571233,1
1788,59.6596,SEIZURE,0.639553,CJ,0.693454,0.639553,4.604600,1
1789,59.693,SEIZURE,0.639553,CJ,0.693454,0.639553,4.637967,1
1790,59.7263,SEIZURE,0.639553,CJ,0.693454,0.639553,4.671333,1
1791,59.7597,SEIZURE,0.639553,CJ,0.693454,0.639553,4.704700,1
1792,59.7931,SEIZURE,0.639553,CJ,0.693454,0.639553,4.738067,1
1793,59.8264,SEIZURE,0.639553,CJ,0.693454,0.639553,4.771433,1
1794,59.8598,SEIZURE,0.639553,CJ,0.693454,0.639553,4.804800,1
1795,59.8932,SEIZURE,0.639553,CJ,0.693454,0.639553,4.838167,1
1796,59.9265,SEIZURE,0.639553,CJ,0.693454,0.639553,4.871533,1
1797,59.9599,SEIZURE,0.639553,CJ,0.693454,0.639553,4.904900,1
1798,59.9933,SEIZURE,0.639553,CJ,0.693454,0.639553,4.938267,1
1799,60.0266,SEIZURE,0.639553,CJ,0.693454,0.639553,4.971633,1
1800,60.06,SEIZURE,0.639553,CJ,0.689855,0.639553,5.005000,1
1801,60.0934,SEIZURE,0.639553,CJ,0.689855,0.639553,5.038367,1
1802,60.1267,SEIZURE,0.639553,CJ,0.689855,0.639553,5.071733,1
1803,60.1601,SEIZURE,0.639553,CJ,0.689855,0.639553,5.105100,1
1804,60.1935,SEIZURE,0.639553,CJ,0.689855,0.639553,5.138467,1
1805,60.2268,SEIZURE,0.639553,CJ,0.689855,0.639553,5.171833,1
1806,60.2602,SEIZURE,0.639553,CJ,0.689855,0.639553,5.205200,1
1807,60.2936,SEIZURE,0.639553,CJ,0.689855,0.639553,5.238567,1
1808,60.3269,SEIZURE,0.639553,CJ,0.689855,0.639553,5.271933,1
1809,60.3603,SEIZURE,0.639553,CJ,0.689855,0.639553,5.305300,1
1810,60.3937,SEIZURE,0.639553,CJ,0.689855,0.639553,5.338667,1
1811,60.427,SEIZURE,0.639553,CJ,0.689855,0.639553,5.372033,1
1812,60.4604,SEIZURE,0.639553,CJ,0.689855,0.639553,5.405400,1
1813,60.4938,SEIZURE,0.639553,CJ,0.689855,0.639553,5.438767,1
1814,60.5271,SEIZURE,0.639553,CJ,0.689855,0.639553,5.472133,1
1815,60.5605,SEIZURE,0.518521,CJ,0.603765,0.518521,0.500500,1
1816,60.5939,SEIZURE,0.518521,CJ,0.603765,0.518521,0.533867,1
1817,60.6272,SEIZURE,0.518521,CJ,0.603765,0.518521,0.567233,1
1818,60.6606,SEIZURE,0.518521,CJ,0.603765,0.518521,0.600600,1
1819,60.694,SEIZURE,0.518521,CJ,0.603765,0.518521,0.633967,1
1820,60.7273,SEIZURE,0.518521,CJ,0.603765,0.518521,0.667333,1
1821,60.7607,SEIZURE,0.518521,CJ,0.603765,0.518521,0.700700,1
1822,60.7941,SEIZURE,0.518521,CJ,0.603765,0.518521,0.734067,1
1823,60.8274,SEIZURE,0.518521,CJ,0.603765,0.518521,0.767433,1
1824,60.8608,SEIZURE,0.518521,CJ,0.603765,0.518521,0.800800,1
1825,60.8942,SEIZURE,0.518521,CJ,0.603765,0.518521,0.834167,1
1826,60.9275,SEIZURE,0.518521,CJ,0.603765,0.518521,0.867533,1
1827,60.9609,SEIZURE,0.518521,CJ,0.603765,0.518521,0.900900,1
1828,60.9943,SEIZURE,0.518521,CJ,0.603765,0.518521,0.934267,1
1829,61.0276,SEIZURE,0.518521,CJ,0.603765,0.518521,0.967633,1
1830,61.061,SEIZURE,0.518521,CJ,0.610494,0.518521,1.001000,1
1831,61.0944,SEIZURE,0.518521,CJ,0.610494,0.518521,1.034367,1
1832,61.1277,SEIZURE,0.518521,CJ,0.610494,0.518521,1.067733,1
1833,61.1611,SEIZURE,0.518521,CJ,0.610494,0.518521,1.101100,1
