frame,time_sec,kp0_x,kp0_y,kp0_c,kp1_x,kp1_y,kp1_c,kp2_x,kp2_y,kp2_c,kp3_x,kp3_y,kp3_c,kp4_x,kp4_y,kp4_c,kp5_x,kp5_y,kp5_c,kp6_x,kp6_y,kp6_c,kp7_x,kp7_y,kp7_c,kp8_x,kp8_y,kp8_c,kp9_x,kp9_y,kp9_c,kp10_x,kp10_y,kp10_c,kp11_x,kp11_y,kp11_c,kp12_x,kp12_y,kp12_c,kp13_x,kp13_y,kp13_c,kp14_x,kp14_y,kp14_c
1,0.0333667,0,0,0,0,0,0,0,0,0,0,0,0,0,0,0,0,0,0,0,0,0,0,0,0,0,0,0,0,0,0,0,0,0,0,0,0,0,0,0,0,0,0,0,0,0
5,0.166833,848,304,0.100943,848,304,0.108425,848,304,0.10309,0,0,0,0,0,0,0,0,0,0,0,0,0,0,0,0,0,0,0,0,0,0,0,0,0,0,0,0,0,0,0,0,0,0,0,0
10,0.333667,0,0,0,0,0,0,0,0,0,0,0,0,0,0,0,0,0,0,0,0,0,0,0,0,0,0,0,0,0,0,0,0,0,0,0,0,0,0,0,0,0,0,0,0,0
15,0.5005,0,0,0,0,0,0,0,0,0,0,0,0,0,0,0,0,0,0,0,0,0,0,0,0,0,0,0,0,0,0,0,0,0,0,0,0,0,0,0,0,0,0,0,0,0
20,0.667333,0,0,0,0,0,0,0,0,0,0,0,0,0,0,0,0,0,0,0,0,0,0,0,0,0,0,0,776,400,0.10966,0,0,0,0,0,0,0,0,0,0,0,0,0,0,0
25,0.834167,0,0,0,0,0,0,0,0,0,0,0,0,0,0,0,0,0,0,0,0,0,0,0,0,0,0,0,776,400,0.107584,0,0,0,0,0,0,0,0,0,0,0,0,0,0,0
30,1.001,0,0,0,0,0,0,0,0,0,0,0,0,0,0,0,0,0,0,0,0,0,0,0,0,0,0,0,0,0,0,0,0,0,0,0,0,0,0,0,0,0,0,0,0,0
35,1.16783,824,304,0.113371,832,296,0.1319,0,0,0,832,336,0.113365,0,0,0,0,0,0,824,328,0.108779,0,0,0,0,0,0,0,0,0,0,0,0,0,0,0,0,0,0,0,0,0,0,0,0
40,1.33467,0,0,0,840,288,0.100235,0,0,0,0,0,0,0,0,0,0,0,0,0,0,0,0,0,0,0,0,0,0,0,0,0,0,0,0,0,0,0,0,0,0,0,0,0,0,0
45,1.5015,0,0,0,0,0,0,0,0,0,0,0,0,0,0,0,0,0,0,0,0,0,0,0,0,0,0,0,0,0,0,0,0,0,0,0,0,0,0,0,0,0,0,0,0,0
50,1.66833,824,272,0.146457,832,264,0.147734,824,264,0.122005,848,328,0.136953,800,360,0.132457,0,0,0,832,328,0.141558,0,0,0,0,0,0,808,416,0.11081,0,0,0,0,0,0,0,0,0,0,0,0,0,0,0
55,1.83517,824,264,0.16985,824,256,0.179575,824,256,0.147768,848,328,0.13815,800,368,0.137028,0,0,0,840,328,0.15273,0,0,0,0,0,0,808,408,0.115948,0,0,0,0,0,0,0,0,0,0,0,0,0,0,0
60,2.002,816,264,0.178561,824,256,0.189775,824,256,0.154437,840,336,0.144355,800,360,0.14023,0,0,0,840,328,0.154907,0,0,0,0,0,0,808,408,0.123107,0,0,0,0,0,0,0,0,0,0,0,0,0,0,0
65,2.16883,0,0,0,800,304,0.107122,0,0,0,0,0,0,0,0,0,0,0,0,0,0,0,0,0,0,0,0,0,776,400,0.100287,0,0,0,0,0,0,0,0,0,0,0,0,0,0,0
70,2.33567,0,0,0,800,304,0.105597,0,0,0,0,0,0,0,0,0,0,0,0,0,0,0,0,0,0,0,0,0,0,0,0,0,0,0,0,0,0,0,0,0,0,0,0,0,0,0
75,2.5025,0,0,0,0,0,0,0,0,0,0,0,0,0,0,0,0,0,0,0,0,0,0,0,0,0,0,0,776,400,0.100304,0,0,0,0,0,0,0,0,0,0,0,0,0,0,0
80,2.66933,0,0,0,0,0,0,0,0,0,0,0,0,0,0,0,0,0,0,0,0,0,0,0,0,0,0,0,0,0,0,0,0,0,0,0,0,0,0,0,0,0,0,0,0,0
85,2.83617,0,0,0,0,0,0,0,0,0,0,0,0,0,0,0,0,0,0,0,0,0,0,0,0,0,0,0,0,0,0,0,0,0,0,0,0,0,0,0,0,0,0,0,0,0
90,3.003,0,0,0,0,0,0,0,0,0,0,0,0,0,0,0,0,0,0,0,0,0,0,0,0,0,0,0,0,0,0,0,0,0,0,0,0,0,0,0,0,0,0,0,0,0
95,3.16983,0,0,0,880,304,0.104116,0,0,0,0,0,0,0,0,0,0,0,0,0,0,0,0,0,0,0,0,0,0,0,0,0,0,0,0,0,0,0,0,0,0,0,0,0,0,0
100,3.33667,0,0,0,880,304,0.11433,0,0,0,0,0,0,0,0,0,0,0,0,0,0,0,0,0,0,0,0,0,0,0,0,0,0,0,0,0,0,0,0,0,0,0,0,0,0,0
105,3.5035,0,0,0,880,304,0.117913,0,0,0,0,0,0,0,0,0,0,0,0,0,0,0,0,0,0,0,0,0,0,0,0,0,0,0,0,0,0,0,0,0,0,0,0,0,0,0
110,3.67033,888,304,0.138986,880,304,0.148107,888,296,0.126005,912,320,0.106031,0,0,0,0,0,0,816,328,0.10756,0,0,0,0,0,0,776,400,0.103248,0,0,0,0,0,0,0,0,0,0,0,0,0,0,0
115,3.83717,888,304,0.131433,880,304,0.142169,888,296,0.119273,912,328,0.102157,0,0,0,0,0,0,816,328,0.101974,0,0,0,0,0,0,776,400,0.10154,0,0,0,0,0,0,0,0,0,0,0,0,0,0,0
120,4.004,880,304,0.131928,872,304,0.147674,880,296,0.121137,832,328,0.119205,0,0,0,0,0,0,816,336,0.116772,0,0,0,0,0,0,768,392,0.107876,0,0,0,0,0,0,0,0,0,0,0,0,0,0,0
125,4.17083,800,288,0.117854,880,288,0.134388,896,288,0.107052,864,328,0.138576,808,360,0.105208,0,0,0,840,336,0.130783,0,0,0,0,0,0,808,408,0.118216,0,0,0,0,0,0,0,0,0,0,0,0,0,0,0
130,4.33767,888,296,0.124985,888,288,0.143199,904,288,0.118176,880,328,0.150785,816,368,0.114711,0,0,0,840,336,0.137491,0,0,0,0,0,0,808,416,0.11186,0,0,0,0,0,0,0,0,0,0,0,0,0,0,0
135,4.5045,896,296,0.167705,904,288,0.177354,904,288,0.152676,904,328,0.168771,816,376,0.125294,0,0,0,848,328,0.140163,0,0,0,0,0,0,808,416,0.122586,0,0,0,0,0,0,0,0,0,0,0,0,0,0,0
140,4.67133,880,296,0.222126,888,288,0.220898,888,296,0.198797,888,328,0.171934,808,360,0.129753,0,0,0,832,336,0.139076,0,0,0,0,0,0,792,408,0.117551,0,0,0,0,0,0,0,0,0,0,0,0,0,0,0
145,4.83817,880,296,0.172928,888,296,0.168746,880,296,0.156245,880,336,0.140115,0,0,0,0,0,0,840,336,0.10111,0,0,0,0,0,0,0,0,0,0,0,0,0,0,0,0,0,0,0,0,0,0,0,0
150,5.005,880,296,0.157697,888,288,0.153104,888,288,0.132686,888,328,0.132325,816,368,0.112929,0,0,0,0,0,0,0,0,0,0,0,0,872,416,0.120048,0,0,0,0,0,0,0,0,0,0,0,0,0,0,0
155,5.17183,0,0,0,0,0,0,0,0,0,0,0,0,0,0,0,0,0,0,0,0,0,0,0,0,0,0,0,0,0,0,0,0,0,0,0,0,0,0,0,0,0,0,0,0,0
160,5.33867,0,0,0,832,336,0.105803,0,0,0,0,0,0,0,0,0,0,0,0,0,0,0,0,0,0,0,0,0,816,416,0.148108,0,0,0,0,0,0,0,0,0,0,0,0,0,0,0
165,5.5055,0,0,0,832,352,0.122498,0,0,0,832,432,0.108039,0,0,0,0,0,0,832,408,0.102387,0,0,0,0,0,0,0,0,0,0,0,0,0,0,0,0,0,0,0,0,0,0,0,0
170,5.67233,824,256,0.23257,832,248,0.237599,824,256,0.18168,832,304,0.164541,816,344,0.15971,824,344,0.115971,888,280,0.232104,896,312,0.208999,0,0,0,832,384,0.236635,776,440,0.191261,0,0,0,872,392,0.195024,0,0,0,0,0,0
175,5.83917,864,256,0.275662,864,256,0.344795,936,288,0.261261,888,320,0.337257,848,360,0.424215,856,368,0.239461,912,296,0.52595,904,352,0.54638,840,416,0.335153,872,416,0.350575,0,0,0,0,0,0,904,408,0.324463,0,0,0,0,0,0
180,6.006,880,288,0.27298,880,280,0.263034,880,280,0.261344,888,312,0.256357,920,328,0.211753,920,344,0.156771,880,312,0.241808,920,320,0.229723,864,312,0.124587,872,408,0.262857,0,0,0,0,0,0,832,392,0.103666,0,0,0,0,0,0
185,6.17283,832,256,0.705443,848,248,0.767496,832,256,0.677449,856,312,0.475892,840,360,0.448123,856,360,0.225112,912,304,0.483027,952,336,0.345486,888,312,0.114557,872,400,0.334257,856,320,0.221854,832,464,0.112508,928,392,0.261707,0,0,0,944,408,0.152858
190,6.33967,840,264,0.531218,848,256,0.574881,840,256,0.492746,856,312,0.434643,832,360,0.427957,840,368,0.207707,904,296,0.386656,960,352,0.293548,0,0,0,848,408,0.277866,0,0,0,0,0,0,936,384,0.192219,960,384,0.106565,976,432,0.273143
195,6.5065,896,288,0.33744,896,280,0.324213,888,272,0.376596,864,312,0.364123,832,360,0.358284,832,360,0.181982,896,312,0.252055,952,328,0.167867,896,296,0.103466,864,392,0.341369,0,0,0,0,0,0,896,400,0.188444,0,0,0,832,464,0.101819
200,6.67333,824,264,0.519092,824,248,0.562559,816,256,0.540554,832,312,0.503019,792,352,0.464697,816,336,0.342322,904,304,0.502469,920,368,0.307194,856,344,0.1785,832,440,0.365361,888,528,0.171337,0,0,0,912,416,0.220758,0,0,0,0,0,0
205,6.84017,816,264,0.788482,824,256,0.848344,816,256,0.857499,840,328,0.617682,784,376,0.797268,824,296,0.579741,904,296,0.660216,928,360,0.313873,872,368,0.162305,864,424,0.367477,752,384,0.122882,0,0,0,920,408,0.311088,960,432,0.125906,944,480,0.120881
210,7.007,824,264,0.571649,832,248,0.594465,816,256,0.596461,824,304,0.443405,800,344,0.48101,800,336,0.223034,888,296,0.461955,936,344,0.236791,0,0,0,848,392,0.37412,944,416,0.123518,0,0,0,896,392,0.301706,936,416,0.130596,864,456,0.128859
215,7.17383,824,256,0.66962,824,248,0.726669,824,256,0.649197,832,320,0.517159,800,352,0.613168,808,360,0.253637,896,304,0.526519,912,360,0.23143,912,352,0.135661,848,424,0.381582,888,464,0.170697,848,536,0.16509,904,416,0.299845,904,456,0.129158,880,512,0.234251
220,7.34067,816,256,0.821548,824,248,0.876312,816,248,0.853552,824,312,0.754247,792,360,0.672408,800,360,0.559701,904,312,0.767146,912,376,0.442151,872,376,0.213727,840,416,0.529167,824,432,0.363662,832,544,0.662844,888,408,0.524736,872,440,0.397589,840,528,0.615992
225,7.5075,808,256,0.864239,824,248,0.925969,816,248,0.905868,824,312,0.7037,792,360,0.682447,800,352,0.485249,896,304,0.755713,936,328,0.418656,976,344,0.185812,840,408,0.484736,832,432,0.253882,824,544,0.510374,880,408,0.429583,856,448,0.222217,848,520,0.411798
230,7.67433,824,256,0.874901,840,248,0.959915,824,248,0.854328,832,304,0.681165,800,344,0.769055,792,376,0.34243,896,304,0.758303,920,344,0.416891,864,376,0.23126,848,392,0.593268,840,448,0.4217,824,552,0.714224,872,392,0.542827,856,440,0.43954,832,528,0.601595
235,7.84117,824,248,0.860613,840,240,0.949163,824,248,0.868105,824,304,0.654172,800,344,0.721405,800,360,0.463575,896,296,0.725676,928,328,0.456013,952,352,0.281373,848,400,0.506595,824,440,0.242877,816,528,0.527207,880,400,0.441426,888,352,0.131721,856,496,0.315649
240,8.008,824,256,0.897189,832,248,0.947139,824,248,0.921836,832,312,0.804264,800,352,0.72049,792,376,0.518917,888,304,0.781767,904,368,0.462237,872,376,0.309756,840,400,0.596663,832,440,0.506782,808,512,0.442889,872,400,0.626342,856,448,0.539401,792,512,0.679025
245,8.17483,824,256,0.792185,832,248,0.844805,824,248,0.751538,840,312,0.545026,792,360,0.553236,792,344,0.335924,880,312,0.723921,864,384,0.47809,848,432,0.229775,848,416,0.418308,800,432,0.160215,832,464,0.119313,856,416,0.456085,832,448,0.10704,784,456,0.300475
250,8.34167,824,264,0.831238,832,248,0.909607,824,256,0.82722,848,320,0.620655,816,392,0.461284,816,288,0.227735,888,304,0.722126,856,376,0.515149,784,424,0.37965,864,432,0.324074,0,0,0,0,0,0,888,408,0.293353,0,0,0,0,0,0
255,8.5085,824,256,0.658744,832,248,0.725503,824,248,0.629079,848,304,0.328899,824,448,0.379215,864,392,0.272778,888,288,0.459782,864,352,0.309398,832,352,0.175504,864,392,0.273799,0,0,0,0,0,0,896,400,0.165081,0,0,0,0,0,0
260,8.67533,0,0,0,832,376,0.115852,0,0,0,848,376,0.121626,840,320,0.112448,0,0,0,840,392,0.144791,0,0,0,0,0,0,800,480,0.155066,0,0,0,0,0,0,0,0,0,0,0,0,0,0,0
265,8.84217,0,0,0,0,0,0,0,0,0,0,0,0,0,0,0,0,0,0,0,0,0,0,0,0,0,0,0,0,0,0,0,0,0,0,0,0,0,0,0,0,0,0,0,0,0
270,9.009,0,0,0,0,0,0,0,0,0,0,0,0,0,0,0,0,0,0,0,0,0,0,0,0,0,0,0,0,0,0,0,0,0,0,0,0,0,0,0,0,0,0,0,0,0
275,9.17583,896,264,0.150331,896,264,0.144663,896,256,0.171587,864,312,0.116546,808,328,0.137363,0,0,0,0,0,0,0,0,0,0,0,0,0,0,0,0,0,0,0,0,0,0,0,0,0,0,0,0,0,0
280,9.34267,0,0,0,856,264,0.105584,0,0,0,856,288,0.118206,808,320,0.20968,824,312,0.154289,0,0,0,856,288,0.107856,0,0,0,784,352,0.166144,0,0,0,0,0,0,848,352,0.100249,0,0,0,0,0,0
285,9.5095,872,376,0.130816,896,376,0.155792,888,360,0.102224,912,320,0.134213,912,304,0.138108,880,336,0.135329,904,408,0.177434,920,328,0.206386,888,352,0.204163,864,384,0.180299,0,0,0,0,0,0,0,0,0,0,0,0,0,0,0
290,9.67633,840,256,0.494734,848,248,0.556122,848,248,0.443114,856,304,0.467043,832,328,0.411529,848,352,0.288182,912,296,0.465288,920,352,0.330127,888,392,0.201884,864,392,0.385905,880,456,0.12082,0,0,0,912,392,0.250716,0,0,0,0,0,0
295,9.84317,848,248,0.307401,856,248,0.330858,840,248,0.262517,848,296,0.230911,840,328,0.161115,856,344,0.130407,896,296,0.234165,928,344,0.151446,856,248,0.112805,848,392,0.234199,0,0,0,0,0,0,888,400,0.128828,0,0,0,0,0,0
300,10.01,848,248,0.197957,856,248,0.204584,848,248,0.163024,880,320,0.168314,856,352,0.189276,848,368,0.142649,904,296,0.17928,920,360,0.249858,856,408,0.128419,848,400,0.191652,0,0,0,0,0,0,896,392,0.129639,0,0,0,0,0,0
305,10.1768,832,248,0.282816,840,248,0.283449,832,248,0.227877,848,312,0.195109,832,352,0.151451,824,368,0.120081,896,296,0.194972,904,352,0.185679,0,0,0,848,416,0.236726,0,0,0,0,0,0,0,0,0,0,0,0,0,0,0
310,10.3437,0,0,0,0,0,0,0,0,0,0,0,0,0,0,0,0,0,0,0,0,0,0,0,0,0,0,0,800,408,0.118178,0,0,0,0,0,0,0,0,0,0,0,0,0,0,0
315,10.5105,832,256,0.534437,840,248,0.58666,832,248,0.502865,840,312,0.315965,832,328,0.221681,792,336,0.123154,904,304,0.388267,896,352,0.296922,824,352,0.145271,848,408,0.219588,0,0,0,0,0,0,912,392,0.114508,0,0,0,0,0,0
320,10.6773,888,256,0.363472,888,256,0.349191,872,248,0.424014,880,312,0.327849,912,368,0.268932,824,344,0.172236,928,304,0.394027,936,328,0.274977,832,336,0.156638,920,392,0.302193,0,0,0,936,456,0.110423,952,384,0.185867,0,0,0,0,0,0
325,10.8442,936,272,0.490641,944,264,0.466004,928,264,0.493843,912,312,0.53234,872,328,0.397307,824,336,0.267823,968,304,0.45654,928,336,0.394271,832,328,0.250208,936,392,0.388107,0,0,0,0,0,0,968,392,0.245947,0,0,0,0,0,0
330,11.011,936,288,0.543403,944,280,0.533459,928,280,0.580426,920,320,0.527465,904,344,0.367709,856,344,0.409289,976,312,0.452018,936,328,0.351649,888,344,0.281003,944,408,0.35769,0,0,0,0,0,0,976,392,0.255284,0,0,0,0,0,0
335,11.1778,880,384,0.111795,896,368,0.111707,0,0,0,920,368,0.101822,896,336,0.1033,0,0,0,944,384,0.110259,0,0,0,0,0,0,0,0,0,0,0,0,0,0,0,0,0,0,0,0,0,0,0,0
340,11.3447,1000,288,0.150815,1008,288,0.142763,1000,280,0.157123,968,328,0.12686,0,0,0,920,368,0.171617,0,0,0,1000,400,0.20161,928,360,0.1804,912,368,0.110665,0,0,0,0,0,0,0,0,0,0,0,0,0,0,0
345,11.5115,0,0,0,0,0,0,0,0,0,0,0,0,0,0,0,0,0,0,0,0,0,0,0,0,0,0,0,0,0,0,0,0,0,0,0,0,0,0,0,0,0,0,0,0,0
350,11.6783,0,0,0,0,0,0,0,0,0,0,0,0,0,0,0,0,0,0,0,0,0,0,0,0,0,0,0,768,432,0.108975,0,0,0,0,0,0,0,0,0,0,0,0,0,0,0
355,11.8452,912,256,0.459116,920,248,0.454136,904,248,0.471148,880,280,0.486515,872,296,0.376233,936,256,0.297291,952,280,0.316313,920,280,0.18349,920,280,0.129812,792,464,0.158658,0,0,0,0,0,0,944,384,0.100085,0,0,0,0,0,0
360,12.012,880,256,0.285413,880,248,0.29551,864,240,0.289545,888,280,0.286126,840,240,0.207072,864,304,0.126051,888,280,0.240762,840,240,0.142413,864,288,0.150707,872,368,0.215675,0,0,0,0,0,0,896,384,0.100488,0,0,0,0,0,0
365,12.1788,856,408,0.428859,856,408,0.358675,848,408,0.438925,864,448,0.501038,912,400,0.249974,912,432,0.205513,904,424,0.342441,896,400,0.160767,912,368,0.113687,896,528,0.322878,0,0,0,0,0,0,944,528,0.178913,0,0,0,0,0,0
370,12.3457,896,432,0.379608,888,392,0.309453,880,440,0.407239,880,480,0.588688,864,496,0.622786,888,456,0.32028,952,440,0.303571,960,400,0.22948,920,408,0.140926,960,544,0.273114,0,0,0,0,0,0,992,512,0.265637,0,0,0,0,0,0
375,12.5125,912,448,0.266918,896,448,0.244077,896,448,0.313396,896,480,0.423749,904,472,0.487953,968,408,0.333234,976,464,0.182952,896,432,0.107902,0,0,0,968,552,0.224091,0,0,0,0,0,0,1000,512,0.142385,0,0,0,0,0,0
380,12.6793,888,440,0.234465,888,448,0.190438,888,440,0.219313,896,480,0.388134,904,496,0.285167,920,480,0.210472,896,480,0.199991,0,0,0,0,0,0,928,544,0.202461,0,0,0,0,0,0,0,0,0,0,0,0,0,0,0
385,12.8462,1016,248,0.347967,1016,248,0.369014,1000,248,0.335934,976,280,0.385816,1000,280,0.589841,1088,272,0.565162,1000,296,0.207539,1016,256,0.208578,1016,256,0.105132,944,520,0.223581,0,0,0,0,0,0,1048,392,0.135439,0,0,0,0,0,0
390,13.013,904,432,0.345426,912,432,0.249249,896,424,0.407613,904,456,0.507906,920,464,0.340006,920,464,0.228316,968,448,0.189162,984,288,0.202776,0,0,0,968,544,0.424885,864,424,0.101406,0,0,0,1016,528,0.220134,0,0,0,0,0,0
395,13.1798,888,376,0.383964,896,360,0.293225,880,368,0.387757,888,416,0.4529,896,464,0.271079,920,440,0.174188,936,384,0.407267,952,400,0.287945,896,416,0.193847,928,528,0.571178,1000,648,0.132405,0,0,0,984,512,0.487589,1088,544,0.104804,0,0,0
400,13.3467,904,384,0.506146,904,376,0.438081,888,376,0.5546,896,424,0.707927,872,384,0.242471,920,384,0.217397,960,400,0.496988,936,352,0.255665,896,416,0.194845,944,544,0.56548,1056,576,0.105489,0,0,0,1000,520,0.408572,1088,496,0.186138,1072,568,0.107989
405,13.5135,912,368,0.425772,912,360,0.339994,904,360,0.483992,904,424,0.687271,888,448,0.340794,920,376,0.204341,960,392,0.481784,912,328,0.330839,896,352,0.202688,944,520,0.511617,976,600,0.134337,0,0,0,992,496,0.393473,1088,504,0.126542,0,0,0
410,13.6803,0,0,0,0,0,0,0,0,0,904,400,0.11993,0,0,0,0,0,0,0,0,0,0,0,0,0,0,0,920,496,0.12535,880,696,0.121555,0,0,0,0,0,0,0,0,0,0,0,0
415,13.8472,896,352,0.247463,904,344,0.21375,896,352,0.281607,888,384,0.49822,880,392,0.335502,920,360,0.176458,936,360,0.173008,896,368,0.159054,896,384,0.111971,912,496,0.214255,0,0,0,0,0,0,952,464,0.156579,0,0,0,0,0,0
420,14.014,888,344,0.241649,888,344,0.215116,888,336,0.259882,888,384,0.314915,904,344,0.254934,904,352,0.158256,896,368,0.215926,904,344,0.133633,0,0,0,904,464,0.104639,0,0,0,0,0,0,0,0,0,0,0,0,0,0,0
425,14.1808,856,272,0.1042,872,288,0.117654,0,0,0,896,368,0.194518,880,384,0.13999,0,0,0,912,328,0.120342,0,0,0,0,0,0,912,432,0.129784,0,0,0,0,0,0,944,424,0.112132,0,0,0,0,0,0
430,14.3477,912,328,0.364174,920,328,0.313802,896,344,0.418338,896,376,0.624562,888,376,0.45087,1016,280,0.315855,976,352,0.253689,928,312,0.279626,880,384,0.12458,936,464,0.192559,0,0,0,0,0,0,984,432,0.153144,0,0,0,0,0,0
435,14.5145,856,312,0.161704,872,312,0.165712,864,312,0.14089,872,344,0.184373,864,376,0.162444,864,296,0.10249,896,328,0.189864,912,320,0.120316,0,0,0,864,344,0.115367,880,336,0.277795,864,456,0.110319,928,352,0.131183,0,0,0,0,0,0
440,14.6813,832,288,0.562818,840,296,0.54227,824,288,0.735802,824,328,0.614988,872,304,0.663041,984,192,0.45273,888,328,0.479468,1008,288,0.27775,992,280,0.2229,888,392,0.454983,832,328,0.130563,0,0,0,944,376,0.345691,0,0,0,0,0,0
445,14.8482,1024,256,0.511301,1040,248,0.538892,1016,248,0.529114,992,312,0.39021,824,336,0.765784,1000,240,0.467316,1080,312,0.401478,1088,376,0.10274,1000,288,0.110626,896,416,0.387634,904,480,0.148143,0,0,0,1032,424,0.26214,1040,504,0.142563,0,0,0
450,15.015,848,296,0.478129,848,296,0.482853,832,296,0.577988,816,336,0.801369,832,328,0.655105,896,240,0.416708,904,336,0.384323,960,248,0.120816,984,288,0.126105,864,384,0.308999,904,488,0.147652,0,0,0,904,384,0.223192,0,0,0,0,0,0
455,15.1818,920,288,0.553762,928,280,0.506737,904,280,0.551144,840,336,0.51198,832,320,0.740678,920,200,0.518751,944,320,0.536342,1008,272,0.188285,888,288,0.120903,880,368,0.295296,816,280,0.108336,0,0,0,952,432,0.163687,0,0,0,0,0,0
460,15.3487,944,288,0.518491,944,280,0.527838,928,280,0.534121,888,344,0.589937,832,320,0.881607,912,248,0.499147,976,336,0.591402,1000,312,0.270433,1024,296,0.179032,888,480,0.494411,856,504,0.164192,872,568,0.115648,984,448,0.336835,0,0,0,928,528,0.10588
465,15.5155,928,288,0.808093,944,288,0.787983,912,280,0.832522,880,344,0.835403,840,288,0.880888,912,256,0.488716,968,328,0.801377,1008,304,0.276166,1024,304,0.159017,928,440,0.631973,1000,528,0.180458,0,0,0,992,424,0.564178,1072,480,0.211846,0,0,0
470,15.6823,976,280,0.813375,984,272,0.826668,960,272,0.763625,904,344,0.71402,872,264,0.980771,960,192,0.661044,984,320,0.639387,1024,304,0.452015,1048,264,0.422431,936,440,0.52471,888,520,0.204877,0,0,0,1008,424,0.464224,1088,504,0.145386,0,0,0
475,15.8492,968,280,0.497555,984,272,0.426728,952,264,0.465978,896,312,0.510372,888,272,0.790869,968,184,0.685397,976,312,0.382765,1024,320,0.1779,936,304,0.189882,912,416,0.298486,864,248,0.126522,0,0,0,992,416,0.186952,0,0,0,0,0,0
480,16.016,1048,248,0.67214,1064,232,0.675483,1032,240,0.632761,952,312,0.52327,904,304,0.540502,976,312,0.216279,1072,312,0.422563,1088,192,0.623934,976,168,0.691508,936,480,0.38923,1016,616,0.107234,0,0,0,1024,472,0.226802,0,0,0,0,0,0
485,16.1828,952,312,0.337422,968,312,0.236447,944,304,0.295682,944,352,0.439188,984,320,0.335315,1032,280,0.175694,976,352,0.459329,984,304,0.238087,928,296,0.140579,944,496,0.471492,1024,592,0.119429,0,0,0,1000,480,0.366776,0,0,0,0,0,0
490,16.3497,912,288,0.225264,1048,224,0.184383,896,280,0.207158,920,320,0.246959,936,304,0.353765,984,280,0.268155,928,328,0.175548,1048,368,0.135757,0,0,0,920,480,0.191381,0,0,0,0,0,0,0,0,0,0,0,0,0,0,0
495,16.5165,1056,232,0.869178,1072,216,0.856291,1048,216,0.892501,992,280,0.709701,920,360,0.63145,1024,392,0.69111,1080,288,0.803334,1120,200,0.647052,1016,176,0.540588,976,416,0.691747,976,536,0.27382,1032,608,0.156936,1048,408,0.569129,1056,552,0.172697,936,576,0.102054
500,16.6833,960,304,0.186819,960,312,0.168591,960,296,0.17182,952,320,0.257761,992,376,0.324005,1064,408,0.364837,960,392,0.179791,1080,352,0.119088,0,0,0,944,504,0.213936,0,0,0,0,0,0,1040,416,0.132761,0,0,0,0,0,0
505,16.8502,0,0,0,944,296,0.111627,944,288,0.111181,936,336,0.130713,960,456,0.130525,984,504,0.122348,920,352,0.102443,1000,416,0.111272,0,0,0,936,576,0.134976,0,0,0,0,0,0,0,0,0,0,0,0,0,0,0
510,17.017,976,312,0.483209,984,304,0.472265,968,304,0.491857,944,328,0.550715,1008,368,0.489433,1056,400,0.525013,984,360,0.279654,1016,344,0.201986,936,312,0.132896,968,456,0.413453,968,600,0.11185,0,0,0,1016,424,0.155244,0,0,0,0,0,0
515,17.1838,1016,256,0.649132,1024,248,0.6147,1016,240,0.680955,944,304,0.665927,944,352,0.576703,1024,376,0.622719,1032,288,0.483323,1088,232,0.34372,1032,160,0.278817,1000,400,0.429976,1056,488,0.225565,0,0,0,1040,376,0.422648,1112,472,0.126763,0,0,0
520,17.3507,976,280,0.234324,992,256,0.227726,976,264,0.23042,936,336,0.259972,912,320,0.283584,952,288,0.138604,944,360,0.161659,1040,352,0.142266,936,376,0.109834,936,496,0.30657,968,568,0.310793,952,728,0.104937,976,496,0.122608,992,576,0.112167,0,0,0
525,17.5175,936,576,0.343895,936,568,0.294393,936,568,0.271056,944,608,0.190533,952,376,0.123341,0,0,0,936,600,0.138422,0,0,0,0,0,0,920,680,0.109863,0,0,0,0,0,0,0,0,0,0,0,0,0,0,0
530,17.6843,928,296,0.227295,936,288,0.217652,928,288,0.247706,928,328,0.382801,952,320,0.3118,944,320,0.179158,936,320,0.16361,0,0,0,0,0,0,992,448,0.199082,0,0,0,0,0,0,1024,440,0.128075,0,0,0,0,0,0
535,17.8512,992,264,0.28698,1000,256,0.256335,992,248,0.307794,952,312,0.411015,976,320,0.586134,1048,296,0.43995,1048,304,0.258138,1072,288,0.154329,0,0,0,1000,416,0.365679,0,0,0,0,0,0,1056,408,0.233502,0,0,0,0,0,0
540,18.018,1024,376,0.416934,1032,376,0.365715,1024,368,0.372444,1008,400,0.418202,968,328,0.236708,1016,408,0.279004,1056,408,0.389742,1096,408,0.262785,1080,424,0.141147,1000,504,0.376591,0,0,0,0,0,0,1056,504,0.14396,0,0,0,0,0,0
545,18.1848,1000,232,0.279142,1008,232,0.229641,1000,224,0.27373,1000,264,0.210284,952,328,0.106053,1024,272,0.118596,1032,256,0.211641,1016,192,0.113022,0,0,0,1016,376,0.255863,0,0,0,0,0,0,1064,376,0.182148,0,0,0,0,0,0
550,18.3517,1024,248,0.527202,1040,240,0.453221,1016,240,0.538567,1000,272,0.552277,1008,344,0.314183,1056,272,0.268871,1048,264,0.587918,1104,200,0.500076,1080,104,0.35041,1016,384,0.440869,936,296,0.11925,0,0,0,1064,360,0.469728,1128,400,0.127214,1104,448,0.100869
555,18.5185,1040,272,0.652352,1040,256,0.589899,1024,256,0.671322,960,312,0.703585,1032,368,0.531787,1072,400,0.319924,1024,320,0.435084,1064,288,0.184382,968,264,0.207223,1024,416,0.36163,0,0,0,0,0,0,1072,368,0.357132,0,0,0,0,0,0
560,18.6853,1064,256,0.20547,1056,240,0.208096,1048,240,0.224513,992,296,0.170497,960,320,0.171013,0,0,0,1048,304,0.121388,0,0,0,0,0,0,1000,424,0.192078,0,0,0,0,0,0,1056,424,0.126619,0,0,0,0,0,0
565,18.8522,1040,368,0.857121,1048,360,0.911329,1024,368,0.843653,992,416,0.742955,968,328,0.394619,1080,448,0.214367,1096,400,0.833486,1144,416,0.617474,1160,432,0.192789,1024,560,0.653054,1056,656,0.288564,1040,712,0.130822,1120,544,0.573959,1168,648,0.182311,0,0,0
570,19.019,0,0,0,1000,504,0.105109,0,0,0,1008,400,0.121082,0,0,0,0,0,0,0,0,0,0,0,0,0,0,0,1000,512,0.150958,0,0,0,0,0,0,0,0,0,0,0,0,0,0,0
575,19.1858,1024,312,0.327366,1032,296,0.310507,1024,312,0.29213,992,336,0.344843,952,304,0.522386,1024,320,0.445784,1064,336,0.279669,1088,408,0.193788,984,288,0.14239,1016,416,0.299327,992,384,0.186518,1072,472,0.291463,1080,416,0.328145,0,0,0,1072,480,0.305992
580,19.3527,992,312,0.19727,992,296,0.181184,992,312,0.192256,968,328,0.174385,968,296,0.381452,1048,288,0.268146,1024,336,0.133415,928,304,0.152541,0,0,0,984,512,0.211787,0,0,0,0,0,0,1056,440,0.102153,0,0,0,0,0,0
585,19.5195,1008,336,0.18465,1008,296,0.179371,1008,304,0.189607,1008,360,0.135064,960,296,0.264991,1016,272,0.130303,1016,336,0.151075,976,272,0.176795,984,320,0.100918,984,520,0.213276,0,0,0,0,0,0,0,0,0,0,0,0,0,0,0
590,19.6863,984,280,0.375867,1000,272,0.388149,976,288,0.372389,968,312,0.367374,960,304,0.719222,1048,272,0.580944,1048,304,0.238648,0,0,0,0,0,0,992,432,0.260016,0,0,0,0,0,0,1064,424,0.214833,0,0,0,0,0,0
595,19.8532,976,288,0.390792,984,288,0.39416,976,288,0.348906,952,320,0.366356,968,304,0.649544,1072,280,0.551197,1032,320,0.226589,976,248,0.133028,0,0,0,992,472,0.267472,0,0,0,0,0,0,1072,448,0.202576,0,0,0,0,0,0
600,20.02,992,288,0.367425,1000,280,0.354615,968,296,0.38305,960,328,0.592584,976,304,0.777746,1088,264,0.843072,1056,328,0.373471,1016,248,0.157434,0,0,0,1000,464,0.254849,0,0,0,0,0,0,1080,432,0.205259,0,0,0,0,0,0
605,20.1868,1000,288,0.19977,1008,288,0.209491,1000,288,0.183475,984,328,0.246888,976,312,0.476978,1064,296,0.390073,1032,344,0.134894,944,336,0.14667,0,0,0,984,544,0.173898,0,0,0,0,0,0,0,0,0,0,0,0,0,0,0
610,20.3537,984,280,0.224047,992,280,0.191773,976,280,0.198451,968,320,0.346727,984,304,0.549657,1064,272,0.460194,1048,304,0.125836,928,328,0.120376,0,0,0,1016,424,0.109614,0,0,0,0,0,0,0,0,0,0,0,0,0,0,0
615,20.5205,0,0,0,1000,432,0.108381,0,0,0,0,0,0,0,0,0,0,0,0,0,0,0,0,0,0,0,0,0,0,0,0,0,0,0,0,0,0,0,0,0,0,0,0,0,0,0
620,20.6873,1024,272,0.569275,1032,272,0.594887,1008,272,0.586931,992,312,0.631604,976,304,0.850192,1072,256,0.715816,1088,320,0.65661,1152,352,0.3264,1128,288,0.161233,1016,440,0.447458,0,0,0,0,0,0,1096,456,0.377754,0,0,0,0,0,0
625,20.8542,1040,280,0.60914,1048,272,0.658591,1032,272,0.631798,1000,304,0.639289,1000,288,0.810458,1072,224,0.737808,1088,320,0.749754,1128,368,0.348816,1032,352,0.18527,1024,424,0.462379,0,0,0,0,0,0,1096,440,0.367369,0,0,0,0,0,0
630,21.021,1016,264,0.213427,1016,272,0.173649,1008,272,0.219474,1000,312,0.209489,992,288,0.50775,1088,216,0.453319,1048,312,0.114346,968,288,0.219466,0,0,0,0,0,0,0,0,0,0,0,0,0,0,0,0,0,0,0,0,0
635,21.1878,928,280,0.175983,936,280,0.164205,1040,272,0.186957,1000,312,0.237746,1032,280,0.504651,1096,224,0.4407,976,320,0.152322,1008,256,0.182711,920,312,0.113976,824,352,0.118501,0,0,0,0,0,0,0,0,0,0,0,0,0,0,0
640,21.3547,0,0,0,0,0,0,0,0,0,0,0,0,1016,272,0.214807,1104,264,0.170949,0,0,0,0,0,0,0,0,0,0,0,0,0,0,0,0,0,0,0,0,0,0,0,0,0,0,0
645,21.5215,912,296,0.100233,912,304,0.122853,0,0,0,872,328,0.117217,0,0,0,0,0,0,0,0,0,0,0,0,0,0,0,0,0,0,0,0,0,0,0,0,0,0,0,0,0,0,0,0,0
650,21.6883,1104,304,0.46745,1112,296,0.459671,1088,288,0.484677,1032,336,0.769101,1072,288,0.557564,1144,264,0.521328,1136,336,0.587958,1160,384,0.272873,0,0,0,1048,464,0.286725,0,0,0,0,0,0,1128,472,0.273564,0,0,0,0,0,0
655,21.8552,1104,296,0.412659,1104,280,0.449408,1088,264,0.436943,1040,312,0.573029,1048,296,0.339135,1120,344,0.238889,1136,304,0.502045,1160,304,0.495475,1160,368,0.162813,1056,376,0.403811,1024,336,0.181438,1120,488,0.153373,1128,384,0.335865,1160,392,0.179714,1152,488,0.205377
660,22.022,1104,280,0.223419,1104,272,0.201031,1096,264,0.223251,1080,296,0.21259,1048,272,0.152817,0,0,0,1136,312,0.233913,1104,216,0.148231,1080,264,0.100337,1072,384,0.153551,0,0,0,0,0,0,1128,384,0.140157,0,0,0,0,0,0
665,22.1888,0,0,0,968,488,0.12112,0,0,0,1008,496,0.112656,0,0,0,0,0,0,0,0,0,0,0,0,0,0,0,1016,616,0.145684,0,0,0,0,0,0,0,0,0,0,0,0,0,0,0
670,22.3557,1032,376,0.15749,1040,288,0.14964,1040,288,0.158276,1016,480,0.15976,824,352,0.127621,0,0,0,976,480,0.133484,912,336,0.103762,904,336,0.100377,968,512,0.192499,0,0,0,1048,784,0.142819,0,0,0,0,0,0,0,0,0
675,22.5225,1048,384,0.406336,1056,384,0.391529,1040,376,0.392002,1032,400,0.386966,976,456,0.214118,1032,520,0.252236,1072,432,0.278707,1008,336,0.205562,1024,392,0.174387,992,528,0.277931,1008,640,0.141724,1080,816,0.140216,1080,520,0.130159,0,0,0,920,616,0.123497
680,22.6893,1040,304,0.239642,1048,288,0.195513,1032,304,0.241779,1032,296,0.296648,1008,440,0.246011,1056,512,0.276105,1048,328,0.103969,1120,400,0.132086,0,0,0,992,536,0.253165,0,0,0,0,0,0,1064,592,0.152697,0,0,0,0,0,0
685,22.8562,1072,264,0.292313,1072,264,0.269138,1064,256,0.310328,1048,296,0.336411,1016,384,0.199708,0,0,0,1104,320,0.196597,1120,384,0.138474,0,0,0,1000,432,0.108033,0,0,0,0,0,0,0,0,0,0,0,0,0,0,0
690,23.023,0,0,0,0,0,0,0,0,0,0,0,0,0,0,0,0,0,0,0,0,0,0,0,0,0,0,0,0,0,0,0,0,0,0,0,0,0,0,0,0,0,0,0,0,0
695,23.1898,0,0,0,0,0,0,0,0,0,0,0,0,0,0,0,0,0,0,0,0,0,0,0,0,0,0,0,0,0,0,0,0,0,0,0,0,0,0,0,0,0,0,0,0,0
700,23.3567,0,0,0,0,0,0,0,0,0,0,0,0,0,0,0,0,0,0,0,0,0,0,0,0,0,0,0,0,0,0,0,0,0,0,0,0,0,0,0,0,0,0,0,0,0
705,23.5235,984,416,0.121713,992,416,0.118636,992,416,0.105453,992,464,0.146037,0,0,0,0,0,0,952,440,0.129887,928,344,0.108711,0,0,0,880,440,0.150339,0,0,0,0,0,0,0,0,0,0,0,0,0,0,0
710,23.6903,0,0,0,920,304,0.11648,0,0,0,0,0,0,816,352,0.103341,0,0,0,0,0,0,920,368,0.101761,0,0,0,816,408,0.101021,0,0,0,0,0,0,0,0,0,0,0,0,0,0,0
715,23.8572,1024,296,0.179583,1016,288,0.176076,1032,288,0.178569,1000,320,0.196121,992,392,0.176293,0,0,0,1056,320,0.10452,0,0,0,0,0,0,1016,432,0.100799,0,0,0,0,0,0,0,0,0,0,0,0,0,0,0
720,24.024,1024,320,0.137439,1016,304,0.146563,1024,312,0.124935,992,400,0.146742,976,408,0.111291,0,0,0,952,368,0.142661,920,376,0.104729,0,0,0,952,472,0.153641,0,0,0,0,0,0,0,0,0,0,0,0,0,0,0
725,24.1908,0,0,0,920,320,0.10157,0,0,0,0,0,0,0,0,0,0,0,0,0,0,0,0,0,0,0,0,0,0,0,0,0,0,0,0,0,0,0,0,0,0,0,0,0,0,0
730,24.3577,0,0,0,0,0,0,0,0,0,0,0,0,0,0,0,0,0,0,0,0,0,0,0,0,0,0,0,0,0,0,0,0,0,0,0,0,0,0,0,0,0,0,0,0,0
735,24.5245,0,0,0,0,0,0,0,0,0,0,0,0,0,0,0,0,0,0,0,0,0,0,0,0,0,0,0,0,0,0,0,0,0,0,0,0,0,0,0,0,0,0,0,0,0
740,24.6913,0,0,0,0,0,0,0,0,0,0,0,0,0,0,0,0,0,0,0,0,0,0,0,0,0,0,0,0,0,0,0,0,0,0,0,0,0,0,0,0,0,0,0,0,0
745,24.8582,968,416,0.113648,968,416,0.100522,960,408,0.114157,936,432,0.103658,0,0,0,0,0,0,0,0,0,0,0,0,0,0,0,0,0,0,0,0,0,0,0,0,0,0,0,0,0,0,0,0,0
750,25.025,0,0,0,0,0,0,0,0,0,0,0,0,0,0,0,0,0,0,0,0,0,0,0,0,0,0,0,0,0,0,0,0,0,0,0,0,0,0,0,0,0,0,0,0,0
755,25.1918,952,392,0.225656,1008,872,0.206248,944,384,0.215435,936,432,0.161981,904,416,0.115635,0,0,0,968,432,0.133386,944,376,0.115874,0,0,0,912,504,0.11654,0,0,0,0,0,0,0,0,0,0,0,0,0,0,0
760,25.3587,936,424,0.288591,936,432,0.238402,928,408,0.292171,920,432,0.240925,896,408,0.251271,952,480,0.168115,960,448,0.259721,992,472,0.173053,928,408,0.109266,912,552,0.231535,0,0,0,0,0,0,968,552,0.125806,0,0,0,0,0,0
765,25.5255,920,424,0.166052,928,432,0.136498,944,320,0.163772,928,344,0.202269,888,424,0.20836,928,464,0.12325,944,392,0.123139,984,456,0.170121,0,0,0,904,592,0.230344,0,0,0,0,0,0,968,592,0.118443,0,0,0,0,0,0
770,25.6923,984,376,0.672854,984,368,0.635317,968,360,0.674235,912,416,0.728353,984,472,0.431949,936,472,0.177599,1032,408,0.370577,1088,440,0.314342,1128,480,0.222159,928,584,0.398127,0,0,0,0,0,0,1016,592,0.268995,0,0,0,0,0,0
775,25.8592,984,368,0.437808,984,368,0.418626,968,360,0.447603,928,424,0.420705,912,328,0.252471,944,504,0.220293,960,448,0.363484,1000,496,0.221134,944,472,0.116019,928,576,0.292211,0,0,0,0,0,0,1008,576,0.142133,0,0,0,0,0,0
780,26.026,920,416,0.347523,928,400,0.300097,920,400,0.297087,928,432,0.207923,888,408,0.203641,912,432,0.112265,952,448,0.186784,904,336,0.133437,944,416,0.115122,920,496,0.200482,0,0,0,0,0,0,0,0,0,0,0,0,0,0,0
785,26.1928,960,400,0.153498,968,392,0.126601,960,384,0.151373,944,416,0.16269,816,336,0.118001,0,0,0,968,440,0.139497,912,328,0.180918,960,408,0.109686,912,512,0.249247,0,0,0,0,0,0,944,528,0.102301,0,0,0,0,0,0
790,26.3597,1008,360,0.154036,1008,360,0.127842,1008,352,0.148086,1000,384,0.209383,976,448,0.133278,0,0,0,984,384,0.162113,0,0,0,0,0,0,952,512,0.220606,0,0,0,0,0,0,0,0,0,0,0,0,0,0,0
795,26.5265,0,0,0,0,0,0,0,0,0,0,0,0,0,0,0,0,0,0,0,0,0,912,328,0.105421,0,0,0,0,0,0,0,0,0,0,0,0,0,0,0,0,0,0,0,0,0
800,26.6933,1016,304,0.240287,1000,288,0.206597,1016,288,0.219504,1040,336,0.232773,976,400,0.135803,0,0,0,960,328,0.200989,896,328,0.12855,0,0,0,0,0,0,0,0,0,0,0,0,0,0,0,0,0,0,0,0,0
805,26.8602,1032,272,0.281858,1032,256,0.225996,1024,264,0.259443,1032,296,0.203781,944,376,0.158271,0,0,0,1024,296,0.151922,0,0,0,0,0,0,912,440,0.101602,0,0,0,0,0,0,0,0,0,0,0,0,0,0,0
810,27.027,976,392,0.189409,968,392,0.168671,976,384,0.170352,960,408,0.204865,912,400,0.152333,0,0,0,944,408,0.160583,896,336,0.145478,0,0,0,920,496,0.216737,0,0,0,0,0,0,0,0,0,0,0,0,0,0,0
815,27.1938,0,0,0,0,0,0,0,0,0,0,0,0,0,0,0,0,0,0,1160,384,0.173925,0,0,0,0,0,0,0,0,0,0,0,0,0,0,0,0,0,0,0,0,0,0,0,0
820,27.3607,1040,272,0.146561,1048,272,0.1233,1024,256,0.146736,968,312,0.119658,944,328,0.158185,0,0,0,0,0,0,0,0,0,0,0,0,936,384,0.177826,0,0,0,0,0,0,1016,456,0.110182,0,0,0,0,0,0
825,27.5275,984,312,0.211016,984,296,0.189168,976,304,0.183394,960,344,0.129085,904,352,0.177419,0,0,0,1000,344,0.104511,0,0,0,0,0,0,912,408,0.137416,0,0,0,0,0,0,0,0,0,0,0,0,0,0,0
830,27.6943,960,312,0.334297,976,296,0.311045,952,304,0.353846,920,328,0.357405,856,352,0.276657,888,344,0.105935,1000,344,0.211223,0,0,0,0,0,0,888,432,0.243416,0,0,0,0,0,0,0,0,0,0,0,0,0,0,0
835,27.8612,960,280,0.217145,968,272,0.183903,944,272,0.225255,920,320,0.167799,864,336,0.208928,0,0,0,944,312,0.103139,888,272,0.113174,0,0,0,880,432,0.156053,0,0,0,0,0,0,0,0,0,0,0,0,0,0,0
840,28.028,920,320,0.102034,912,304,0.100387,920,304,0.107832,888,336,0.142054,856,352,0.118202,0,0,0,0,0,0,0,0,0,0,0,0,872,440,0.147427,0,0,0,0,0,0,0,0,0,0,0,0,0,0,0
845,28.1948,936,312,0.191289,936,304,0.151784,928,304,0.192849,896,328,0.214953,864,360,0.217561,0,0,0,936,352,0.118215,0,0,0,0,0,0,864,448,0.136638,0,0,0,0,0,0,0,0,0,0,0,0,0,0,0
850,28.3617,1112,176,0.828047,1104,152,0.808009,1096,160,0.800626,960,248,0.654612,944,344,0.34833,1016,384,0.164487,1080,224,0.409962,1104,296,0.25885,1104,328,0.244045,896,432,0.238839,888,264,0.154402,0,0,0,1024,432,0.312751,0,0,0,0,0,0
855,28.5285,1104,168,0.586738,1096,144,0.620521,1088,160,0.625983,952,256,0.347519,864,336,0.291879,904,408,0.185862,1072,208,0.195499,1120,232,0.199797,0,0,0,880,416,0.251551,0,0,0,0,0,0,1064,416,0.165905,0,0,0,0,0,0
860,28.6953,0,0,0,0,0,0,0,0,0,960,232,0.146031,920,336,0.185577,0,0,0,0,0,0,0,0,0,0,0,0,0,0,0,0,0,0,0,0,0,0,0,0,0,0,0,0,0,0
865,28.8622,1032,144,0.218795,1032,136,0.24598,1016,136,0.245142,952,232,0.360433,912,328,0.312817,912,376,0.142315,1032,248,0.152886,1072,312,0.152768,0,0,0,856,376,0.176109,0,0,0,0,0,0,944,384,0.136556,0,0,0,0,0,0
870,29.029,1016,160,0.58247,1016,160,0.613731,1008,152,0.611147,928,232,0.616876,952,328,0.459283,984,256,0.57952,1024,240,0.497289,1064,312,0.619903,968,224,0.449724,848,392,0.331954,0,0,0,0,0,0,920,408,0.233185,0,0,0,0,0,0
875,29.1958,832,448,0.255493,840,448,0.210107,832,440,0.237246,832,472,0.290568,808,512,0.168171,824,352,0.108032,824,488,0.211381,864,544,0.1272,0,0,0,824,376,0.15913,0,0,0,0,0,0,0,0,0,0,0,0,0,0,0
880,29.3627,840,424,0.105746,840,408,0.136476,848,408,0.105337,840,472,0.121117,824,384,0.113875,0,0,0,0,0,0,0,0,0,0,0,0,792,376,0.101643,0,0,0,0,0,0,0,0,0,0,0,0,0,0,0
885,29.5295,928,248,0.117713,944,240,0.123999,920,240,0.104475,896,264,0.116284,880,296,0.161958,912,280,0.115935,0,0,0,848,312,0.100047,0,0,0,920,360,0.217394,0,0,0,0,0,0,968,360,0.130231,0,0,0,0,0,0
890,29.6963,888,448,0.123818,888,440,0.127993,880,432,0.127506,864,464,0.150084,848,464,0.140774,0,0,0,904,472,0.103488,0,0,0,0,0,0,0,0,0,0,0,0,0,0,0,0,0,0,0,0,0,0,0,0
895,29.8632,832,512,0.15668,832,504,0.141687,832,504,0.136617,824,544,0.139408,0,0,0,0,0,0,0,0,0,0,0,0,0,0,0,0,0,0,0,0,0,0,0,0,0,0,0,0,0,0,0,0,0
900,30.03,0,0,0,0,0,0,0,0,0,0,0,0,0,0,0,0,0,0,0,0,0,0,0,0,0,0,0,0,0,0,0,0,0,0,0,0,0,0,0,0,0,0,0,0,0
905,30.1968,848,464,0.334865,856,456,0.276294,840,456,0.305085,808,488,0.37283,784,520,0.233135,808,496,0.145817,880,480,0.244101,888,504,0.248458,864,496,0.102525,808,600,0.253596,0,0,0,0,0,0,856,584,0.175444,0,0,0,0,0,0
910,30.3637,896,184,0.161088,912,176,0.155144,888,184,0.160332,792,360,0.109308,816,296,0.106132,0,0,0,0,0,0,0,0,0,0,0,0,0,0,0,0,0,0,0,0,0,0,0,0,0,0,0,0,0,0
915,30.5305,824,448,0.218917,832,440,0.196239,824,448,0.170515,824,472,0.208218,768,496,0.176314,0,0,0,824,432,0.205062,888,504,0.151226,0,0,0,800,552,0.221629,0,0,0,0,0,0,808,560,0.100657,0,0,0,0,0,0
920,30.6973,832,368,0.215632,848,368,0.203352,832,360,0.207355,808,408,0.176205,768,456,0.138451,0,0,0,824,400,0.170397,872,480,0.160588,0,0,0,784,528,0.154741,0,0,0,0,0,0,0,0,0,0,0,0,0,0,0
925,30.8642,864,312,0.209852,856,312,0.196459,864,312,0.187731,864,360,0.132452,920,352,0.117919,1000,320,0.119681,800,368,0.164021,920,368,0.186647,920,320,0.147262,832,432,0.116185,0,0,0,0,0,0,0,0,0,0,0,0,0,0,0
930,31.031,800,432,0.158445,800,400,0.145282,800,392,0.140963,808,456,0.162838,808,480,0.118001,0,0,0,792,432,0.117729,880,504,0.108485,0,0,0,800,544,0.125976,0,0,0,0,0,0,0,0,0,0,0,0,0,0,0
935,31.1978,808,400,0.351094,808,392,0.283251,808,400,0.332088,816,424,0.250622,768,496,0.223004,816,504,0.149247,784,408,0.213186,856,456,0.17787,840,552,0.131903,768,568,0.275358,0,0,0,0,0,0,800,560,0.13888,0,0,0,0,0,0
940,31.3647,832,376,0.264199,840,384,0.210725,832,376,0.261966,824,408,0.206087,808,416,0.117137,848,408,0.155361,776,416,0.182654,864,384,0.129485,0,0,0,0,0,0,0,0,0,0,0,0,0,0,0,0,0,0,0,0,0
945,31.5315,0,0,0,0,0,0,0,0,0,0,0,0,0,0,0,0,0,0,0,0,0,0,0,0,0,0,0,824,608,0.134038,0,0,0,0,0,0,0,0,0,0,0,0,0,0,0
950,31.6983,0,0,0,0,0,0,0,0,0,0,0,0,0,0,0,0,0,0,0,0,0,0,0,0,0,0,0,0,0,0,0,0,0,0,0,0,0,0,0,0,0,0,0,0,0
955,31.8652,0,0,0,0,0,0,0,0,0,0,0,0,0,0,0,0,0,0,0,0,0,0,0,0,0,0,0,0,0,0,0,0,0,0,0,0,0,0,0,0,0,0,0,0,0
960,32.032,0,0,0,0,0,0,0,0,0,0,0,0,0,0,0,0,0,0,0,0,0,0,0,0,0,0,0,0,0,0,0,0,0,0,0,0,0,0,0,0,0,0,0,0,0
965,32.1988,0,0,0,0,0,0,0,0,0,0,0,0,0,0,0,0,0,0,0,0,0,0,0,0,0,0,0,0,0,0,0,0,0,0,0,0,0,0,0,0,0,0,0,0,0
970,32.3657,0,0,0,0,0,0,0,0,0,0,0,0,0,0,0,0,0,0,0,0,0,0,0,0,0,0,0,768,584,0.130718,760,640,0.134765,0,0,0,0,0,0,0,0,0,0,0,0
975,32.5325,0,0,0,0,0,0,0,0,0,0,0,0,0,0,0,0,0,0,0,0,0,0,0,0,0,0,0,0,0,0,0,0,0,0,0,0,0,0,0,0,0,0,0,0,0
980,32.6993,0,0,0,0,0,0,0,0,0,0,0,0,0,0,0,0,0,0,0,0,0,0,0,0,0,0,0,792,616,0.128838,0,0,0,0,0,0,0,0,0,0,0,0,0,0,0
985,32.8662,776,328,0.263269,784,320,0.199745,768,320,0.250529,760,376,0.154363,872,136,0.196697,0,0,0,824,344,0.262028,864,128,0.243364,792,184,0.176847,776,456,0.172157,0,0,0,0,0,0,840,448,0.154826,0,0,0,0,0,0
990,33.033,0,0,0,0,0,0,0,0,0,0,0,0,0,0,0,0,0,0,0,0,0,0,0,0,0,0,0,0,0,0,0,0,0,0,0,0,0,0,0,0,0,0,0,0,0
995,33.1998,968,312,0.144546,976,312,0.169995,976,312,0.140895,992,344,0.138439,976,320,0.131234,0,0,0,968,344,0.113873,968,312,0.200372,952,368,0.132529,912,368,0.116967,0,0,0,0,0,0,0,0,0,0,0,0,0,0,0
1000,33.3667,0,0,0,0,0,0,0,0,0,0,0,0,0,0,0,0,0,0,0,0,0,912,256,0.14121,0,0,0,768,600,0.131179,0,0,0,0,0,0,0,0,0,0,0,0,0,0,0
1005,33.5335,920,152,0.626279,920,144,0.633224,912,136,0.674942,840,224,0.419421,848,312,0.419217,928,288,0.236053,912,200,0.378796,928,240,0.474808,872,224,0.361171,768,520,0.246317,768,552,0.167697,856,688,0.270209,920,368,0.147949,0,0,0,840,672,0.13782
1010,33.7003,896,344,0.159127,912,328,0.159538,920,320,0.148378,912,368,0.192184,816,488,0.131341,848,512,0.105396,904,368,0.137326,912,408,0.13716,832,368,0.104597,792,560,0.21851,840,632,0.10569,0,0,0,0,0,0,0,0,0,0,0,0
1015,33.8672,928,112,0.231119,952,288,0.214674,920,104,0.248783,848,496,0.178502,848,488,0.163697,848,544,0.162888,832,488,0.132623,864,488,0.150804,848,480,0.111756,816,568,0.348269,0,0,0,0,0,0,808,568,0.203248,0,0,0,0,0,0
1020,34.034,912,496,0.31705,904,496,0.251883,904,488,0.383341,800,312,0.227252,776,368,0.140821,888,528,0.124234,880,312,0.18606,952,264,0.114892,0,0,0,824,568,0.142054,0,0,0,0,0,0,0,0,0,0,0,0,0,0,0
1025,34.2008,840,296,0.277542,848,288,0.226633,832,288,0.276522,840,344,0.238715,896,544,0.342305,904,552,0.220922,960,448,0.26994,1000,384,0.205744,872,368,0.129953,904,552,0.397428,912,464,0.443479,968,648,0.652062,976,568,0.452501,936,456,0.202866,992,624,0.534061
1030,34.3677,904,304,0.342997,920,304,0.312549,904,304,0.327866,864,344,0.344933,816,392,0.234029,896,536,0.157271,952,360,0.416995,976,344,0.282765,968,384,0.133288,808,504,0.274772,872,544,0.126717,0,0,0,896,496,0.166806,0,0,0,0,0,0
1035,34.5345,904,544,0.293873,920,528,0.280209,904,536,0.294205,896,552,0.220949,872,528,0.260254,880,528,0.164298,912,560,0.164458,888,488,0.144787,0,0,0,792,472,0.170193,0,0,0,0,0,0,968,672,0.123631,0,0,0,0,0,0
1040,34.7013,0,0,0,0,0,0,0,0,0,0,0,0,0,0,0,0,0,0,0,0,0,880,424,0.103962,0,0,0,792,488,0.218225,0,0,0,0,0,0,0,0,0,0,0,0,0,0,0
1045,34.8682,840,472,0.20966,840,472,0.203408,832,472,0.194602,832,512,0.184677,832,448,0.170779,840,488,0.134974,840,504,0.11119,864,432,0.148039,848,448,0.109036,832,488,0.186389,0,0,0,0,0,0,864,504,0.111678,0,0,0,0,0,0
1050,35.035,0,0,0,0,0,0,0,0,0,0,0,0,0,0,0,0,0,0,0,0,0,0,0,0,0,0,0,0,0,0,0,0,0,0,0,0,0,0,0,0,0,0,0,0,0
1055,35.2018,792,456,0.104602,792,456,0.14375,0,0,0,816,456,0.156386,784,416,0.151875,0,0,0,760,448,0.136811,808,440,0.158503,0,0,0,792,576,0.188505,0,0,0,0,0,0,0,0,0,0,0,0,0,0,0
1060,35.3687,0,0,0,0,0,0,0,0,0,0,0,0,0,0,0,0,0,0,0,0,0,0,0,0,0,0,0,0,0,0,0,0,0,0,0,0,0,0,0,0,0,0,0,0,0
1065,35.5355,920,128,0.579625,920,120,0.653405,904,120,0.653731,808,184,0.616037,768,264,0.420849,848,200,0.489745,928,224,0.813909,976,296,0.551297,952,328,0.501661,792,360,0.530806,760,456,0.270292,864,520,0.10492,896,376,0.573074,928,512,0.178633,0,0,0
1070,35.7023,904,120,0.704204,912,112,0.786912,896,112,0.732866,816,184,0.782299,760,264,0.463037,872,200,0.561716,944,216,0.880896,976,296,0.794914,960,344,0.616162,792,344,0.620502,768,464,0.467967,912,648,0.257668,904,360,0.703921,944,488,0.297576,952,624,0.200368
1075,35.8692,816,264,0.114566,808,240,0.101317,0,0,0,816,280,0.102601,0,0,0,0,0,0,888,280,0.120614,976,312,0.115437,0,0,0,808,456,0.172257,0,0,0,0,0,0,0,0,0,0,0,0,0,0,0
1080,36.036,912,176,0.353083,928,176,0.369194,904,168,0.388694,856,224,0.412155,800,280,0.272901,832,272,0.185395,952,248,0.673589,1000,248,0.508699,952,192,0.3696,824,400,0.355552,832,560,0.214492,864,640,0.104487,936,384,0.484869,904,528,0.109229,0,0,0
1085,36.2028,944,248,0.514203,960,240,0.507576,936,240,0.516367,912,272,0.59512,880,256,0.249042,960,408,0.169089,992,280,0.699837,1024,264,0.497492,1064,216,0.217829,904,384,0.570236,800,424,0.337236,920,456,0.170459,976,400,0.592232,0,0,0,912,520,0.102755
1090,36.3697,992,272,0.831889,992,264,0.83569,984,256,0.854666,936,280,0.817002,944,272,0.3012,960,416,0.339009,1024,288,0.846113,1048,336,0.433095,960,256,0.186944,936,408,0.630247,864,472,0.105387,0,0,0,1008,408,0.760054,1088,480,0.384738,936,520,0.251812
1095,36.5365,1056,176,0.758519,1056,152,0.753409,1040,168,0.792884,888,240,0.814671,840,328,0.493865,832,376,0.203758,1040,240,0.570961,1040,296,0.333206,1024,344,0.233872,880,392,0.466329,848,240,0.216006,840,696,0.102003,984,392,0.506184,0,0,0,0,0,0
1100,36.7033,1000,216,0.25819,1016,192,0.204442,1000,200,0.269666,952,240,0.266744,904,224,0.290806,952,240,0.327062,1024,240,0.273694,1048,304,0.246069,0,0,0,984,376,0.402666,0,0,0,0,0,0,1040,368,0.321901,0,0,0,0,0,0
1105,36.8702,0,0,0,808,320,0.100147,0,0,0,832,352,0.130249,816,440,0.152774,824,384,0.112294,896,328,0.10319,904,336,0.112868,0,0,0,840,400,0.152228,0,0,0,0,0,0,888,408,0.131878,0,0,0,0,0,0
1110,37.037,0,0,0,0,0,0,0,0,0,864,376,0.106613,816,336,0.105163,0,0,0,0,0,0,0,0,0,0,0,0,0,0,0,0,0,0,0,0,0,0,0,0,0,0,0,0,0,0
1115,37.2038,0,0,0,0,0,0,0,0,0,816,320,0.203193,792,328,0.132694,0,0,0,904,320,0.132462,912,352,0.11511,0,0,0,824,448,0.240841,0,0,0,0,0,0,912,424,0.126691,0,0,0,0,0,0
1120,37.3707,0,0,0,0,0,0,0,0,0,824,264,0.102393,816,304,0.180933,0,0,0,0,0,0,936,312,0.128896,0,0,0,840,384,0.22519,0,0,0,0,0,0,920,392,0.185024,0,0,0,0,0,0
1125,37.5375,880,216,0.251233,896,208,0.261205,872,208,0.265867,824,256,0.240768,800,304,0.245306,0,0,0,920,248,0.271086,952,296,0.255254,952,336,0.120306,832,384,0.355884,904,544,0.198686,0,0,0,928,376,0.400322,0,0,0,0,0,0
1130,37.7043,1056,120,0.731597,1056,104,0.793633,1040,104,0.709183,944,160,0.558309,928,256,0.378268,968,352,0.245876,1024,200,0.591641,1056,280,0.447314,1048,312,0.353547,920,344,0.381082,952,536,0.197834,0,0,0,1008,368,0.495182,1040,496,0.104695,0,0,0
1135,37.8712,872,384,0.171122,872,376,0.174269,888,384,0.138376,864,408,0.194957,848,400,0.172455,856,416,0.117493,912,424,0.214202,928,472,0.216915,0,0,0,848,496,0.300524,840,464,0.193911,888,568,0.175492,896,544,0.251611,0,0,0,896,552,0.136965
1140,38.038,896,224,0.283641,888,248,0.268692,888,224,0.283424,848,296,0.480147,864,272,0.429208,960,312,0.42678,928,328,0.408946,888,272,0.174665,872,368,0.140197,832,480,0.401529,832,552,0.213265,848,624,0.157509,904,480,0.197211,952,488,0.128377,1072,680,0.108265
1145,38.2048,856,264,0.130495,864,256,0.160909,864,248,0.142883,856,304,0.214234,816,288,0.301803,824,280,0.232505,872,312,0.162557,912,376,0.122584,848,304,0.113204,856,416,0.235605,848,536,0.159677,0,0,0,872,416,0.149055,0,0,0,0,0,0
1150,38.3717,888,328,0.104334,896,296,0.109481,0,0,0,872,328,0.148828,864,280,0.122936,0,0,0,904,336,0.121243,928,376,0.129468,0,0,0,856,448,0.168182,0,0,0,0,0,0,0,0,0,0,0,0,0,0,0
1155,38.5385,0,0,0,0,0,0,0,0,0,856,216,0.113366,816,216,0.180099,832,288,0.104507,0,0,0,0,0,0,0,0,0,880,328,0.160306,0,0,0,0,0,0,920,296,0.12785,0,0,0,0,0,0
1160,38.7053,0,0,0,0,0,0,0,0,0,0,0,0,0,0,0,0,0,0,0,0,0,0,0,0,0,0,0,872,288,0.101805,0,0,0,0,0,0,0,0,0,0,0,0,0,0,0
1165,38.8722,0,0,0,0,0,0,0,0,0,0,0,0,0,0,0,0,0,0,0,0,0,0,0,0,0,0,0,0,0,0,0,0,0,0,0,0,0,0,0,0,0,0,0,0,0
1170,39.039,0,0,0,0,0,0,0,0,0,848,352,0.136194,832,360,0.119738,0,0,0,0,0,0,904,392,0.104593,0,0,0,816,464,0.131818,0,0,0,864,832,0.100623,0,0,0,0,0,0,0,0,0
1175,39.2058,0,0,0,0,0,0,0,0,0,0,0,0,0,0,0,0,0,0,0,0,0,0,0,0,0,0,0,816,448,0.142802,840,760,0.12078,864,848,0.107597,0,0,0,0,0,0,0,0,0
1180,39.3727,0,0,0,0,0,0,0,0,0,0,0,0,0,0,0,0,0,0,0,0,0,0,0,0,0,0,0,840,600,0.120389,832,760,0.143166,856,840,0.110702,0,0,0,0,0,0,0,0,0
1185,39.5395,0,0,0,0,0,0,0,0,0,0,0,0,0,0,0,0,0,0,0,0,0,0,0,0,0,0,0,816,520,0.105331,848,752,0.15729,856,840,0.359324,0,0,0,0,0,0,856,840,0.256098
1190,39.7063,856,408,0.169175,848,400,0.150611,856,408,0.148759,864,432,0.154982,808,400,0.121478,0,0,0,0,0,0,0,0,0,0,0,0,824,488,0.256386,848,720,0.20371,856,824,0.437396,0,0,0,0,0,0,856,824,0.118529
1195,39.8732,864,448,0.175923,848,456,0.159747,864,440,0.162017,872,504,0.147807,0,0,0,0,0,0,824,496,0.152919,0,0,0,0,0,0,0,0,0,840,736,0.14861,856,824,0.230214,0,0,0,0,0,0,856,824,0.137993
1200,40.04,840,440,0.325716,840,432,0.282531,840,432,0.280028,856,464,0.249571,792,488,0.18197,848,456,0.10161,880,496,0.24383,928,560,0.150075,0,0,0,832,664,0.256899,824,688,0.350406,848,824,0.479969,888,672,0.174586,896,728,0.119881,0,0,0
1205,40.2068,824,456,0.20502,832,456,0.165129,840,448,0.156271,848,464,0.185273,816,392,0.141811,0,0,0,840,480,0.141658,928,520,0.131111,0,0,0,816,544,0.262261,824,680,0.321257,840,832,0.491157,800,560,0.114161,888,704,0.112355,856,840,0.177576
1210,40.3737,0,0,0,0,0,0,0,0,0,0,0,0,0,0,0,0,0,0,0,0,0,0,0,0,0,0,0,0,0,0,0,0,0,848,840,0.157393,0,0,0,0,0,0,0,0,0
1215,40.5405,0,0,0,0,0,0,0,0,0,0,0,0,0,0,0,0,0,0,0,0,0,0,0,0,0,0,0,0,0,0,0,0,0,0,0,0,0,0,0,0,0,0,0,0,0
1220,40.7073,896,272,0.145415,896,272,0.148695,888,264,0.144584,872,296,0.115411,0,0,0,0,0,0,0,0,0,0,0,0,0,0,0,856,384,0.116231,0,0,0,0,0,0,0,0,0,0,0,0,0,0,0
1225,40.8742,888,224,0.13795,872,216,0.131423,880,216,0.141517,864,264,0.107451,0,0,0,0,0,0,872,248,0.105174,0,0,0,0,0,0,848,336,0.150821,0,0,0,0,0,0,0,0,0,0,0,0,0,0,0
1230,41.041,1072,112,0.724221,1072,80,0.720725,1056,96,0.717996,904,168,0.621452,960,248,0.336837,1040,304,0.218028,1040,136,0.38514,1064,232,0.307451,1112,256,0.12844,896,312,0.265409,0,0,0,848,840,0.154584,1008,328,0.229311,0,0,0,848,840,0.151102
1235,41.2078,1056,128,0.523956,1056,112,0.449523,1048,112,0.536216,944,168,0.667512,1008,296,0.724759,1120,280,0.497678,1016,152,0.392581,1056,240,0.387946,1040,272,0.211024,904,288,0.468473,1040,440,0.130496,0,0,0,952,312,0.362609,1016,400,0.112067,0,0,0
1240,41.3747,0,0,0,0,0,0,0,0,0,0,0,0,0,0,0,0,0,0,0,0,0,0,0,0,0,0,0,0,0,0,0,0,0,0,0,0,0,0,0,0,0,0,0,0,0
1245,41.5415,0,0,0,0,0,0,0,0,0,0,0,0,0,0,0,0,0,0,0,0,0,0,0,0,0,0,0,872,304,0.11133,0,0,0,0,0,0,0,0,0,0,0,0,0,0,0
1250,41.7083,976,200,0.263199,984,192,0.226002,968,184,0.28387,944,208,0.150524,960,296,0.221553,960,288,0.104008,944,240,0.125804,0,0,0,0,0,0,880,312,0.290086,0,0,0,0,0,0,920,328,0.185385,0,0,0,0,0,0
1255,41.8752,896,304,0.176407,904,304,0.161793,896,288,0.186045,872,320,0.221327,872,328,0.177928,912,344,0.162254,896,336,0.173374,952,352,0.160505,0,0,0,872,440,0.131734,0,0,0,0,0,0,0,0,0,0,0,0,0,0,0
1260,42.042,896,344,0.103813,904,336,0.119618,896,328,0.10156,896,360,0.120981,888,320,0.111461,0,0,0,0,0,0,0,0,0,0,0,0,0,0,0,0,0,0,0,0,0,0,0,0,0,0,0,0,0,0
1265,42.2088,904,296,0.138443,904,296,0.140021,896,280,0.149746,896,328,0.193374,928,320,0.254572,984,328,0.251515,896,328,0.159134,952,288,0.100172,0,0,0,984,480,0.279432,0,0,0,0,0,0,0,0,0,0,0,0,0,0,0
1270,42.3757,0,0,0,0,0,0,0,0,0,0,0,0,0,0,0,0,0,0,0,0,0,0,0,0,0,0,0,0,0,0,0,0,0,0,0,0,0,0,0,0,0,0,0,0,0
1275,42.5425,1032,104,0.721293,1032,80,0.776175,1024,80,0.719441,912,136,0.735973,880,272,0.375102,1024,376,0.203247,1016,176,0.782564,1024,264,0.566512,1008,248,0.256324,888,312,0.573425,928,504,0.19291,0,0,0,968,336,0.619782,984,512,0.196263,0,0,0
1280,42.7093,872,256,0.331413,872,256,0.232408,872,248,0.35236,848,296,0.381841,856,336,0.370942,952,384,0.292893,904,272,0.158896,952,264,0.261141,968,280,0.105147,880,376,0.380617,816,312,0.175651,0,0,0,952,344,0.466057,0,0,0,0,0,0
1285,42.8762,864,320,0.139283,864,320,0.13247,864,312,0.146797,848,360,0.16982,832,336,0.227672,888,368,0.132521,840,368,0.105959,0,0,0,0,0,0,0,0,0,0,0,0,0,0,0,0,0,0,0,0,0,0,0,0
1290,43.043,0,0,0,840,464,0.116252,856,464,0.10213,848,496,0.107139,0,0,0,0,0,0,0,0,0,0,0,0,0,0,0,0,0,0,0,0,0,0,0,0,0,0,0,0,0,0,0,0,0
1295,43.2098,0,0,0,0,0,0,0,0,0,824,336,0.109533,808,336,0.253609,952,416,0.342023,0,0,0,0,0,0,0,0,0,792,440,0.212988,0,0,0,0,0,0,944,360,0.26721,0,0,0,0,0,0
1300,43.3767,0,0,0,0,0,0,0,0,0,0,0,0,0,0,0,0,0,0,0,0,0,0,0,0,0,0,0,800,480,0.125168,0,0,0,0,0,0,0,0,0,0,0,0,0,0,0
1305,43.5435,0,0,0,0,0,0,0,0,0,0,0,0,768,264,0.124744,0,0,0,0,0,0,1016,224,0.14448,1024,312,0.107707,816,512,0.172419,0,0,0,0,0,0,0,0,0,0,0,0,0,0,0
1310,43.7103,0,0,0,0,0,0,0,0,0,0,0,0,0,0,0,0,0,0,0,0,0,0,0,0,0,0,0,0,0,0,0,0,0,0,0,0,0,0,0,0,0,0,0,0,0
1315,43.8772,880,432,0.108163,872,424,0.138184,872,400,0.133402,872,496,0.114518,0,0,0,0,0,0,0,0,0,0,0,0,0,0,0,0,0,0,0,0,0,0,0,0,0,0,0,0,0,0,0,0,0
1320,44.044,0,0,0,0,0,0,0,0,0,0,0,0,0,0,0,0,0,0,0,0,0,0,0,0,0,0,0,0,0,0,0,0,0,0,0,0,0,0,0,0,0,0,0,0,0
1325,44.2108,0,0,0,0,0,0,0,0,0,0,0,0,0,0,0,0,0,0,0,0,0,0,0,0,0,0,0,0,0,0,0,0,0,0,0,0,0,0,0,0,0,0,0,0,0
1330,44.3777,0,0,0,0,0,0,0,0,0,0,0,0,0,0,0,0,0,0,0,0,0,0,0,0,0,0,0,0,0,0,0,0,0,0,0,0,0,0,0,0,0,0,0,0,0
1335,44.5445,0,0,0,0,0,0,0,0,0,0,0,0,0,0,0,0,0,0,0,0,0,0,0,0,0,0,0,0,0,0,0,0,0,0,0,0,0,0,0,0,0,0,0,0,0
1340,44.7113,0,0,0,0,0,0,0,0,0,0,0,0,0,0,0,0,0,0,0,0,0,0,0,0,0,0,0,0,0,0,0,0,0,0,0,0,0,0,0,0,0,0,0,0,0
1345,44.8782,0,0,0,0,0,0,0,0,0,0,0,0,0,0,0,0,0,0,0,0,0,0,0,0,0,0,0,0,0,0,0,0,0,0,0,0,0,0,0,0,0,0,0,0,0
1350,45.045,792,216,0.13708,792,216,0.149218,792,208,0.132399,792,224,0.115886,728,240,0.146609,752,264,0.154231,816,280,0.11215,0,0,0,0,0,0,784,408,0.156254,0,0,0,0,0,0,0,0,0,0,0,0,0,0,0
1355,45.2118,0,0,0,0,0,0,0,0,0,0,0,0,0,0,0,0,0,0,0,0,0,0,0,0,0,0,0,0,0,0,0,0,0,0,0,0,0,0,0,0,0,0,0,0,0
1360,45.3787,896,336,0.101857,896,336,0.124133,904,328,0.110492,904,376,0.122992,0,0,0,0,0,0,904,384,0.100155,0,0,0,0,0,0,888,464,0.102343,0,0,0,0,0,0,0,0,0,0,0,0,0,0,0
1365,45.5455,0,0,0,0,0,0,0,0,0,0,0,0,0,0,0,0,0,0,0,0,0,0,0,0,0,0,0,0,0,0,0,0,0,0,0,0,0,0,0,0,0,0,0,0,0
1370,45.7123,0,0,0,0,0,0,0,0,0,0,0,0,0,0,0,0,0,0,0,0,0,0,0,0,0,0,0,0,0,0,0,0,0,0,0,0,0,0,0,0,0,0,0,0,0
1375,45.8792,832,384,0.11441,840,360,0.129978,0,0,0,856,400,0.124423,0,0,0,0,0,0,824,400,0.107701,0,0,0,0,0,0,808,496,0.12974,0,0,0,0,0,0,0,0,0,0,0,0,0,0,0
1380,46.046,0,0,0,0,0,0,0,0,0,0,0,0,0,0,0,0,0,0,0,0,0,0,0,0,0,0,0,0,0,0,0,0,0,0,0,0,0,0,0,0,0,0,0,0,0
1385,46.2128,0,0,0,0,0,0,0,0,0,0,0,0,0,0,0,0,0,0,0,0,0,0,0,0,0,0,0,0,0,0,0,0,0,0,0,0,0,0,0,0,0,0,0,0,0
1390,46.3797,864,360,0.133689,872,368,0.120199,856,360,0.111342,0,0,0,0,0,0,0,0,0,0,0,0,0,0,0,0,0,0,808,472,0.107065,0,0,0,0,0,0,0,0,0,0,0,0,0,0,0
1395,46.5465,864,336,0.254339,864,328,0.244579,856,328,0.220124,832,352,0.189775,792,376,0.232141,792,352,0.180556,880,360,0.150496,904,408,0.187309,0,0,0,816,448,0.410006,824,512,0.233278,824,600,0.289188,864,456,0.228035,864,520,0.154855,832,608,0.120496
1400,46.7133,872,376,0.159534,848,368,0.150815,864,368,0.124164,840,384,0.163813,808,368,0.140277,0,0,0,824,352,0.134316,904,408,0.122053,0,0,0,816,448,0.24923,824,496,0.144111,832,584,0.115485,0,0,0,0,0,0,0,0,0
1405,46.8802,840,392,0.133816,848,400,0.128553,0,0,0,848,416,0.125693,832,400,0.104477,0,0,0,864,408,0.110389,912,416,0.120903,0,0,0,816,480,0.172097,0,0,0,0,0,0,0,0,0,0,0,0,0,0,0
1410,47.047,832,392,0.147455,840,376,0.146692,832,384,0.115907,840,360,0.132718,800,336,0.152706,0,0,0,0,0,0,0,0,0,0,0,0,824,448,0.270255,856,536,0.107934,0,0,0,840,464,0.105488,0,0,0,0,0,0
1415,47.2138,920,184,0.161676,920,168,0.112001,912,176,0.143674,896,176,0.122809,904,264,0.146825,0,0,0,888,240,0.135581,0,0,0,0,0,0,816,464,0.184741,0,0,0,0,0,0,832,472,0.104583,0,0,0,0,0,0
1420,47.3807,848,384,0.173886,848,376,0.153683,848,376,0.131326,848,400,0.134282,824,392,0.179461,832,400,0.114685,0,0,0,0,0,0,0,0,0,832,480,0.301058,0,0,0,0,0,0,912,464,0.122758,0,0,0,0,0,0
1425,47.5475,1024,104,0.665748,1016,80,0.671202,1008,80,0.630218,896,168,0.653577,936,288,0.59545,1088,232,0.236516,984,152,0.481394,984,248,0.323475,1096,248,0.288986,840,432,0.401434,0,0,0,0,0,0,928,384,0.202317,984,488,0.101782,0,0,0
1430,47.7143,864,368,0.308297,864,368,0.269512,864,360,0.264391,880,400,0.252876,848,448,0.185122,864,392,0.187309,832,384,0.253321,888,392,0.132756,0,0,0,816,456,0.234602,856,560,0.118373,0,0,0,824,464,0.245708,0,0,0,0,0,0
1435,47.8812,880,384,0.158256,872,376,0.148647,880,376,0.147817,872,432,0.138103,0,0,0,0,0,0,832,408,0.199991,0,0,0,0,0,0,800,488,0.156198,0,0,0,0,0,0,0,0,0,0,0,0,0,0,0
1440,48.048,1056,88,0.577239,1048,56,0.643469,1040,64,0.596413,904,176,0.749973,984,304,0.817561,1128,224,0.634318,1056,112,0.478867,1080,192,0.266887,1096,184,0.104931,872,376,0.368858,1000,464,0.114972,0,0,0,952,384,0.248976,0,0,0,0,0,0
1445,48.2148,872,376,0.20005,872,368,0.19636,872,368,0.177655,888,376,0.131747,824,328,0.12428,0,0,0,856,368,0.107665,920,352,0.121337,0,0,0,864,440,0.194408,0,0,0,0,0,0,0,0,0,0,0,0,0,0,0
1450,48.3817,944,192,0.153363,864,224,0.125763,896,208,0.155595,872,264,0.140236,832,304,0.20498,0,0,0,888,272,0.149883,944,336,0.155701,0,0,0,864,400,0.3703,0,0,0,0,0,0,880,416,0.169366,0,0,0,0,0,0
1455,48.5485,1056,112,0.816846,1072,88,0.805212,1040,96,0.734434,952,152,0.809681,984,312,0.825394,1160,240,0.473338,1064,152,0.631462,1048,264,0.387521,1152,248,0.135298,888,344,0.512104,1000,440,0.249267,0,0,0,960,360,0.559965,1024,464,0.224843,0,0,0
1460,48.7153,880,248,0.129516,880,248,0.121802,888,240,0.1226,880,288,0.123565,840,328,0.163246,0,0,0,888,280,0.132369,944,352,0.112372,0,0,0,856,408,0.230903,0,0,0,0,0,0,888,408,0.114707,0,0,0,0,0,0
1465,48.8822,0,0,0,0,0,0,0,0,0,0,0,0,0,0,0,0,0,0,0,0,0,0,0,0,0,0,0,864,392,0.187069,0,0,0,0,0,0,0,0,0,0,0,0,0,0,0
1470,49.049,0,0,0,0,0,0,0,0,0,0,0,0,0,0,0,0,0,0,0,0,0,0,0,0,0,0,0,864,408,0.184229,0,0,0,0,0,0,0,0,0,0,0,0,0,0,0
1475,49.2158,0,0,0,840,376,0.109582,0,0,0,0,0,0,0,0,0,0,0,0,0,0,0,0,0,0,0,0,0,848,408,0.115405,0,0,0,0,0,0,0,0,0,0,0,0,0,0,0
1480,49.3827,840,400,0.121801,840,376,0.151501,832,368,0.111114,848,432,0.113115,0,0,0,0,0,0,832,408,0.120334,0,0,0,0,0,0,816,488,0.142457,0,0,0,0,0,0,0,0,0,0,0,0,0,0,0
1485,49.5495,0,0,0,0,0,0,0,0,0,0,0,0,848,384,0.100426,0,0,0,0,0,0,0,0,0,0,0,0,816,488,0.148883,0,0,0,0,0,0,0,0,0,0,0,0,0,0,0
1490,49.7163,872,264,0.175,872,256,0.171037,880,264,0.166137,880,336,0.133272,832,384,0.139781,0,0,0,872,328,0.114378,0,0,0,0,0,0,840,424,0.174263,0,0,0,0,0,0,0,0,0,0,0,0,0,0,0
1495,49.8832,856,400,0.157643,856,384,0.181411,864,376,0.148859,864,408,0.134976,0,0,0,0,0,0,848,408,0.113391,0,0,0,0,0,0,848,416,0.114023,0,0,0,0,0,0,0,0,0,0,0,0,0,0,0
1500,50.05,856,376,0.114616,848,376,0.140123,856,368,0.114822,864,440,0.104218,0,0,0,0,0,0,0,0,0,920,456,0.108501,0,0,0,824,528,0.107633,0,0,0,0,0,0,0,0,0,0,0,0,0,0,0
1505,50.2168,960,216,0.152648,872,360,0.140674,952,216,0.15013,888,312,0.113748,872,368,0.13045,880,384,0.100163,896,256,0.109404,944,376,0.100695,0,0,0,872,408,0.189795,0,0,0,0,0,0,0,0,0,0,0,0,0,0,0
1510,50.3837,944,232,0.25803,936,224,0.203789,936,224,0.237513,904,296,0.21279,872,360,0.195762,880,384,0.133843,896,288,0.182884,968,368,0.100687,0,0,0,872,408,0.237414,0,0,0,0,0,0,0,0,0,0,0,0,0,0,0
1515,50.5505,1088,72,0.117936,1072,56,0.112713,1056,56,0.18956,912,184,0.228953,880,344,0.30911,976,344,0.218483,920,184,0.115482,1016,296,0.120861,0,0,0,856,432,0.340336,0,0,0,0,0,0,952,464,0.178934,0,0,0,0,0,0
1520,50.7173,0,0,0,864,632,0.108778,0,0,0,0,0,0,0,0,0,0,0,0,0,0,0,0,0,0,0,0,0,0,0,0,0,0,0,0,0,0,0,0,0,0,0,0,0,0,0
1525,50.8842,848,256,0.332725,856,248,0.356714,848,248,0.35249,840,288,0.381651,808,312,0.245949,832,304,0.176079,904,288,0.296644,936,344,0.167228,856,256,0.254026,848,400,0.377091,0,0,0,0,0,0,912,400,0.165017,0,0,0,0,0,0
1530,51.051,864,280,0.222357,872,256,0.222268,864,264,0.210869,864,328,0.171952,800,336,0.191832,848,376,0.113858,872,312,0.151507,904,360,0.112388,0,0,0,832,424,0.182219,0,0,0,0,0,0,0,0,0,0,0,0,0,0,0
1535,51.2178,0,0,0,880,672,0.116536,0,0,0,0,0,0,840,384,0.102978,0,0,0,0,0,0,0,0,0,0,0,0,824,480,0.141607,0,0,0,0,0,0,0,0,0,0,0,0,0,0,0
1540,51.3847,872,232,0.210136,872,224,0.24318,864,224,0.215894,864,304,0.234009,816,264,0.2496,872,392,0.135969,880,296,0.228399,944,360,0.147359,856,288,0.155498,840,472,0.255172,0,0,0,0,0,0,880,432,0.104775,0,0,0,0,0,0
1545,51.5515,872,256,0.296905,872,248,0.294867,864,240,0.305316,856,288,0.269915,808,264,0.278028,912,384,0.184199,880,296,0.298719,944,368,0.159319,840,288,0.182259,864,408,0.303311,0,0,0,0,0,0,896,416,0.184445,0,0,0,0,0,0
1550,51.7183,872,248,0.585987,872,240,0.579689,864,232,0.630825,864,288,0.468191,816,256,0.313529,960,360,0.30693,904,304,0.516331,944,304,0.280616,856,280,0.274473,880,408,0.493911,0,0,0,0,0,0,928,424,0.192909,0,0,0,0,0,0
1555,51.8852,888,640,0.107894,880,640,0.122779,880,640,0.107483,0,0,0,848,304,0.112619,0,0,0,0,0,0,0,0,0,0,0,0,840,408,0.125758,0,0,0,0,0,0,0,0,0,0,0,0,0,0,0
1560,52.052,880,360,0.187131,880,360,0.152991,880,352,0.156348,880,368,0.130178,864,376,0.10645,0,0,0,864,368,0.106325,0,0,0,0,0,0,840,448,0.128519,0,0,0,0,0,0,0,0,0,0,0,0,0,0,0
1565,52.2188,0,0,0,0,0,0,0,0,0,0,0,0,0,0,0,0,0,0,0,0,0,0,0,0,0,0,0,0,0,0,0,0,0,0,0,0,0,0,0,0,0,0,0,0,0
1570,52.3857,888,344,0.222047,880,336,0.202267,880,336,0.178313,896,328,0.167871,888,352,0.140129,896,384,0.142416,872,336,0.149237,0,0,0,0,0,0,856,424,0.188552,0,0,0,0,0,0,888,432,0.105183,0,0,0,0,0,0
1575,52.5525,0,0,0,0,0,0,0,0,0,0,0,0,880,384,0.104032,0,0,0,0,0,0,0,0,0,0,0,0,864,432,0.142995,0,0,0,0,0,0,0,0,0,0,0,0,0,0,0
1580,52.7193,872,360,0.144232,872,352,0.115631,880,352,0.102127,888,368,0.125106,872,400,0.143891,0,0,0,0,0,0,0,0,0,0,0,0,840,456,0.186204,0,0,0,0,0,0,0,0,0,0,0,0,0,0,0
1585,52.8862,0,0,0,0,0,0,0,0,0,0,0,0,0,0,0,0,0,0,0,0,0,0,0,0,0,0,0,840,528,0.195732,0,0,0,0,0,0,0,0,0,0,0,0,0,0,0
1590,53.053,856,384,0.149447,872,376,0.12724,864,376,0.13145,848,440,0.10671,816,368,0.144407,0,0,0,0,0,0,0,0,0,0,0,0,832,496,0.170973,0,0,0,0,0,0,0,0,0,0,0,0,0,0,0
1595,53.2198,0,0,0,0,0,0,0,0,0,0,0,0,0,0,0,0,0,0,0,0,0,0,0,0,0,0,0,0,0,0,0,0,0,0,0,0,0,0,0,0,0,0,0,0,0
1600,53.3867,0,0,0,0,0,0,0,0,0,0,0,0,0,0,0,0,0,0,0,0,0,0,0,0,0,0,0,792,448,0.107098,0,0,0,0,0,0,0,0,0,0,0,0,0,0,0
1605,53.5535,0,0,0,0,0,0,0,0,0,0,0,0,0,0,0,0,0,0,0,0,0,0,0,0,0,0,0,0,0,0,0,0,0,0,0,0,0,0,0,0,0,0,0,0,0
1610,53.7203,0,0,0,0,0,0,0,0,0,0,0,0,0,0,0,0,0,0,0,0,0,0,0,0,0,0,0,0,0,0,0,0,0,0,0,0,0,0,0,0,0,0,0,0,0
1615,53.8872,792,432,0.156055,800,424,0.13686,792,416,0.134639,800,472,0.100929,768,480,0.118542,0,0,0,0,0,0,0,0,0,0,0,0,784,568,0.138529,0,0,0,0,0,0,0,0,0,0,0,0,0,0,0
1620,54.054,1024,120,0.381332,1024,104,0.374517,1008,104,0.335625,880,152,0.400428,832,240,0.281655,872,256,0.123472,992,160,0.238682,1040,224,0.167037,1056,232,0.12165,808,392,0.278966,0,0,0,0,0,0,936,368,0.225128,0,0,0,0,0,0
1625,54.2208,848,392,0.122328,848,392,0.119557,0,0,0,0,0,0,0,0,0,0,0,0,0,0,0,0,0,0,0,0,0,848,464,0.275539,0,0,0,856,648,0.112007,856,480,0.146276,0,0,0,0,0,0
1630,54.3877,1032,112,0.577015,1040,80,0.569265,1024,104,0.574361,888,160,0.613303,944,272,0.491508,960,272,0.126916,1024,128,0.331511,1056,160,0.274303,1096,232,0.193767,840,464,0.145623,0,0,0,0,0,0,968,352,0.169099,1024,432,0.139323,0,0,0
1635,54.5545,1040,112,0.79265,1040,96,0.804385,1024,104,0.766988,904,152,0.799451,936,280,0.658833,1072,208,0.303285,1040,152,0.783925,1032,264,0.472895,1088,216,0.397933,872,328,0.518868,976,440,0.225943,0,0,0,960,344,0.617332,1000,456,0.317448,952,672,0.139707
1640,54.7213,912,224,0.145083,904,344,0.123158,912,224,0.152388,896,352,0.153767,872,376,0.16366,928,360,0.134069,912,336,0.139951,944,368,0.121438,0,0,0,848,464,0.316166,936,584,0.100342,0,0,0,864,488,0.254039,0,0,0,0,0,0
1645,54.8882,1056,120,0.43672,1048,104,0.502675,1040,112,0.431173,904,160,0.537835,888,248,0.308431,944,384,0.200667,992,168,0.301564,1008,272,0.206951,1024,328,0.154049,864,448,0.411504,936,576,0.114393,0,0,0,936,464,0.250892,0,0,0,0,0,0
1650,55.055,1048,128,0.829692,1056,112,0.88006,1040,112,0.75687,920,160,0.696928,976,264,0.523568,1056,256,0.35752,1024,168,0.598707,1056,248,0.47462,1056,344,0.202906,856,400,0.377501,1000,464,0.132943,0,0,0,960,392,0.394973,1016,488,0.124557,0,0,0
1655,55.2218,1048,128,0.432756,1056,104,0.45888,1040,104,0.37792,928,152,0.545378,944,256,0.318638,992,264,0.190653,1024,168,0.271978,1040,240,0.262069,1048,232,0.104692,848,440,0.379536,912,584,0.109885,0,0,0,968,392,0.251758,0,0,0,0,0,0
1660,55.3887,976,200,0.147436,0,0,0,960,176,0.126115,920,176,0.387292,896,248,0.291506,960,312,0.183286,936,216,0.17955,992,320,0.171162,0,0,0,848,448,0.322662,912,584,0.137528,0,0,0,864,472,0.186854,0,0,0,0,0,0
1665,55.5555,880,328,0.113692,0,0,0,0,0,0,896,344,0.139272,888,328,0.194614,952,336,0.133342,880,344,0.104899,0,0,0,0,0,0,832,448,0.300414,0,0,0,0,0,0,832,472,0.178994,0,0,0,0,0,0
1670,55.7223,904,312,0.321438,904,312,0.267787,896,304,0.28956,888,328,0.412261,936,320,0.30548,992,256,0.195869,896,344,0.284258,928,288,0.183757,872,296,0.124717,848,472,0.460771,928,584,0.121944,0,0,0,864,480,0.261361,0,0,0,0,0,0
1675,55.8892,904,328,0.472412,904,320,0.380172,896,312,0.417232,880,344,0.433858,872,416,0.312303,920,408,0.33656,880,376,0.396991,920,296,0.270444,856,328,0.161586,856,480,0.429194,928,592,0.127924,0,0,0,880,488,0.294959,0,0,0,0,0,0
1680,56.056,880,368,0.150643,872,376,0.143501,880,360,0.132668,864,336,0.153206,840,368,0.125418,0,0,0,856,328,0.109226,920,344,0.112228,0,0,0,848,480,0.257602,0,0,0,0,0,0,864,488,0.149528,0,0,0,0,0,0
1685,56.2228,880,336,0.298001,872,328,0.250454,872,328,0.272032,872,368,0.250874,824,368,0.198767,912,384,0.231226,872,368,0.246996,912,352,0.154813,880,376,0.110054,848,472,0.405386,912,600,0.121406,0,0,0,856,488,0.266461,0,0,0,0,0,0
1690,56.3897,896,360,0.330952,888,352,0.294964,880,344,0.314943,880,384,0.31883,816,384,0.173712,880,400,0.143322,864,392,0.254529,0,0,0,0,0,0,864,488,0.351685,904,584,0.109582,0,0,0,848,488,0.256809,0,0,0,0,0,0
1695,56.5565,1040,160,0.374744,1048,144,0.414603,1032,136,0.396524,928,192,0.717801,856,176,0.612299,960,128,0.518151,1016,208,0.697424,992,280,0.338797,976,256,0.148313,880,360,0.507662,912,464,0.19297,936,608,0.107843,968,360,0.671611,1000,448,0.258067,0,0,0
1700,56.7233,864,368,0.140484,872,368,0.148208,872,360,0.119294,872,400,0.131886,0,0,0,0,0,0,856,392,0.115577,0,0,0,0,0,0,848,488,0.236391,0,0,0,0,0,0,856,496,0.158229,0,0,0,0,0,0
1705,56.8902,0,0,0,864,344,0.106669,0,0,0,0,0,0,992,288,0.279732,0,0,0,0,0,0,0,0,0,0,0,0,832,480,0.164677,0,0,0,0,0,0,0,0,0,0,0,0,0,0,0
1710,57.057,912,272,0.234237,920,272,0.20484,872,240,0.253454,856,304,0.477894,912,320,0.433568,984,248,0.337192,896,328,0.318386,904,296,0.198447,856,280,0.121301,864,472,0.388806,0,0,0,0,0,0,928,480,0.210315,0,0,0,0,0,0
1715,57.2238,952,192,0.340315,952,184,0.278552,944,176,0.346695,904,288,0.257395,928,304,0.332888,1032,272,0.184678,920,288,0.354967,984,312,0.152821,0,0,0,856,472,0.333572,976,528,0.100291,0,0,0,872,480,0.275221,0,0,0,0,0,0
1720,57.3907,968,184,0.181981,960,176,0.103955,960,176,0.150592,928,184,0.17248,912,272,0.201951,928,256,0.103753,928,240,0.133016,0,0,0,0,0,0,840,408,0.158588,0,0,0,0,0,0,0,0,0,0,0,0,0,0,0
1725,57.5575,0,0,0,0,0,0,0,0,0,0,0,0,880,264,0.145658,0,0,0,0,0,0,0,0,0,0,0,0,848,440,0.215638,0,0,0,0,0,0,872,472,0.11299,0,0,0,0,0,0
1730,57.7243,0,0,0,0,0,0,0,0,0,880,376,0.104945,848,392,0.103599,0,0,0,0,0,0,0,0,0,0,0,0,864,480,0.21992,0,0,0,0,0,0,864,488,0.171968,0,0,0,0,0,0
1735,57.8912,0,0,0,0,0,0,0,0,0,896,368,0.122932,856,408,0.101315,0,0,0,0,0,0,0,0,0,0,0,0,864,480,0.169627,0,0,0,0,0,0,864,480,0.117181,0,0,0,0,0,0
1740,58.058,0,0,0,0,0,0,0,0,0,912,152,0.167285,888,256,0.187945,0,0,0,0,0,0,0,0,0,0,0,0,856,392,0.145172,0,0,0,0,0,0,0,0,0,0,0,0,0,0,0
1745,58.2248,0,0,0,0,0,0,0,0,0,0,0,0,0,0,0,0,0,0,0,0,0,0,0,0,0,0,0,872,512,0.103615,0,0,0,0,0,0,0,0,0,0,0,0,0,0,0
1750,58.3917,0,0,0,0,0,0,0,0,0,0,0,0,0,0,0,0,0,0,0,0,0,0,0,0,0,0,0,0,0,0,0,0,0,0,0,0,0,0,0,0,0,0,0,0,0
1755,58.5585,0,0,0,0,0,0,0,0,0,0,0,0,0,0,0,0,0,0,0,0,0,0,0,0,0,0,0,0,0,0,0,0,0,0,0,0,0,0,0,0,0,0,0,0,0
1760,58.7253,880,368,0.149684,880,360,0.132631,880,360,0.146962,872,384,0.140575,840,408,0.150705,0,0,0,0,0,0,0,0,0,0,0,0,848,480,0.238138,0,0,0,0,0,0,872,504,0.163472,0,0,0,0,0,0
1765,58.8922,872,352,0.114848,0,0,0,928,176,0.108534,992,216,0.156307,944,200,0.225547,856,416,0.109776,856,360,0.115521,944,208,0.111904,0,0,0,864,504,0.323954,0,0,0,0,0,0,864,504,0.184261,0,0,0,0,0,0
1770,59.059,848,224,0.12234,856,216,0.151286,856,208,0.109888,0,0,0,840,288,0.137671,0,0,0,888,280,0.114935,0,0,0,0,0,0,840,448,0.188783,0,0,0,0,0,0,848,480,0.136378,0,0,0,0,0,0
1775,59.2258,0,0,0,0,0,0,0,0,0,0,0,0,0,0,0,0,0,0,0,0,0,0,0,0,0,0,0,0,0,0,0,0,0,0,0,0,0,0,0,0,0,0,0,0,0
1780,59.3927,0,0,0,0,0,0,0,0,0,0,0,0,0,0,0,0,0,0,0,0,0,0,0,0,0,0,0,0,0,0,0,0,0,0,0,0,0,0,0,0,0,0,0,0,0
1785,59.5595,904,200,0.147493,896,176,0.153639,896,176,0.179115,904,232,0.125925,856,248,0.125767,0,0,0,928,240,0.140689,0,0,0,0,0,0,848,480,0.231584,0,0,0,0,0,0,856,488,0.162692,0,0,0,0,0,0
1790,59.7263,880,368,0.176091,880,368,0.170516,888,368,0.166703,896,392,0.174554,840,392,0.187656,0,0,0,864,392,0.152708,0,0,0,0,0,0,848,488,0.30326,0,0,0,0,0,0,856,496,0.246496,0,0,0,0,0,0
1795,59.8932,0,0,0,0,0,0,0,0,0,0,0,0,0,0,0,0,0,0,0,0,0,0,0,0,0,0,0,0,0,0,0,0,0,0,0,0,0,0,0,0,0,0,0,0,0
1800,60.06,1040,112,0.290411,1032,88,0.276436,1024,96,0.285784,896,144,0.243989,872,216,0.229575,888,216,0.272549,0,0,0,0,0,0,0,0,0,856,344,0.226142,0,0,0,0,0,0,928,368,0.122326,0,0,0,0,0,0
1805,60.2268,0,0,0,0,0,0,0,0,0,0,0,0,0,0,0,0,0,0,0,0,0,0,0,0,0,0,0,0,0,0,0,0,0,0,0,0,0,0,0,0,0,0,0,0,0
1810,60.3937,0,0,0,0,0,0,0,0,0,0,0,0,0,0,0,0,0,0,0,0,0,0,0,0,0,0,0,0,0,0,0,0,0,0,0,0,0,0,0,0,0,0,0,0,0
1815,60.5605,1048,104,0.657153,1040,88,0.688463,1024,88,0.61884,896,152,0.616976,872,240,0.332849,1016,312,0.162375,1024,168,0.473868,1040,264,0.273671,1064,216,0.217212,872,360,0.350494,0,0,0,872,600,0.114489,976,368,0.430163,1008,488,0.115208,0,0,0
1820,60.7273,1048,120,0.822101,1048,96,0.825615,1024,104,0.714678,888,160,0.780888,960,280,0.59652,1112,304,0.50519,1032,152,0.539045,1048,240,0.298406,1072,176,0.341637,880,352,0.457817,904,432,0.115995,872,640,0.106158,968,368,0.507702,992,480,0.169132,0,0,0
1825,60.8942,1048,128,0.643773,1040,104,0.573562,1032,112,0.609786,888,160,0.622587,936,272,0.512966,1080,280,0.29251,1016,152,0.347493,1048,152,0.248466,1064,184,0.206878,880,368,0.3654,912,448,0.101338,0,0,0,960,368,0.363078,1000,464,0.121334,0,0,0
1830,61.061,1032,128,0.483064,1032,112,0.468176,1016,112,0.469006,904,152,0.56704,960,288,0.482447,1088,248,0.298386,992,160,0.332602,1040,208,0.267901,1088,208,0.283415,872,336,0.293984,952,448,0.113456,0,0,0,936,344,0.25917,992,424,0.11258,0,0,0
1835,61.2278,928,248,0.173627,920,232,0.135702,912,248,0.178816,880,320,0.153275,832,320,0.147388,888,392,0.1002,840,408,0.114539,992,344,0.101794,0,0,0,840,432,0.185204,952,576,0.120727,896,712,0.225292,840,496,0.124013,856,576,0.140608,904,696,0.24688
1840,61.3947,912,304,0.17792,904,304,0.137372,904,304,0.172058,864,336,0.145934,832,328,0.17285,0,0,0,880,328,0.123955,984,368,0.132144,0,0,0,824,456,0.368793,848,568,0.443999,872,720,0.654554,864,464,0.128657,0,0,0,912,720,0.120306
1845,61.5615,848,384,0.199146,1048,112,0.184358,1024,120,0.170941,912,176,0.154838,864,272,0.210431,880,424,0.194938,920,240,0.137267,1008,256,0.126548,0,0,0,840,392,0.311671,856,592,0.292949,856,776,0.543514,936,432,0.172294,824,616,0.121386,856,752,0.160959
1850,61.7283,0,0,0,0,0,0,0,0,0,0,0,0,848,376,0.13046,0,0,0,0,0,0,0,0,0,0,0,0,800,512,0.123871,824,656,0.117625,824,784,0.217584,0,0,0,0,0,0,0,0,0
1855,61.8952,864,384,0.292769,872,376,0.259947,864,376,0.268891,856,424,0.255455,848,392,0.156933,864,472,0.212655,832,416,0.268466,856,392,0.147149,800,400,0.101847,832,520,0.222095,792,672,0.132799,800,792,0.210141,800,528,0.165355,0,0,0,0,0,0
1860,62.062,1048,120,0.444237,1040,104,0.420784,1032,112,0.425336,840,408,0.467895,840,216,0.334212,808,280,0.253228,856,432,0.322634,1064,216,0.264059,1088,216,0.388767,808,520,0.554409,792,656,0.392508,792,784,0.639646,976,360,0.335127,800,632,0.24558,800,768,0.499136
1865,62.2288,1056,112,0.67587,1056,96,0.655966,1040,104,0.621962,896,160,0.524147,936,296,0.520626,1056,288,0.21307,1040,128,0.257489,1064,160,0.295316,1088,216,0.379865,856,352,0.354437,784,664,0.154538,784,776,0.174817,944,360,0.355524,792,680,0.101543,792,744,0.173791
1870,62.3957,1040,120,0.354437,1040,104,0.36353,1024,104,0.309869,904,152,0.401663,856,232,0.277506,840,488,0.197082,1016,160,0.265947,1040,224,0.234701,1080,224,0.4747,776,544,0.380166,776,656,0.245408,792,784,0.338565,944,352,0.359162,944,472,0.184979,792,760,0.271004
1875,62.5625,1056,120,0.794533,1056,96,0.766251,1040,104,0.690066,904,152,0.639658,848,224,0.367234,816,280,0.164378,1048,152,0.555104,1048,224,0.324024,1088,216,0.593491,856,344,0.439037,776,664,0.159185,792,800,0.170732,952,360,0.436597,952,496,0.179974,792,760,0.18637
1880,62.7293,1056,120,0.852324,1056,96,0.844828,1040,104,0.775528,896,160,0.795624,944,296,0.590423,1040,272,0.327638,1056,152,0.782774,1072,216,0.477425,1096,208,0.541555,880,344,0.503828,776,664,0.15427,792,792,0.217748,968,360,0.546227,960,504,0.271987,848,640,0.202712
1885,62.8962,1056,120,0.417144,1056,88,0.387496,1048,104,0.375886,896,160,0.334316,840,240,0.313945,832,272,0.158505,800,456,0.151603,1056,240,0.131442,0,0,0,856,376,0.290414,776,640,0.228364,784,784,0.304618,944,384,0.355402,944,512,0.181245,0,0,0
1890,63.063,1048,136,0.234489,1048,112,0.169697,1032,112,0.181111,896,160,0.295907,864,240,0.282964,896,312,0.122505,816,472,0.126811,968,304,0.150531,0,0,0,848,368,0.368845,768,680,0.115004,0,0,0,920,392,0.272881,0,0,0,0,0,0
1895,63.2298,792,504,0.137824,800,504,0.130642,0,0,0,800,528,0.119209,776,608,0.123967,0,0,0,816,504,0.153555,856,504,0.121916,0,0,0,776,592,0.241305,768,664,0.12501,784,784,0.119461,0,0,0,0,0,0,0,0,0
1900,63.3967,840,352,0.160963,848,360,0.151015,832,344,0.154936,808,400,0.130789,792,416,0.130668,0,0,0,816,424,0.133537,0,0,0,0,0,0,776,552,0.191164,0,0,0,0,0,0,0,0,0,0,0,0,0,0,0
1905,63.5635,912,176,0.252691,920,168,0.20484,896,160,0.280928,872,184,0.340402,840,184,0.435746,824,280,0.184996,896,248,0.244833,944,336,0.146454,0,0,0,832,376,0.376492,776,648,0.128283,784,784,0.200462,888,392,0.259332,0,0,0,808,760,0.109309
1910,63.7303,848,392,0.340723,848,392,0.314287,840,384,0.31293,840,432,0.280314,800,472,0.182075,832,472,0.196754,816,440,0.269759,864,480,0.153719,808,408,0.10444,792,528,0.329322,776,664,0.203617,784,792,0.282285,768,536,0.305155,776,640,0.153582,792,744,0.23243
1915,63.8972,840,376,0.234147,840,384,0.224702,840,376,0.224749,816,416,0.20301,776,408,0.159471,792,424,0.129118,816,512,0.186481,856,480,0.146638,0,0,0,776,528,0.260752,768,632,0.38154,784,776,0.452303,768,560,0.17267,0,0,0,792,752,0.207247
1920,64.064,824,392,0.171255,840,400,0.139082,824,384,0.158785,808,408,0.148646,840,224,0.195319,848,456,0.11557,1024,192,0.124891,1008,296,0.189895,0,0,0,776,528,0.282253,776,616,0.328154,792,776,0.432364,960,352,0.154749,0,0,0,808,784,0.166441
1925,64.2308,1048,144,0.937676,1056,120,0.954714,1032,120,0.865002,896,160,0.8183,840,240,0.398801,816,256,0.277603,1048,176,0.871703,1072,240,0.579048,1088,208,0.603609,816,360,0.418459,776,608,0.238421,784,776,0.33683,960,368,0.648403,928,528,0.249108,816,784,0.106491
1930,64.3977,1048,144,0.931945,1056,120,0.927495,1032,120,0.852632,904,168,0.784218,840,232,0.320869,816,248,0.261447,1056,184,0.800728,1080,264,0.484202,1096,216,0.429993,824,368,0.395464,776,632,0.224586,784,776,0.346045,976,376,0.576212,936,520,0.242039,816,784,0.10453
1935,64.5645,808,400,0.184333,1056,120,0.173293,1040,120,0.174254,912,168,0.245381,832,248,0.258886,808,256,0.293125,1040,216,0.26911,1040,288,0.235269,1048,336,0.137865,776,544,0.277146,784,640,0.288179,784,776,0.436659,968,376,0.429198,920,528,0.139538,816,792,0.116746
1940,64.7313,1056,128,0.760808,1064,112,0.784569,1048,112,0.742175,920,160,0.638171,840,224,0.418325,808,256,0.433229,1056,192,0.658404,1072,256,0.321153,1048,336,0.189231,840,344,0.359415,784,632,0.229794,784,776,0.352761,968,368,0.492186,912,528,0.174522,0,0,0
1945,64.8982,1056,136,0.780509,1056,112,0.818323,1040,112,0.745256,920,152,0.807722,840,192,0.657233,808,256,0.611504,1056,192,0.846433,1080,232,0.401948,1096,216,0.206821,856,320,0.451971,784,640,0.149851,784,776,0.280257,960,352,0.732464,944,504,0.295494,0,0,0
1950,65.065,1064,120,0.854087,1056,104,0.920464,1048,96,0.810367,920,152,0.791126,840,216,0.540746,808,248,0.473445,1056,184,0.840254,1104,208,0.628429,1112,208,0.437938,856,344,0.471461,784,632,0.155289,784,776,0.364219,976,360,0.698239,952,512,0.29025,864,624,0.152024
1955,65.2318,1048,120,0.626615,1048,104,0.708909,1032,96,0.636646,920,152,0.721703,840,232,0.412182,808,256,0.282225,1048,184,0.810375,1088,208,0.549163,1120,216,0.339099,840,352,0.411679,776,648,0.168417,784,792,0.311312,968,360,0.621038,936,536,0.214259,0,0,0
1960,65.3987,1056,120,0.748967,1048,104,0.786568,1040,104,0.734697,912,160,0.708167,840,224,0.44319,808,256,0.450751,1056,184,0.774462,1080,224,0.433658,1056,272,0.151144,832,352,0.443376,776,600,0.297738,784,784,0.587947,960,376,0.56617,936,536,0.303053,808,784,0.225615
1965,65.5655,1056,128,0.855626,1056,104,0.916366,1032,104,0.784464,912,168,0.780661,904,320,0.448438,1000,376,0.288854,1064,192,0.848118,1104,248,0.499421,1096,296,0.485821,848,368,0.493202,776,664,0.118707,792,784,0.120911,984,384,0.706675,976,536,0.286965,0,0,0
1970,65.7323,1040,120,0.326484,1040,104,0.382433,1024,104,0.326183,920,160,0.430124,872,264,0.273454,0,0,0,1056,184,0.525119,1088,224,0.349239,1104,272,0.375975,784,528,0.203566,776,696,0.178787,792,792,0.228889,960,368,0.336119,0,0,0,0,0,0
1975,65.8992,872,376,0.178495,880,376,0.172506,872,360,0.171822,880,432,0.103984,824,448,0.13292,880,456,0.147018,848,424,0.125812,1008,264,0.132567,0,0,0,824,520,0.164302,776,680,0.147933,792,760,0.104399,0,0,0,0,0,0,784,776,0.142657
1980,66.066,1040,128,0.813769,1040,112,0.819954,1024,112,0.779956,888,168,0.786298,936,304,0.738484,1048,304,0.398762,1024,176,0.806477,1040,264,0.66579,1088,320,0.242933,872,352,0.505121,784,680,0.160417,792,792,0.356658,960,376,0.55869,984,504,0.316586,912,632,0.152322
1985,66.2328,1040,128,0.768934,1048,104,0.773138,1024,104,0.71904,888,168,0.760747,904,272,0.511933,1008,296,0.429813,1024,168,0.740576,1040,264,0.426538,1080,304,0.333037,880,368,0.476554,776,672,0.187089,792,800,0.354074,976,384,0.550252,992,536,0.175574,800,800,0.256329
1990,66.3997,1048,120,0.801008,1048,104,0.807765,1032,104,0.766778,880,184,0.779804,920,328,0.838905,1064,304,0.467569,1040,160,0.759332,1064,248,0.429399,1088,320,0.457118,856,368,0.448981,776,712,0.104206,784,792,0.13167,936,376,0.433226,960,456,0.11187,0,0,0
1995,66.5665,1032,120,0.433403,1024,88,0.428632,1016,104,0.418636,880,184,0.7388,912,320,0.850157,1048,264,0.432314,1000,152,0.496411,1016,224,0.237972,1064,248,0.336068,864,376,0.432407,968,480,0.183038,792,792,0.129391,920,376,0.369531,1000,456,0.123517,792,824,0.124469
2000,66.7333,848,432,0.234734,848,416,0.21944,848,416,0.202719,872,472,0.197315,784,456,0.199076,832,504,0.17075,840,456,0.26993,920,424,0.11666,840,488,0.100237,808,568,0.339229,792,712,0.245648,784,816,0.468116,776,576,0.216676,808,688,0.226477,800,808,0.269876
2005,66.9002,872,232,0.413215,864,224,0.387471,856,224,0.441683,832,264,0.314573,952,328,0.332854,928,344,0.202126,880,288,0.354963,936,320,0.331799,856,296,0.135316,864,408,0.561312,792,696,0.295368,792,816,0.598842,880,424,0.285772,784,656,0.242363,784,808,0.325729
2010,67.067,896,248,0.340002,904,232,0.329713,888,240,0.345131,864,288,0.256626,808,312,0.214159,864,384,0.170883,816,424,0.237851,976,384,0.204759,856,288,0.122231,864,408,0.370936,792,712,0.237567,784,816,0.469664,784,568,0.228226,792,680,0.238633,784,808,0.326627
2015,67.2338,864,496,0.104462,0,0,0,0,0,0,0,0,0,808,464,0.123325,0,0,0,824,448,0.121858,0,0,0,0,0,0,808,592,0.187047,792,712,0.252987,784,816,0.430128,784,592,0.144024,0,0,0,776,824,0.198775
2020,67.4007,912,424,0.157804,832,312,0.153384,904,416,0.152721,888,488,0.154454,808,352,0.145752,880,504,0.102353,832,464,0.22417,0,0,0,0,0,0,824,584,0.231941,792,720,0.262565,784,824,0.410496,784,584,0.200994,776,680,0.142329,792,800,0.234268
2025,67.5675,888,304,0.134661,864,272,0.104367,936,216,0.105942,904,264,0.137751,832,320,0.17094,0,0,0,896,256,0.125991,928,336,0.112576,0,0,0,872,392,0.399226,792,712,0.321592,784,816,0.440546,904,400,0.14368,0,0,0,800,808,0.247924
2030,67.7343,904,392,0.170588,864,400,0.155712,904,384,0.179169,880,448,0.200067,824,464,0.142728,880,512,0.12529,840,432,0.228037,0,0,0,0,0,0,808,568,0.269056,792,720,0.235603,784,816,0.280115,784,584,0.179224,808,696,0.141517,792,808,0.231127
2035,67.9012,920,216,0.231717,920,216,0.218661,912,208,0.225395,880,296,0.18654,832,328,0.218816,0,0,0,840,456,0.184862,936,320,0.106605,888,296,0.104805,872,392,0.346373,792,720,0.211968,784,816,0.268892,792,592,0.23122,808,704,0.124001,792,808,0.237617
2040,68.068,840,288,0.155608,848,424,0.15267,856,416,0.129947,856,304,0.157261,816,328,0.219857,0,0,0,840,456,0.155377,0,0,0,0,0,0,864,392,0.303828,792,728,0.250966,792,816,0.286588,784,592,0.186742,800,712,0.107925,800,816,0.268641
2045,68.2348,0,0,0,840,432,0.102529,872,392,0.102383,0,0,0,0,0,0,0,0,0,848,472,0.108436,0,0,0,0,0,0,800,592,0.220078,784,720,0.27417,792,816,0.339428,784,592,0.12737,0,0,0,792,816,0.293967
2050,68.4017,912,392,0.118111,872,392,0.118376,912,392,0.135208,880,472,0.124514,832,360,0.132713,0,0,0,848,456,0.161142,0,0,0,0,0,0,808,592,0.227397,784,720,0.231377,784,816,0.312515,784,592,0.149365,0,0,0,792,816,0.289109
2055,68.5685,0,0,0,0,0,0,0,0,0,0,0,0,888,264,0.120038,0,0,0,0,0,0,0,0,0,0,0,0,864,368,0.29762,792,728,0.178134,792,816,0.180063,952,384,0.205357,0,0,0,808,816,0.225591
2060,68.7353,1072,112,0.571782,1072,96,0.522173,1064,104,0.572118,952,160,0.631618,952,304,0.715585,1112,256,0.290516,1032,160,0.346398,1000,256,0.263975,0,0,0,872,360,0.534856,1000,472,0.213939,792,816,0.21935,936,376,0.490544,1000,512,0.23512,808,816,0.249787
2065,68.9022,832,400,0.118398,848,400,0.12626,0,0,0,960,176,0.228527,912,296,0.280189,944,320,0.122935,1016,160,0.128409,1016,248,0.245444,1048,248,0.109142,864,392,0.300001,784,720,0.267812,792,816,0.257462,784,600,0.151449,0,0,0,800,816,0.269259
2070,69.069,904,224,0.112722,0,0,0,896,224,0.106266,872,256,0.136766,832,304,0.186995,912,288,0.100018,896,280,0.138862,968,320,0.150535,1056,296,0.104438,840,400,0.317566,784,712,0.237168,784,816,0.35105,912,424,0.150926,0,0,0,800,816,0.229065
2075,69.2358,904,248,0.391665,904,232,0.319828,896,232,0.414075,864,264,0.374425,944,344,0.325124,904,376,0.160955,896,304,0.397115,944,344,0.376279,856,288,0.135414,856,416,0.501009,784,712,0.277916,784,816,0.395993,912,432,0.204836,808,704,0.135918,792,808,0.327932
2080,69.4027,984,200,0.210506,1008,144,0.135902,984,168,0.1434,936,160,0.354484,944,336,0.332442,936,288,0.151451,992,176,0.23055,1000,280,0.262294,1064,248,0.386317,848,376,0.30151,792,712,0.244495,784,816,0.428153,928,392,0.257548,768,688,0.129974,792,808,0.328679
2085,69.5695,936,232,0.224058,944,232,0.120545,928,240,0.195406,880,208,0.306993,856,288,0.279846,904,376,0.196274,912,288,0.233382,960,344,0.26842,1032,256,0.178123,848,408,0.411937,784,720,0.281763,784,816,0.416318,920,424,0.297973,808,704,0.106389,776,816,0.279363
2090,69.7363,1048,120,0.659736,1048,104,0.710171,1032,104,0.588233,920,176,0.687485,944,328,0.709196,1008,272,0.316292,1024,168,0.451372,1000,272,0.292146,1040,256,0.271893,872,368,0.481923,784,720,0.287478,784,816,0.559388,944,376,0.508651,968,504,0.169496,776,816,0.301394
2095,69.9032,1056,128,0.782315,1056,104,0.786362,1040,104,0.698092,912,176,0.784297,944,336,0.75084,1016,272,0.363347,1048,168,0.696765,1056,232,0.3199,1080,224,0.295261,880,368,0.532317,784,720,0.283538,784,816,0.541259,952,376,0.598191,992,496,0.200255,776,816,0.306151
2100,70.07,1048,120,0.545286,1048,96,0.537726,1032,96,0.479371,896,160,0.720987,912,304,0.526061,1040,272,0.35774,1056,160,0.55745,1048,232,0.282486,1080,240,0.213709,856,392,0.44873,784,720,0.236131,784,816,0.42488,952,400,0.334562,776,688,0.140764,776,816,0.328375
2105,70.2368,960,208,0.245548,960,200,0.15107,952,192,0.201894,920,184,0.290609,920,328,0.60715,1024,256,0.26875,904,264,0.21814,944,312,0.290464,1056,272,0.338111,840,400,0.384671,784,720,0.232068,784,816,0.320667,912,416,0.290907,0,0,0,792,816,0.21014
2110,70.4037,904,240,0.282545,904,232,0.231905,896,232,0.31431,880,272,0.281832,920,328,0.304783,1024,280,0.149898,896,296,0.288624,936,328,0.217266,864,296,0.100975,848,416,0.40245,784,720,0.272323,784,816,0.364612,896,432,0.212442,0,0,0,776,824,0.240364
2115,70.5705,912,224,0.241058,912,224,0.158697,904,216,0.249541,872,240,0.245322,880,320,0.231584,880,424,0.154283,896,272,0.253789,952,328,0.212585,0,0,0,840,408,0.251589,784,712,0.205794,784,808,0.324323,920,424,0.179697,0,0,0,792,816,0.266366
2120,70.7373,848,440,0.10611,848,424,0.135286,0,0,0,840,248,0.129583,800,264,0.163278,816,256,0.132181,896,288,0.107089,936,328,0.169735,0,0,0,824,384,0.220626,784,720,0.163305,784,800,0.159253,880,392,0.110025,0,0,0,784,816,0.132229
2125,70.9042,920,232,0.32754,928,216,0.276016,912,216,0.319278,864,224,0.232092,920,328,0.379561,1016,264,0.139925,880,280,0.289137,920,328,0.337882,960,312,0.101955,832,416,0.41571,784,728,0.135565,0,0,0,888,424,0.284595,0,0,0,0,0,0
2130,71.071,944,208,0.299442,936,208,0.184093,928,200,0.246236,880,192,0.450547,912,320,0.767955,1024,272,0.314714,896,264,0.225397,960,272,0.285001,1056,280,0.245332,832,400,0.416033,784,736,0.106056,0,0,0,896,408,0.309475,0,0,0,0,0,0
2135,71.2378,912,224,0.366919,920,216,0.288472,904,208,0.3695,872,232,0.362502,920,320,0.531508,1016,312,0.161068,872,256,0.300057,920,328,0.229651,0,0,0,832,416,0.398723,0,0,0,0,0,0,888,424,0.298374,0,0,0,792,816,0.100604
2140,71.4047,920,232,0.458657,920,224,0.40101,912,216,0.442951,872,240,0.40181,920,320,0.585674,1024,312,0.294897,888,280,0.401478,952,304,0.337742,1056,288,0.131356,832,408,0.462314,784,736,0.100895,0,0,0,888,424,0.359602,0,0,0,0,0,0
2145,71.5715,968,96,0.234123,984,80,0.218931,968,64,0.249702,896,168,0.505059,896,312,0.698968,1024,296,0.428764,1040,184,0.338328,1040,264,0.232457,1056,288,0.290579,848,392,0.291977,0,0,0,0,0,0,952,384,0.256463,0,0,0,0,0,0
2150,71.7383,936,216,0.124206,792,608,0.11165,960,48,0.106692,888,184,0.180122,912,320,0.461971,1032,296,0.181706,0,0,0,968,288,0.118718,1056,288,0.181879,832,400,0.181405,0,0,0,0,0,0,904,416,0.123892,0,0,0,0,0,0
2155,71.9052,912,224,0.110318,0,0,0,904,216,0.109279,872,232,0.151094,912,320,0.343898,1040,304,0.12856,888,272,0.12622,952,328,0.128927,0,0,0,824,400,0.155141,0,0,0,0,0,0,896,416,0.11065,0,0,0,0,0,0
2160,72.072,832,376,0.134549,832,376,0.125968,880,224,0.137858,848,296,0.133781,816,352,0.124298,0,0,0,880,296,0.135407,0,0,0,0,0,0,832,416,0.170186,0,0,0,0,0,0,0,0,0,0,0,0,0,0,0
2165,72.2388,936,224,0.27461,928,216,0.216425,912,216,0.282297,880,240,0.261397,904,320,0.3241,928,288,0.125301,888,264,0.249546,952,328,0.132337,0,0,0,832,400,0.219498,0,0,0,0,0,0,896,408,0.152132,0,0,0,0,0,0
2170,72.4057,928,224,0.269772,936,216,0.204148,920,216,0.273292,880,232,0.274975,912,320,0.351373,928,288,0.128538,888,264,0.243581,952,328,0.137516,0,0,0,832,400,0.197068,0,0,0,0,0,0,904,408,0.149057,0,0,0,0,0,0
2175,72.5725,920,232,0.241436,920,224,0.190441,904,216,0.252018,880,248,0.158154,904,312,0.179306,920,288,0.10604,888,280,0.194122,944,336,0.118673,0,0,0,832,400,0.145721,0,0,0,0,0,0,0,0,0,0,0,0,0,0,0
2180,72.7393,920,232,0.333277,928,224,0.264438,912,216,0.33539,872,240,0.377244,920,320,0.538263,1024,312,0.237724,888,264,0.309423,952,304,0.192441,0,0,0,832,408,0.241756,0,0,0,0,0,0,888,416,0.161019,0,0,0,0,0,0
2185,72.9062,960,224,0.204473,952,216,0.121462,944,224,0.151099,888,224,0.294386,920,320,0.712137,1056,304,0.393631,1048,184,0.139267,1008,272,0.163555,1072,280,0.18406,840,384,0.202559,0,0,0,0,0,0,896,392,0.135321,0,0,0,0,0,0
2190,73.073,912,216,0.1649,904,208,0.136565,896,208,0.16358,872,240,0.138877,920,328,0.174691,0,0,0,888,280,0.154515,920,336,0.146809,0,0,0,832,400,0.231749,0,0,0,0,0,0,888,416,0.121516,0,0,0,0,0,0
2195,73.2398,920,216,0.310245,912,216,0.226707,912,200,0.295541,872,232,0.241327,912,328,0.180035,0,0,0,888,272,0.269966,920,336,0.186118,0,0,0,824,392,0.288223,0,0,0,0,0,0,888,400,0.148088,0,0,0,0,0,0
2200,73.4067,912,232,0.268667,912,224,0.229831,872,224,0.281146,832,256,0.254485,792,264,0.186168,824,272,0.110075,896,280,0.312728,928,336,0.228674,0,0,0,832,392,0.325214,0,0,0,0,0,0,896,400,0.226204,0,0,0,0,0,0
2205,73.5735,0,0,0,0,0,0,0,0,0,920,176,0.194998,904,304,0.393414,0,0,0,0,0,0,1016,248,0.143836,1064,288,0.186558,840,360,0.183571,0,0,0,0,0,0,912,376,0.140571,0,0,0,0,0,0
2210,73.7403,840,376,0.149801,840,392,0.170219,840,376,0.137057,856,312,0.152372,808,328,0.173657,840,384,0.101885,880,296,0.130955,904,368,0.110864,0,0,0,840,408,0.232281,0,0,0,0,0,0,0,0,0,0,0,0,0,0,0
2215,73.9072,1040,128,0.682279,1040,112,0.720514,1024,112,0.651022,896,168,0.721824,904,312,0.670056,1016,296,0.341249,1032,168,0.589858,1048,240,0.360509,1048,280,0.349203,856,376,0.484205,960,464,0.172982,0,0,0,944,384,0.455475,984,504,0.179075,0,0,0
2220,74.074,920,232,0.272622,912,232,0.210823,904,224,0.275783,872,248,0.26505,928,336,0.339033,912,352,0.154694,896,296,0.32031,944,328,0.272137,912,328,0.100651,856,424,0.347446,0,0,0,0,0,0,904,440,0.182202,0,0,0,0,0,0
2225,74.2408,1040,128,0.791111,1048,112,0.828892,1024,104,0.722078,920,160,0.770711,904,312,0.738307,1056,256,0.346505,1024,176,0.521778,1016,248,0.259049,1088,264,0.472963,824,368,0.393347,936,424,0.112186,0,0,0,888,392,0.3694,0,0,0,0,0,0
2230,74.4077,1048,128,0.144773,1056,112,0.137338,0,0,0,896,184,0.110169,880,296,0.202312,0,0,0,912,248,0.105202,952,296,0.112162,1056,280,0.20909,840,400,0.178786,0,0,0,0,0,0,920,416,0.18803,0,0,0,0,0,0
2235,74.5745,864,224,0.363885,856,224,0.330396,856,216,0.408769,832,256,0.365087,920,328,0.401718,904,344,0.194747,880,288,0.470846,928,328,0.37116,832,232,0.109577,840,408,0.485667,0,0,0,0,0,0,888,424,0.298481,0,0,0,0,0,0
2240,74.7413,928,248,0.124398,856,400,0.119775,0,0,0,864,232,0.190857,832,296,0.219092,0,0,0,896,272,0.139908,952,312,0.13618,0,0,0,840,408,0.288615,0,0,0,0,0,0,912,416,0.157684,0,0,0,0,0,0
2245,74.9082,1056,128,0.891765,1056,104,0.939019,1040,112,0.760656,912,160,0.748231,936,320,0.802941,1048,248,0.411538,1032,168,0.590496,1072,208,0.31476,1072,224,0.445228,840,368,0.481692,976,440,0.196746,0,0,0,912,384,0.584417,984,512,0.186505,0,0,0
2250,75.075,1040,144,0.427913,1048,120,0.378933,1032,120,0.400774,928,168,0.480772,944,320,0.624749,968,312,0.267832,976,184,0.318969,976,296,0.340977,1056,240,0.447046,856,400,0.514724,1000,472,0.16444,0,0,0,920,408,0.420851,1008,544,0.165597,0,0,0
2255,75.2418,928,224,0.333295,928,232,0.241964,920,216,0.331613,888,232,0.324191,840,304,0.274757,912,344,0.233342,904,272,0.321648,952,336,0.250256,0,0,0,848,416,0.431729,0,0,0,0,0,0,912,416,0.184183,0,0,0,0,0,0
2260,75.4087,952,216,0.286805,952,208,0.205191,936,200,0.260382,896,216,0.309245,856,304,0.262617,952,248,0.236184,920,264,0.250071,992,248,0.154777,0,0,0,848,408,0.339812,784,736,0.119055,784,800,0.159646,784,584,0.148239,0,0,0,792,808,0.113179
2265,75.5755,1048,128,0.819278,1056,112,0.855096,1032,112,0.720212,928,160,0.762689,928,328,0.554901,1048,280,0.415847,1056,184,0.720569,1048,288,0.3237,1064,248,0.416894,840,360,0.352734,776,736,0.107165,0,0,0,936,384,0.403432,0,0,0,0,0,0
2270,75.7423,1056,120,0.836722,1056,104,0.9273,1040,104,0.791888,920,160,0.823545,912,320,0.876684,1048,280,0.555229,1056,176,0.818762,1056,272,0.449897,1080,264,0.376846,888,368,0.460875,976,464,0.276403,928,688,0.164457,952,368,0.509008,1008,512,0.241614,0,0,0
2275,75.9092,1056,120,0.902736,1064,104,0.966672,1040,104,0.833664,928,168,0.822818,920,312,0.840697,1024,280,0.586241,1048,176,0.801205,1040,272,0.501488,1064,256,0.531145,888,360,0.375886,984,480,0.196598,920,688,0.106297,944,368,0.549918,992,512,0.154029,0,0,0
2280,76.076,1056,128,0.897157,1056,112,0.934853,1040,112,0.825152,936,160,0.797055,928,328,0.723794,1040,264,0.624504,1032,184,0.746821,1040,272,0.419436,1064,240,0.457428,856,280,0.247885,784,712,0.227761,784,816,0.307198,928,392,0.259013,0,0,0,800,816,0.198652
2285,76.2428,1048,128,0.839736,1056,112,0.886516,1032,104,0.769959,944,152,0.778463,912,328,0.658598,1056,264,0.607834,1040,184,0.672542,1048,272,0.366572,1056,256,0.391797,840,400,0.343856,784,712,0.220486,784,816,0.335634,912,416,0.288048,0,0,0,792,808,0.249763
2290,76.4097,1056,120,0.389352,1056,112,0.417854,1040,112,0.338001,920,176,0.407491,896,320,0.796208,1024,296,0.429108,1024,184,0.212665,1008,264,0.275825,1056,280,0.449246,840,392,0.411376,784,720,0.17657,784,816,0.275274,896,408,0.30763,0,0,0,792,816,0.249771
2295,76.5765,1056,128,0.7793,1056,112,0.85004,1040,112,0.707084,952,152,0.714853,904,304,0.671797,1032,280,0.562042,1040,176,0.605075,1040,264,0.367365,1056,256,0.541686,848,384,0.288753,784,680,0.225149,784,808,0.308035,928,392,0.217261,0,0,0,792,816,0.243895
2300,76.7433,1048,128,0.87546,1056,112,0.938259,1040,112,0.83486,944,160,0.870707,904,320,0.761785,1024,280,0.547062,1048,184,0.773013,1072,280,0.547746,1056,264,0.507217,848,232,0.401748,784,680,0.152832,784,792,0.230085,968,312,0.290598,1032,376,0.103568,792,816,0.149132
2305,76.9102,1048,136,0.911414,1056,120,0.951944,1032,120,0.868593,936,160,0.869933,904,312,0.835735,1024,280,0.457906,1056,184,0.877226,1064,272,0.566728,1072,288,0.530365,840,216,0.340269,0,0,0,776,792,0.117392,968,320,0.238009,0,0,0,0,0,0
2310,77.077,1048,120,0.623019,1056,112,0.667157,1032,104,0.559979,928,152,0.650615,896,312,0.560831,1024,288,0.356955,1048,184,0.544335,1040,280,0.325824,1056,288,0.432536,832,344,0.230699,0,0,0,0,0,0,928,416,0.262958,0,0,0,0,0,0
2315,77.2438,1048,128,0.651956,1048,112,0.696311,1032,112,0.645886,928,152,0.616358,888,304,0.493596,1008,336,0.209468,1048,192,0.602807,1040,280,0.394278,1064,288,0.484014,840,304,0.261646,0,0,0,0,0,0,944,368,0.385842,944,488,0.116596,0,0,0
2320,77.4107,832,368,0.228965,808,392,0.201251,832,360,0.171932,888,336,0.191434,904,320,0.157688,1032,336,0.206648,800,432,0.160603,904,320,0.143985,0,0,0,784,520,0.250547,744,640,0.125071,0,0,0,0,0,0,0,0,0,0,0,0
2325,77.5775,1048,136,0.844613,1056,112,0.861979,1032,112,0.770921,912,160,0.684545,856,288,0.618522,984,336,0.453236,1024,192,0.64824,1016,280,0.318857,1072,224,0.325299,832,336,0.328046,0,0,0,0,0,0,928,368,0.348008,0,0,0,0,0,0
2330,77.7443,1040,136,0.817296,1048,120,0.824771,1032,120,0.786593,896,160,0.77946,808,272,0.504822,888,312,0.383031,1016,216,0.728371,1032,280,0.463823,1064,352,0.50525,824,312,0.28192,0,0,0,0,0,0,928,352,0.32107,0,0,0,0,0,0
2335,77.9112,760,496,0.166624,768,472,0.179182,752,472,0.12005,768,488,0.10954,752,584,0.100426,0,0,0,792,488,0.119595,840,456,0.143324,0,0,0,752,560,0.149595,0,0,0,0,0,0,0,0,0,0,0,0,0,0,0
2340,78.078,0,0,0,0,0,0,0,0,0,0,0,0,0,0,0,0,0,0,0,0,0,0,0,0,0,0,0,0,0,0,0,0,0,0,0,0,0,0,0,0,0,0,0,0,0
2345,78.2448,936,160,0.395972,952,152,0.42935,936,160,0.384736,920,216,0.293248,856,176,0.546508,968,200,0.431106,1008,224,0.378889,1024,256,0.16185,904,184,0.117331,928,304,0.300731,848,152,0.262312,0,0,0,992,336,0.332399,920,520,0.118731,0,0,0
2350,78.4117,864,200,0.280801,872,192,0.279795,856,192,0.328271,808,248,0.310967,848,184,0.227508,928,192,0.165557,880,256,0.339629,0,0,0,0,0,0,792,368,0.183343,0,0,0,0,0,0,0,0,0,0,0,0,0,0,0
2355,78.5785,0,0,0,0,0,0,0,0,0,0,0,0,0,0,0,0,0,0,0,0,0,0,0,0,0,0,0,776,568,0.102385,0,0,0,0,0,0,0,0,0,0,0,0,0,0,0
2360,78.7453,0,0,0,832,648,0.112008,824,648,0.108711,0,0,0,0,0,0,0,0,0,0,0,0,0,0,0,0,0,0,800,600,0.110406,0,0,0,0,0,0,0,0,0,0,0,0,0,0,0
2365,78.9122,0,0,0,0,0,0,0,0,0,0,0,0,0,0,0,0,0,0,0,0,0,0,0,0,0,0,0,0,0,0,0,0,0,0,0,0,0,0,0,0,0,0,0,0,0
2370,79.079,792,632,0.477087,792,624,0.465099,784,624,0.470186,760,640,0.315606,752,696,0.369255,768,776,0.181105,824,656,0.275652,0,0,0,0,0,0,760,728,0.274762,736,656,0.139931,784,760,0.135189,816,728,0.145286,0,0,0,0,0,0
2375,79.2458,0,0,0,816,624,0.122134,816,624,0.103858,0,0,0,752,656,0.114723,0,0,0,0,0,0,0,0,0,0,0,0,752,696,0.136938,736,624,0.250436,760,736,0.339508,0,0,0,0,0,0,808,744,0.107983
2380,79.4127,768,384,0.130737,768,376,0.126223,0,0,0,784,400,0.119211,0,0,0,0,0,0,0,0,0,0,0,0,0,0,0,760,496,0.150915,0,0,0,0,0,0,0,0,0,0,0,0,0,0,0
2385,79.5795,784,384,0.296979,792,384,0.274161,776,376,0.270304,768,440,0.177329,744,392,0.165855,0,0,0,808,416,0.264473,840,424,0.144214,0,0,0,752,512,0.275897,744,592,0.120399,752,696,0.223067,792,520,0.110675,0,0,0,0,0,0
2390,79.7463,768,392,0.245088,776,392,0.213717,768,384,0.21026,760,432,0.171872,728,432,0.141666,0,0,0,800,408,0.198159,824,448,0.122244,0,0,0,760,520,0.233917,744,616,0.127435,760,704,0.149721,792,520,0.113413,0,0,0,0,0,0
2395,79.9132,760,384,0.156164,760,384,0.155783,760,376,0.132988,0,0,0,792,304,0.118359,0,0,0,0,0,0,0,0,0,0,0,0,752,512,0.107944,0,0,0,0,0,0,0,0,0,0,0,0,0,0,0
2400,80.08,760,392,0.253271,760,384,0.235864,760,384,0.207268,776,432,0.129036,0,0,0,0,0,0,760,424,0.114452,824,432,0.129799,0,0,0,760,512,0.106445,752,576,0.120811,0,0,0,0,0,0,0,0,0,0,0,0
2405,80.2468,0,0,0,768,384,0.107511,0,0,0,0,0,0,0,0,0,0,0,0,0,0,0,0,0,0,0,0,0,0,0,0,0,0,0,0,0,0,0,0,0,0,0,0,0,0,0
2410,80.4137,792,424,0.13766,776,472,0.137042,0,0,0,800,456,0.15259,768,400,0.16668,784,360,0.109568,816,440,0.141486,848,424,0.102401,0,0,0,776,560,0.22247,0,0,0,0,0,0,0,0,0,0,0,0,0,0,0
2415,80.5805,0,0,0,0,0,0,0,0,0,0,0,0,832,200,0.12283,0,0,0,0,0,0,0,0,0,0,0,0,840,288,0.139098,0,0,0,0,0,0,0,0,0,0,0,0,0,0,0
2420,80.7473,880,112,0.647764,888,96,0.640978,864,104,0.583264,888,192,0.47764,840,192,0.295861,848,152,0.327137,1040,184,0.645415,1064,304,0.461006,928,328,0.301575,896,384,0.263438,0,0,0,0,0,0,968,392,0.240303,0,0,0,0,0,0
2425,80.9142,888,120,0.178041,912,328,0.140411,888,112,0.142117,888,184,0.154717,856,184,0.144577,904,344,0.150564,1008,184,0.117099,1000,248,0.123098,0,0,0,848,288,0.179895,0,0,0,0,0,0,960,320,0.156322,0,0,0,0,0,0
2430,81.081,904,96,0.740808,920,80,0.69795,896,80,0.75846,888,168,0.702988,832,248,0.38618,856,200,0.492189,1040,184,0.634834,1072,264,0.353706,1016,248,0.350349,904,336,0.605897,1072,488,0.135464,0,0,0,1016,352,0.525006,1144,392,0.141584,0,0,0
2435,81.2478,904,128,0.656372,912,112,0.598629,904,128,0.700151,904,216,0.624943,848,192,0.380208,856,200,0.312124,1048,200,0.538896,1096,296,0.361297,1072,368,0.331485,928,376,0.439393,0,0,0,0,0,0,1024,384,0.517597,1008,552,0.147606,0,0,0
2440,81.4147,904,112,0.626071,920,96,0.593321,904,112,0.676553,896,224,0.670261,896,336,0.284502,1008,400,0.263106,1056,200,0.733063,1096,304,0.477226,1064,392,0.563848,952,408,0.579056,944,544,0.225692,0,0,0,1064,400,0.663244,1056,560,0.366156,968,776,0.170593
2445,81.5815,984,128,0.314246,984,112,0.362736,968,112,0.342059,888,200,0.291794,856,200,0.180279,880,216,0.157857,1032,192,0.199101,0,0,0,0,0,0,984,384,0.204152,1016,448,0.113759,0,0,0,1048,376,0.180414,0,0,0,0,0,0
2450,81.7483,984,128,0.676239,984,112,0.735281,960,112,0.669815,896,192,0.500425,872,248,0.177268,888,232,0.102739,1040,208,0.475033,1080,304,0.249603,1072,376,0.169346,904,368,0.174382,0,0,0,0,0,0,1024,368,0.341957,0,0,0,0,0,0
2455,81.9152,688,504,0.137446,688,504,0.132343,680,504,0.137962,0,0,0,0,0,0,0,0,0,0,0,0,0,0,0,0,0,0,0,0,0,0,0,0,0,0,0,0,0,0,0,0,0,0,0,0
2460,82.082,928,152,0.474572,936,144,0.47786,920,144,0.435253,904,200,0.295216,856,152,0.383534,912,168,0.292792,1024,184,0.295131,888,120,0.139262,0,0,0,928,296,0.371433,0,0,0,0,0,0,1016,304,0.309762,1016,480,0.125508,0,0,0
2465,82.2488,736,560,0.177555,728,552,0.149898,720,552,0.162256,712,576,0.140036,640,632,0.116955,0,0,0,0,0,0,0,0,0,0,0,0,696,760,0.168259,0,0,0,0,0,0,0,0,0,0,0,0,0,0,0
2470,82.4157,944,152,0.46588,952,144,0.478529,944,144,0.415665,912,192,0.38623,848,160,0.427402,920,128,0.287114,968,200,0.280387,992,248,0.140444,920,168,0.106626,912,280,0.344845,848,144,0.164085,0,0,0,960,296,0.404716,928,360,0.323656,0,0,0
2475,82.5825,0,0,0,848,200,0.100377,0,0,0,0,0,0,0,0,0,0,0,0,0,0,0,0,0,0,0,0,0,0,0,0,0,0,0,0,0,0,0,0,0,0,0,0,0,0,0
2480,82.7493,976,240,0.25614,976,240,0.231644,968,224,0.291719,984,280,0.248793,944,216,0.207464,0,0,0,1008,280,0.234061,0,0,0,976,248,0.112136,984,352,0.147975,0,0,0,0,0,0,1024,352,0.157033,0,0,0,0,0,0
2485,82.9162,1000,240,0.618087,1008,232,0.568794,992,224,0.640625,976,272,0.556847,928,224,0.373089,936,256,0.19348,1016,288,0.525432,1056,344,0.188514,976,256,0.172692,984,360,0.266045,0,0,0,0,0,0,1024,368,0.274244,0,0,0,0,0,0
2490,83.083,0,0,0,0,0,0,0,0,0,0,0,0,0,0,0,0,0,0,0,0,0,0,0,0,0,0,0,0,0,0,0,0,0,0,0,0,0,0,0,0,0,0,0,0,0
2495,83.2498,0,0,0,0,0,0,0,0,0,0,0,0,0,0,0,0,0,0,0,0,0,0,0,0,0,0,0,800,336,0.111146,0,0,0,0,0,0,0,0,0,0,0,0,0,0,0
2500,83.4167,0,0,0,0,0,0,0,0,0,0,0,0,0,0,0,0,0,0,0,0,0,0,0,0,0,0,0,0,0,0,0,0,0,0,0,0,0,0,0,0,0,0,0,0,0
2505,83.5835,0,0,0,0,0,0,0,0,0,0,0,0,0,0,0,0,0,0,0,0,0,0,0,0,0,0,0,0,0,0,0,0,0,0,0,0,0,0,0,0,0,0,0,0,0
2510,83.7503,0,0,0,0,0,0,0,0,0,0,0,0,0,0,0,0,0,0,0,0,0,0,0,0,0,0,0,0,0,0,0,0,0,0,0,0,0,0,0,0,0,0,0,0,0
2515,83.9172,0,0,0,0,0,0,0,0,0,0,0,0,0,0,0,0,0,0,0,0,0,0,0,0,0,0,0,0,0,0,0,0,0,0,0,0,0,0,0,0,0,0,0,0,0
2520,84.084,0,0,0,0,0,0,0,0,0,0,0,0,0,0,0,0,0,0,0,0,0,0,0,0,0,0,0,0,0,0,0,0,0,0,0,0,0,0,0,0,0,0,0,0,0
2525,84.2508,0,0,0,0,0,0,0,0,0,0,0,0,0,0,0,0,0,0,0,0,0,0,0,0,0,0,0,792,424,0.115921,0,0,0,0,0,0,0,0,0,0,0,0,0,0,0
2530,84.4177,0,0,0,0,0,0,0,0,0,0,0,0,0,0,0,0,0,0,0,0,0,0,0,0,0,0,0,0,0,0,0,0,0,0,0,0,0,0,0,0,0,0,0,0,0
2535,84.5845,0,0,0,0,0,0,0,0,0,0,0,0,0,0,0,0,0,0,0,0,0,0,0,0,0,0,0,816,344,0.102252,0,0,0,0,0,0,0,0,0,0,0,0,0,0,0
2540,84.7513,888,128,0.198572,896,120,0.202845,888,120,0.186916,888,168,0.125323,856,240,0.226243,848,184,0.136595,936,240,0.106695,952,184,0.107469,0,0,0,872,272,0.201002,0,0,0,0,0,0,0,0,0,0,0,0,0,0,0
2545,84.9182,0,0,0,816,192,0.105186,0,0,0,0,0,0,864,248,0.111676,0,0,0,0,0,0,0,0,0,0,0,0,816,328,0.139775,0,0,0,0,0,0,0,0,0,0,0,0,0,0,0
2550,85.085,896,160,0.114542,912,160,0.124362,904,152,0.103001,0,0,0,0,0,0,0,0,0,976,208,0.133314,0,0,0,0,0,0,960,304,0.162957,0,0,0,0,0,0,0,0,0,0,0,0,0,0,0
2555,85.2518,872,168,0.581296,880,152,0.607179,872,160,0.592813,904,224,0.357099,840,216,0.328501,816,152,0.403417,984,192,0.366396,1008,240,0.177735,0,0,0,944,296,0.381985,904,328,0.128688,984,392,0.224991,1000,288,0.239865,0,0,0,1008,368,0.129106
2560,85.4187,912,136,0.3394,920,128,0.351623,912,128,0.384091,896,168,0.309023,864,192,0.327057,840,192,0.251958,944,152,0.301396,992,208,0.20184,936,184,0.111274,920,264,0.440854,1000,216,0.459506,952,376,0.27693,968,272,0.296685,1016,216,0.417464,1048,328,0.152304
2565,85.5855,928,160,0.342566,928,152,0.370029,920,152,0.373302,920,216,0.317982,888,208,0.251514,928,192,0.199335,984,200,0.293969,1008,216,0.130424,936,176,0.110114,944,296,0.436272,960,384,0.22802,976,384,0.145086,992,296,0.251653,1024,216,0.332031,1032,328,0.145262
2570,85.7523,936,168,0.354067,936,160,0.361571,928,160,0.371485,928,232,0.328835,896,224,0.302763,952,208,0.316943,976,200,0.3119,1016,224,0.309449,944,184,0.140638,944,304,0.526514,992,232,0.244886,952,408,0.253328,992,304,0.414354,1024,240,0.35941,1032,336,0.204303
2575,85.9192,912,160,0.34678,920,152,0.35479,896,152,0.363429,896,208,0.168387,864,192,0.162804,848,208,0.10447,992,200,0.205148,1016,216,0.186765,0,0,0,912,288,0.246423,1008,216,0.387934,960,384,0.152523,984,288,0.118006,1016,224,0.246527,984,360,0.303683
2580,86.086,904,176,0.426033,904,160,0.443828,888,176,0.461891,904,248,0.304963,888,272,0.16956,0,0,0,984,216,0.363421,1016,264,0.262916,0,0,0,960,344,0.228384,0,0,0,0,0,0,1000,328,0.143608,0,0,0,0,0,0
2585,86.2528,888,160,0.250622,896,160,0.245144,880,152,0.270174,864,184,0.221391,808,184,0.150412,888,168,0.113744,920,200,0.174444,928,192,0.127523,912,192,0.118006,888,256,0.252509,0,0,0,0,0,0,904,248,0.111142,0,0,0,0,0,0
2590,86.4197,904,176,0.767673,904,176,0.764641,888,176,0.817538,904,240,0.532142,848,184,0.208487,856,280,0.203612,968,232,0.751156,1016,224,0.498603,1056,248,0.247282,952,360,0.558783,1016,480,0.141795,0,0,0,1008,352,0.436971,0,0,0,0,0,0
2595,86.5865,848,192,0.712685,848,176,0.735377,840,192,0.752515,880,272,0.627253,880,336,0.193916,888,320,0.230896,968,216,0.681477,1016,248,0.542991,1064,264,0.397196,944,384,0.407287,1000,472,0.121052,0,0,0,1016,352,0.427084,0,0,0,0,0,0
2600,86.7533,872,184,0.677323,872,176,0.700991,856,184,0.706463,872,272,0.596363,824,232,0.234205,824,312,0.1962,960,216,0.672472,1008,224,0.461481,952,256,0.119802,936,360,0.37577,968,472,0.140945,0,0,0,1008,328,0.369611,1080,408,0.103851,0,0,0
2605,86.9202,856,192,0.744416,856,184,0.79684,848,192,0.786957,880,272,0.665322,864,312,0.280455,904,312,0.204935,960,216,0.695044,1000,256,0.405728,1056,264,0.199662,928,344,0.517235,952,240,0.279818,992,360,0.141069,1000,328,0.457182,992,232,0.230542,1024,360,0.128892
2610,87.087,864,192,0.619327,864,184,0.639884,848,192,0.661403,888,264,0.448638,816,248,0.340156,824,312,0.161497,960,224,0.48689,1008,256,0.287649,0,0,0,936,344,0.464596,960,424,0.105075,0,0,0,992,328,0.282823,0,0,0,976,392,0.120256
2615,87.2538,872,192,0.505823,872,184,0.503061,856,184,0.548443,888,264,0.342091,840,224,0.232748,848,216,0.137356,960,224,0.281875,1024,240,0.258163,0,0,0,944,344,0.348598,960,400,0.100499,0,0,0,992,328,0.146413,0,0,0,0,0,0
2620,87.4207,864,192,0.550204,864,184,0.569482,848,192,0.604873,888,264,0.454321,856,288,0.249751,848,288,0.240106,960,216,0.336741,1016,232,0.272177,0,0,0,944,360,0.282047,0,0,0,0,0,0,992,336,0.179639,0,0,0,0,0,0
2625,87.5875,864,184,0.422367,872,176,0.416753,856,184,0.452001,880,256,0.303956,824,200,0.141703,0,0,0,968,208,0.275068,1008,224,0.172962,0,0,0,944,328,0.13466,0,0,0,0,0,0,984,344,0.159377,0,0,0,0,0,0
2630,87.7543,848,192,0.600685,856,176,0.596913,840,184,0.61762,872,256,0.4185,872,336,0.290477,856,280,0.106471,960,208,0.40373,1008,232,0.248118,0,0,0,928,408,0.268124,0,0,0,0,0,0,984,384,0.182995,0,0,0,0,0,0
2635,87.9212,0,0,0,0,0,0,0,0,0,0,0,0,0,0,0,0,0,0,0,0,0,0,0,0,0,0,0,944,432,0.135663,0,0,0,0,0,0,0,0,0,0,0,0,0,0,0
2640,88.088,0,0,0,0,0,0,0,0,0,0,0,0,0,0,0,0,0,0,0,0,0,0,0,0,0,0,0,0,0,0,0,0,0,0,0,0,0,0,0,0,0,0,0,0,0
2645,88.2548,856,192,0.389626,864,176,0.405998,848,184,0.414925,888,248,0.184296,824,240,0.138864,0,0,0,968,216,0.192494,1024,224,0.127202,0,0,0,952,352,0.153778,992,216,0.162227,0,0,0,984,352,0.135356,0,0,0,0,0,0
2650,88.4217,0,0,0,0,0,0,0,0,0,0,0,0,0,0,0,0,0,0,0,0,0,0,0,0,0,0,0,0,0,0,0,0,0,0,0,0,0,0,0,0,0,0,0,0,0
2655,88.5885,872,192,0.145791,880,192,0.151518,872,192,0.131667,0,0,0,0,0,0,0,0,0,952,216,0.112023,0,0,0,0,0,0,936,336,0.120558,0,0,0,0,0,0,0,0,0,0,0,0,0,0,0
2660,88.7553,880,168,0.271996,880,160,0.282225,872,160,0.282728,872,208,0.167352,832,208,0.184843,0,0,0,952,200,0.248759,992,232,0.191232,0,0,0,928,296,0.364079,952,256,0.101263,952,432,0.132626,984,296,0.190051,976,248,0.169246,1008,384,0.142288
2665,88.9222,856,192,0.608111,864,176,0.590647,848,192,0.595983,880,256,0.31315,824,248,0.151709,0,0,0,992,224,0.361465,1032,280,0.137497,0,0,0,0,0,0,0,0,0,0,0,0,0,0,0,0,0,0,0,0,0
2670,89.089,888,192,0.664557,896,184,0.726918,872,192,0.650112,896,272,0.478506,848,240,0.338172,832,208,0.130428,1008,240,0.538963,1032,312,0.22657,0,0,0,944,376,0.166445,0,0,0,968,448,0.118057,1024,400,0.223864,0,0,0,0,0,0
2675,89.2558,872,184,0.572097,872,176,0.600892,872,184,0.545743,912,248,0.388564,848,248,0.230904,824,208,0.120398,992,216,0.416582,1000,256,0.274409,984,256,0.146347,944,320,0.169333,0,0,0,0,0,0,1000,320,0.129558,0,0,0,0,0,0
2680,89.4227,880,184,0.230313,880,176,0.23697,872,184,0.213953,880,248,0.151875,824,256,0.112611,0,0,0,1000,224,0.269065,1008,272,0.155806,0,0,0,0,0,0,0,0,0,0,0,0,0,0,0,0,0,0,0,0,0
2685,89.5895,912,176,0.300643,920,168,0.314989,904,176,0.291571,896,224,0.123287,840,232,0.137614,0,0,0,1000,216,0.196167,0,0,0,0,0,0,0,0,0,0,0,0,0,0,0,0,0,0,0,0,0,0,0,0
2690,89.7563,0,0,0,0,0,0,0,0,0,0,0,0,0,0,0,0,0,0,0,0,0,0,0,0,0,0,0,0,0,0,0,0,0,0,0,0,0,0,0,0,0,0,0,0,0
2695,89.9232,1048,144,0.456019,1056,128,0.448547,1048,136,0.418012,1040,216,0.112512,896,184,0.127547,1024,144,0.115088,1096,184,0.119663,0,0,0,0,0,0,0,0,0,0,0,0,0,0,0,0,0,0,0,0,0,0,0,0
2700,90.09,984,128,0.291954,984,120,0.353382,976,120,0.321313,936,216,0.127,880,248,0.102236,0,0,0,1048,192,0.160943,1096,80,0.192265,1016,136,0.240409,0,0,0,0,0,0,0,0,0,0,0,0,1120,80,0.268885,0,0,0
2705,90.2568,1000,136,0.540635,1000,120,0.58056,984,120,0.61421,952,184,0.363827,928,176,0.225274,944,208,0.19225,1048,184,0.335827,1112,72,0.460616,1000,112,0.556803,952,280,0.131079,0,0,0,0,0,0,0,0,0,0,0,0,0,0,0
2710,90.4237,1024,128,0.114211,1016,120,0.129004,1008,120,0.131765,0,0,0,1120,72,0.100461,0,0,0,0,0,0,0,0,0,0,0,0,0,0,0,1128,48,0.108831,0,0,0,0,0,0,0,0,0,0,0,0
2715,90.5905,1032,160,0.785973,1032,136,0.843682,1016,136,0.848126,904,232,0.738006,840,272,0.410891,872,272,0.244206,1072,224,0.525123,1088,176,0.170684,1064,152,0.19075,872,440,0.382599,0,0,0,0,0,0,1016,456,0.313708,0,0,0,0,0,0
2720,90.7573,1024,168,0.729281,1032,144,0.762035,1008,144,0.754979,920,208,0.707702,880,288,0.416684,960,240,0.275889,1048,216,0.564473,1160,128,0.523906,1040,152,0.440417,856,408,0.263519,904,200,0.147157,0,0,0,992,416,0.207726,0,0,0,0,0,0
2725,90.9242,1072,152,0.302545,1080,144,0.302011,1072,136,0.330764,976,192,0.134802,960,200,0.414311,1056,176,0.285007,1032,208,0.150645,1120,288,0.134105,0,0,0,928,288,0.152511,0,0,0,0,0,0,0,0,0,0,0,0,0,0,0
2730,91.091,0,0,0,0,0,0,0,0,0,0,0,0,0,0,0,0,0,0,0,0,0,0,0,0,0,0,0,0,0,0,0,0,0,0,0,0,0,0,0,0,0,0,0,0,0
2735,91.2578,1088,176,0.690024,1096,168,0.625805,1088,160,0.702128,1000,200,0.661294,904,264,0.515727,920,320,0.39472,1120,224,0.197576,0,0,0,0,0,0,888,312,0.408383,848,312,0.530211,856,400,0.370239,960,328,0.159457,0,0,0,0,0,0
2740,91.4247,960,280,0.419298,968,264,0.359806,952,264,0.393322,912,304,0.339894,880,344,0.276332,888,296,0.154376,936,304,0.215457,960,320,0.13082,920,288,0.109849,816,568,0.278034,0,0,0,0,0,0,0,0,0,0,0,0,0,0,0
2745,91.5915,1120,248,0.371342,1136,248,0.225603,1128,232,0.306995,1088,216,0.423159,1024,288,0.294142,1032,368,0.121903,0,0,0,0,0,0,0,0,0,944,280,0.30613,896,272,0.527687,920,400,0.525183,984,312,0.118089,0,0,0,960,384,0.152126
2750,91.7583,1056,216,0.189099,1056,200,0.1892,1056,200,0.184126,920,288,0.202742,928,272,0.248656,904,344,0.165299,1088,216,0.144378,0,0,0,0,0,0,928,296,0.157432,1024,216,0.125424,0,0,0,1024,360,0.122718,0,0,0,0,0,0
2755,91.9252,0,0,0,0,0,0,0,0,0,952,256,0.134454,912,304,0.188149,0,0,0,0,0,0,0,0,0,0,0,0,912,288,0.108135,920,256,0.260674,920,368,0.189325,0,0,0,0,0,0,920,392,0.143458
2760,92.092,0,0,0,888,296,0.125251,0,0,0,856,312,0.128054,808,336,0.14183,0,0,0,0,0,0,0,0,0,0,0,0,0,0,0,0,0,0,0,0,0,0,0,0,0,0,0,0,0,0
2765,92.2588,0,0,0,0,0,0,0,0,0,944,264,0.240323,944,288,0.26325,912,288,0.112357,1008,256,0.142866,0,0,0,0,0,0,928,312,0.242265,944,248,0.206378,928,384,0.106353,984,368,0.114338,0,0,0,0,0,0
2770,92.4257,0,0,0,0,0,0,0,0,0,0,0,0,0,0,0,0,0,0,0,0,0,0,0,0,0,0,0,0,0,0,0,0,0,0,0,0,0,0,0,0,0,0,0,0,0
2775,92.5925,0,0,0,0,0,0,0,0,0,928,280,0.16208,912,352,0.233572,0,0,0,0,0,0,0,0,0,0,0,0,912,312,0.105724,920,256,0.334284,928,392,0.168213,0,0,0,0,0,0,0,0,0
2780,92.7593,912,248,0.110094,0,0,0,928,248,0.145162,912,280,0.304742,912,312,0.323251,1032,224,0.317236,992,272,0.156232,0,0,0,0,0,0,912,304,0.113986,904,264,0.281777,0,0,0,0,0,0,0,0,0,0,0,0
2785,92.9262,896,272,0.39437,904,272,0.393016,880,264,0.395331,864,288,0.465594,840,328,0.236418,792,320,0.179101,920,304,0.33215,920,344,0.254688,904,288,0.125903,880,376,0.293678,880,352,0.13346,920,416,0.177014,904,376,0.174213,920,360,0.119612,920,416,0.175597
